<?xml version="1.0" encoding="UTF-8" standalone="yes"?>
<processModelFolderHaul xmlns:a="http://www.appian.com/ae/types/2009">
    <versionUuid>3af05c39-22c5-4f50-b2a2-da255b092817</versionUuid>
    <processModelFolder>
        <name>SA Process Models</name>
        <uuid>19054fee-2cbb-49f5-800d-d9fdfbb66a54</uuid>
        <description>Stores process models for the application</description>
    </processModelFolder>
    <roleMap>
        <role name="ADMIN_OWNER">
            <users/>
            <groups>
                <groupUuid>45cbc61c-0474-4c75-8505-796d36d8e26e</groupUuid>
            </groups>
        </role>
        <role name="EDITOR">
            <users/>
            <groups/>
        </role>
        <role name="EXPLICIT_NONMEMBER">
            <users/>
            <groups/>
        </role>
        <role name="VIEWER">
            <users/>
            <groups>
                <groupUuid>a1a3e2a1-e856-4284-a601-8360e1515230</groupUuid>
            </groups>
        </role>
        <role name="MANAGER">
            <users/>
            <groups/>
        </role>
        <role name="INITIATOR">
            <users/>
            <groups/>
        </role>
    </roleMap>
    <history>
        <historyInfo versionUuid="3af05c39-22c5-4f50-b2a2-da255b092817"/>
    </history>
</processModelFolderHaul>
