<?xml version="1.0" encoding="UTF-8"?>
<portalHaul xmlns:a="http://www.appian.com/ae/types/2009">
  <versionUuid>ddfbdeda-d47c-4b71-9c6d-0fe5ac933cfd</versionUuid>
  <portal a:uuid="c00911df-9f16-48ff-8040-8b93b046415c" name="Sales Automation">
    <description>This portal provides a form for end user to submit their requirments </description>
    <published>false</published>
    <displayName>Sales Automation</displayName>
    <urlStub>enquiry-portal</urlStub>
    <serviceAccountUser a:uuid="service.users"
      xmlns:xsi="http://www.w3.org/2001/XMLSchema-instance" xsi:type="a:User"/>
    <buttonShape>SQUARED</buttonShape>
    <inputShape>SQUARED</inputShape>
    <accentColor>#008080</accentColor>
    <loadingBarColor>#008080</loadingBarColor>
    <favicon a:uuid="_a-0000ec26-e8e9-8000-9ca6-011c48011c48_264637"
      xmlns:xsi="http://www.w3.org/2001/XMLSchema-instance" xsi:type="a:CollaborationDocument"/>
    <pwaEnabled>false</pwaEnabled>
    <showNavigation>false</showNavigation>
    <primaryNavLayoutType>TOPBAR</primaryNavLayoutType>
    <primaryNavShowDisplayName>false</primaryNavShowDisplayName>
    <navigationNode a:uuid="90bcb02c-a337-494b-9d65-e2de41117d44">
      <staticName>Home Page</staticName>
      <description/>
      <urlStub>Home_Page</urlStub>
      <uiObject a:uuid="_a-0000ec26-e8e9-8000-9ca6-011c48011c48_264601"
        xmlns:xsi="http://www.w3.org/2001/XMLSchema-instance" xsi:type="a:ContentFreeformRule"/>
      <iconId>f417</iconId>
      <visibilityExpr>true</visibilityExpr>
      <pageWidth>FULL</pageWidth>
      <navigationNodeRuleInput a:uuid="3efeb61e-4a84-4be9-8a9c-b828445c3e93">
        <ruleInputName>age</ruleInputName>
        <allowQueryParameter>true</allowQueryParameter>
        <defaultValue/>
        <urlParamName>age</urlParamName>
      </navigationNodeRuleInput>
      <areUrlParamsEncrypted>true</areUrlParamsEncrypted>
    </navigationNode>
  </portal>
  <roleMap>
    <role name="portal_viewer">
      <users/>
      <groups>
        <groupUuid>a1a3e2a1-e856-4284-a601-8360e1515230</groupUuid>
      </groups>
    </role>
    <role name="portal_administrator">
      <users/>
      <groups>
        <groupUuid>45cbc61c-0474-4c75-8505-796d36d8e26e</groupUuid>
      </groups>
    </role>
  </roleMap>
  <history>
    <historyInfo versionUuid="a09c3b05-24a8-4657-ab40-9962e159bbd3"/>
    <historyInfo versionUuid="371a4f60-eb23-4574-b4ec-53d74f2605b1"/>
    <historyInfo versionUuid="264fb626-1f11-41cc-b066-59450349da2d"/>
    <historyInfo versionUuid="61b421c0-3fab-4a1c-8631-8911c7f769ee"/>
    <historyInfo versionUuid="228092ca-010e-442f-b51a-c015982add5e"/>
    <historyInfo versionUuid="7d86f56b-7d85-4390-a595-8d72dc6ff229"/>
    <historyInfo versionUuid="ddfbdeda-d47c-4b71-9c6d-0fe5ac933cfd"/>
  </history>
</portalHaul>
