<?xml version="1.0" encoding="UTF-8"?>
<portalHaul xmlns:a="http://www.appian.com/ae/types/2009">
  <versionUuid>95eef43e-be4f-4422-8b88-8959a8bdde72</versionUuid>
  <portal a:uuid="c404cca2-f702-4c65-a988-2723731d20ea" name="SA Home Page">
    <description>This is the home page portal. </description>
    <published>false</published>
    <displayName>HomePage</displayName>
    <urlStub>Home</urlStub>
    <serviceAccountUser a:uuid="Customer"
      xmlns:xsi="http://www.w3.org/2001/XMLSchema-instance" xsi:type="a:User"/>
    <buttonShape>ROUNDED</buttonShape>
    <inputShape>SEMI_ROUNDED</inputShape>
    <accentColor>#008080</accentColor>
    <favicon a:uuid="_a-0000ec26-e8e9-8000-9ca6-011c48011c48_264637"
      xmlns:xsi="http://www.w3.org/2001/XMLSchema-instance" xsi:type="a:CollaborationDocument"/>
    <pwaEnabled>false</pwaEnabled>
    <showNavigation>false</showNavigation>
    <primaryNavLayoutType>TOPBAR</primaryNavLayoutType>
    <primaryNavShowDisplayName>false</primaryNavShowDisplayName>
    <navigationNode a:uuid="da237e54-0a58-400a-851a-a28cf42d78d5">
      <staticName>Sales Automation </staticName>
      <description/>
      <urlStub>home</urlStub>
      <uiObject a:uuid="_a-0000ec26-e8e9-8000-9ca6-011c48011c48_264601"
        xmlns:xsi="http://www.w3.org/2001/XMLSchema-instance" xsi:type="a:ContentFreeformRule"/>
      <iconId>f015</iconId>
      <visibilityExpr>true</visibilityExpr>
      <pageWidth>FULL</pageWidth>
      <areUrlParamsEncrypted>true</areUrlParamsEncrypted>
    </navigationNode>
  </portal>
  <roleMap>
    <role name="portal_viewer">
      <users/>
      <groups>
        <groupUuid>a1a3e2a1-e856-4284-a601-8360e1515230</groupUuid>
      </groups>
    </role>
    <role name="portal_administrator">
      <users/>
      <groups>
        <groupUuid>45cbc61c-0474-4c75-8505-796d36d8e26e</groupUuid>
      </groups>
    </role>
  </roleMap>
  <history>
    <historyInfo versionUuid="da273353-ddd9-46d8-a28e-b36780bf8c35"/>
    <historyInfo versionUuid="9d8947a8-ab7f-4b2f-8e91-0e402c2198fd"/>
    <historyInfo versionUuid="95eef43e-be4f-4422-8b88-8959a8bdde72"/>
  </history>
</portalHaul>
