<?xml version="1.0" encoding="UTF-8"?>
<recordTypeHaul xmlns:a="http://www.appian.com/ae/types/2009" xmlns:xsi="http://www.w3.org/2001/XMLSchema-instance">
  <versionUuid>3d8c25e7-9179-4734-8f54-d11e93e33e11</versionUuid>
  <recordType a:uuid="1c2f650b-ac49-4aac-ae9e-964bc6fd7ef0" name="SA Sales Operation Team Appointment">
    <a:pluralName>Sales Operation Team Appointments</a:pluralName>
    <a:description>Sales Operation Team Appointments Details</a:description>
    <a:urlStub>c0MNHQ</a:urlStub>
    <a:source xsi:type="a:RecordsReplica"/>
    <a:listViewTemplateExpr>#"SYSTEM_SYSRULES_recordGridField"(
  columns: {
    #"SYSTEM_SYSRULES_gridColumn"(
      label: "Appointment Id",
      sortField: #"urn:appian:record-field:v1:1c2f650b-ac49-4aac-ae9e-964bc6fd7ef0/6eb37cfd-3acc-4671-aa39-1aac730bdf10",
      value: fv!row[#"urn:appian:record-field:v1:1c2f650b-ac49-4aac-ae9e-964bc6fd7ef0/6eb37cfd-3acc-4671-aa39-1aac730bdf10"],
      align: "END"
    ),
    #"SYSTEM_SYSRULES_gridColumn"(
      label: "Appointed Member",
      sortField: #"urn:appian:record-field:v1:1c2f650b-ac49-4aac-ae9e-964bc6fd7ef0/96b40237-c643-4cb7-9a64-f4a39bb826f6",
      value: #"SYSTEM_SYSRULES_linkField"(
        links: {
          #"SYSTEM_SYSRULES_recordLink"(
            label: fv!row[#"urn:appian:record-field:v1:1c2f650b-ac49-4aac-ae9e-964bc6fd7ef0/96b40237-c643-4cb7-9a64-f4a39bb826f6"],
            recordType: #"urn:appian:record-type:v1:1c2f650b-ac49-4aac-ae9e-964bc6fd7ef0",
            identifier: fv!identifier
          )
        }
      )
    ),
    #"SYSTEM_SYSRULES_gridColumn"(
      label: "Appointment Date",
      sortField: #"urn:appian:record-field:v1:1c2f650b-ac49-4aac-ae9e-964bc6fd7ef0/8a55eded-1d1f-469c-9882-fc3cbb7567a1",
      value: fv!row[#"urn:appian:record-field:v1:1c2f650b-ac49-4aac-ae9e-964bc6fd7ef0/8a55eded-1d1f-469c-9882-fc3cbb7567a1"],
      align: "END"
    ),
    #"SYSTEM_SYSRULES_gridColumn"(
      label: "Appointment Time",
      sortField: #"urn:appian:record-field:v1:1c2f650b-ac49-4aac-ae9e-964bc6fd7ef0/cfc3014a-af99-4e5f-a47d-8e433f66dfd2",
      value: fv!row[#"urn:appian:record-field:v1:1c2f650b-ac49-4aac-ae9e-964bc6fd7ef0/cfc3014a-af99-4e5f-a47d-8e433f66dfd2"]
    ),
    #"SYSTEM_SYSRULES_gridColumn"(
      label: "Status",
      sortField: #"urn:appian:record-field:v1:1c2f650b-ac49-4aac-ae9e-964bc6fd7ef0/c05807b7-fa85-484d-9c11-9616c306152d",
      value: fv!row[#"urn:appian:record-field:v1:1c2f650b-ac49-4aac-ae9e-964bc6fd7ef0/c05807b7-fa85-484d-9c11-9616c306152d"]
    ),
    #"SYSTEM_SYSRULES_gridColumn"(
      label: "SOT Comments",
      sortField: #"urn:appian:record-field:v1:1c2f650b-ac49-4aac-ae9e-964bc6fd7ef0/33087414-b890-4ad4-909d-b258608650fd",
      value: fv!row[#"urn:appian:record-field:v1:1c2f650b-ac49-4aac-ae9e-964bc6fd7ef0/33087414-b890-4ad4-909d-b258608650fd"]
    ),
    #"SYSTEM_SYSRULES_gridColumn"(
      label: "Created By",
      sortField: #"urn:appian:record-field:v1:1c2f650b-ac49-4aac-ae9e-964bc6fd7ef0/f5f1f598-aabc-4906-9a9d-f5f0b46868b8",
      value: fv!row[#"urn:appian:record-field:v1:1c2f650b-ac49-4aac-ae9e-964bc6fd7ef0/f5f1f598-aabc-4906-9a9d-f5f0b46868b8"]
    ),
    #"SYSTEM_SYSRULES_gridColumn"(
      label: "Created On",
      sortField: #"urn:appian:record-field:v1:1c2f650b-ac49-4aac-ae9e-964bc6fd7ef0/d11d01d1-8644-4032-adca-88aa4020ede9",
      value: if(
      isnull(fv!row[#"urn:appian:record-field:v1:1c2f650b-ac49-4aac-ae9e-964bc6fd7ef0/d11d01d1-8644-4032-adca-88aa4020ede9"]),
      fv!row[#"urn:appian:record-field:v1:1c2f650b-ac49-4aac-ae9e-964bc6fd7ef0/d11d01d1-8644-4032-adca-88aa4020ede9"],
      datetext(fv!row[#"urn:appian:record-field:v1:1c2f650b-ac49-4aac-ae9e-964bc6fd7ef0/d11d01d1-8644-4032-adca-88aa4020ede9"], "default")
      ),
      align: "END"
    ),
    #"SYSTEM_SYSRULES_gridColumn"(
      label: "Modified By",
      sortField: #"urn:appian:record-field:v1:1c2f650b-ac49-4aac-ae9e-964bc6fd7ef0/3727f164-b9ff-49f7-83a8-b393819372b2",
      value: fv!row[#"urn:appian:record-field:v1:1c2f650b-ac49-4aac-ae9e-964bc6fd7ef0/3727f164-b9ff-49f7-83a8-b393819372b2"]
    ),
    #"SYSTEM_SYSRULES_gridColumn"(
      label: "Modified On",
      sortField: #"urn:appian:record-field:v1:1c2f650b-ac49-4aac-ae9e-964bc6fd7ef0/1cd338bf-76d5-4f08-a0fe-d185cb8c5bb0",
      value: if(
      isnull(fv!row[#"urn:appian:record-field:v1:1c2f650b-ac49-4aac-ae9e-964bc6fd7ef0/1cd338bf-76d5-4f08-a0fe-d185cb8c5bb0"]),
      fv!row[#"urn:appian:record-field:v1:1c2f650b-ac49-4aac-ae9e-964bc6fd7ef0/1cd338bf-76d5-4f08-a0fe-d185cb8c5bb0"],
      datetext(fv!row[#"urn:appian:record-field:v1:1c2f650b-ac49-4aac-ae9e-964bc6fd7ef0/1cd338bf-76d5-4f08-a0fe-d185cb8c5bb0"], "default")
      ),
      align: "END"
    )
  },
  pageSize: 50,
  shadeAlternateRows: true
)</a:listViewTemplateExpr>
    <a:detailViewCfg>
      <a:nameExpr>#"SYSTEM_SYSRULES_rtd_getDefaultSummaryViewName"()</a:nameExpr>
      <a:uiExpr/>
      <a:visibilityExpr>=true()</a:visibilityExpr>
      <a:urlStub>summary</a:urlStub>
      <a:headerExpr/>
      <a:recordActionLaunchType>DIALOG</a:recordActionLaunchType>
      <a:recordUiSecurityType>EXPRESSION</a:recordUiSecurityType>
    </a:detailViewCfg>
    <a:isSystem>false</a:isSystem>
    <a:dataSrcExpr/>
    <a:facetsListExpr/>
    <a:titleExpr>rv!record[#"urn:appian:record-field:v1:1c2f650b-ac49-4aac-ae9e-964bc6fd7ef0/96b40237-c643-4cb7-9a64-f4a39bb826f6"]</a:titleExpr>
    <a:defaultFiltersExpr/>
    <a:layoutType>GRID</a:layoutType>
    <a:security>16383</a:security>
    <a:hideLatestNews>false</a:hideLatestNews>
    <a:hideNewsView>false</a:hideNewsView>
    <a:hideRelatedActionsView>false</a:hideRelatedActionsView>
    <a:isExportable>true</a:isExportable>
    <a:listViewSrcExpr/>
    <a:recordViewSrcExpr/>
    <a:recordTypeSearchCfg>
      <searchFieldsSrc>DEFAULT</searchFieldsSrc>
      <placeholderSrc>DEFAULT</placeholderSrc>
      <placeholder/>
    </a:recordTypeSearchCfg>
    <a:iconId/>
    <a:listAutoRefreshInterval>0.0</a:listAutoRefreshInterval>
    <a:sourceConfiguration>
      <sourceUuid>SA_SALES_OPERATION_TEAM_APPOINTMENT@jdbc/Appian</sourceUuid>
      <sourceType>RDBMS_TABLE</sourceType>
      <sourceSubType>NONE</sourceSubType>
      <friendlyName>SA_SALES_OPERATION_TEAM_APPOINTMENT</friendlyName>
      <sourceFilterExpr/>
      <field>
        <uuid>6eb37cfd-3acc-4671-aa39-1aac730bdf10</uuid>
        <type>{http://www.appian.com/ae/types/2009}Integer</type>
        <sourceFieldName>APPOINTMENT_ID</sourceFieldName>
        <sourceFieldType>INTEGER</sourceFieldType>
        <fieldName>appointmentId</fieldName>
        <isRecordId>true</isRecordId>
        <isUnique>true</isUnique>
        <isCustomField>false</isCustomField>
        <customFieldExpr/>
        <customFieldDefaultValueStr>null</customFieldDefaultValueStr>
        <fieldCalculationType>NA</fieldCalculationType>
        <fieldTemplateType>NA</fieldTemplateType>
        <isRollingSyncSortField>false</isRollingSyncSortField>
      </field>
      <field>
        <uuid>96b40237-c643-4cb7-9a64-f4a39bb826f6</uuid>
        <type>{http://www.appian.com/ae/types/2009}Text</type>
        <sourceFieldName>APPOINTED_MEMBER</sourceFieldName>
        <sourceFieldType>VARCHAR(255)</sourceFieldType>
        <fieldName>appointedMember</fieldName>
        <isRecordId>false</isRecordId>
        <isUnique>false</isUnique>
        <isCustomField>false</isCustomField>
        <customFieldExpr/>
        <customFieldDefaultValueStr>null</customFieldDefaultValueStr>
        <fieldCalculationType>NA</fieldCalculationType>
        <fieldTemplateType>NA</fieldTemplateType>
        <isRollingSyncSortField>false</isRollingSyncSortField>
      </field>
      <field>
        <uuid>8a55eded-1d1f-469c-9882-fc3cbb7567a1</uuid>
        <type>{http://www.appian.com/ae/types/2009}Date</type>
        <sourceFieldName>APPOINTMENT_DATE</sourceFieldName>
        <sourceFieldType>DATE</sourceFieldType>
        <fieldName>appointmentDate</fieldName>
        <isRecordId>false</isRecordId>
        <isUnique>false</isUnique>
        <isCustomField>false</isCustomField>
        <customFieldExpr/>
        <customFieldDefaultValueStr>null</customFieldDefaultValueStr>
        <fieldCalculationType>NA</fieldCalculationType>
        <fieldTemplateType>NA</fieldTemplateType>
        <isRollingSyncSortField>false</isRollingSyncSortField>
      </field>
      <field>
        <uuid>cfc3014a-af99-4e5f-a47d-8e433f66dfd2</uuid>
        <type>{http://www.appian.com/ae/types/2009}Text</type>
        <sourceFieldName>APPOINTMENT_TIME</sourceFieldName>
        <sourceFieldType>VARCHAR(255)</sourceFieldType>
        <fieldName>appointmentTime</fieldName>
        <isRecordId>false</isRecordId>
        <isUnique>false</isUnique>
        <isCustomField>false</isCustomField>
        <customFieldExpr/>
        <customFieldDefaultValueStr>null</customFieldDefaultValueStr>
        <fieldCalculationType>NA</fieldCalculationType>
        <fieldTemplateType>NA</fieldTemplateType>
        <isRollingSyncSortField>false</isRollingSyncSortField>
      </field>
      <field>
        <uuid>c05807b7-fa85-484d-9c11-9616c306152d</uuid>
        <type>{http://www.appian.com/ae/types/2009}Text</type>
        <sourceFieldName>STATUS</sourceFieldName>
        <sourceFieldType>VARCHAR(255)</sourceFieldType>
        <fieldName>status</fieldName>
        <isRecordId>false</isRecordId>
        <isUnique>false</isUnique>
        <isCustomField>false</isCustomField>
        <customFieldExpr/>
        <customFieldDefaultValueStr>null</customFieldDefaultValueStr>
        <fieldCalculationType>NA</fieldCalculationType>
        <fieldTemplateType>NA</fieldTemplateType>
        <isRollingSyncSortField>false</isRollingSyncSortField>
      </field>
      <field>
        <uuid>33087414-b890-4ad4-909d-b258608650fd</uuid>
        <type>{http://www.appian.com/ae/types/2009}Text</type>
        <sourceFieldName>SOTCOMMENTS</sourceFieldName>
        <sourceFieldType>VARCHAR(4000)</sourceFieldType>
        <fieldName>SOTComments</fieldName>
        <isRecordId>false</isRecordId>
        <isUnique>false</isUnique>
        <isCustomField>false</isCustomField>
        <customFieldExpr/>
        <customFieldDefaultValueStr>null</customFieldDefaultValueStr>
        <fieldCalculationType>NA</fieldCalculationType>
        <fieldTemplateType>NA</fieldTemplateType>
        <isRollingSyncSortField>false</isRollingSyncSortField>
      </field>
      <field>
        <uuid>f5f1f598-aabc-4906-9a9d-f5f0b46868b8</uuid>
        <type>{http://www.appian.com/ae/types/2009}User</type>
        <sourceFieldName>CREATED_BY</sourceFieldName>
        <sourceFieldType>VARCHAR(255)</sourceFieldType>
        <fieldName>createdBy</fieldName>
        <isRecordId>false</isRecordId>
        <isUnique>false</isUnique>
        <isCustomField>false</isCustomField>
        <customFieldExpr/>
        <customFieldDefaultValueStr>null</customFieldDefaultValueStr>
        <fieldCalculationType>NA</fieldCalculationType>
        <fieldTemplateType>NA</fieldTemplateType>
        <isRollingSyncSortField>false</isRollingSyncSortField>
      </field>
      <field>
        <uuid>d11d01d1-8644-4032-adca-88aa4020ede9</uuid>
        <type>{http://www.appian.com/ae/types/2009}Datetime</type>
        <sourceFieldName>CREATED_ON</sourceFieldName>
        <sourceFieldType>TIMESTAMP</sourceFieldType>
        <fieldName>createdOn</fieldName>
        <isRecordId>false</isRecordId>
        <isUnique>false</isUnique>
        <isCustomField>false</isCustomField>
        <customFieldExpr/>
        <customFieldDefaultValueStr>null</customFieldDefaultValueStr>
        <fieldCalculationType>NA</fieldCalculationType>
        <fieldTemplateType>NA</fieldTemplateType>
        <isRollingSyncSortField>false</isRollingSyncSortField>
      </field>
      <field>
        <uuid>3727f164-b9ff-49f7-83a8-b393819372b2</uuid>
        <type>{http://www.appian.com/ae/types/2009}User</type>
        <sourceFieldName>MODIFIED_BY</sourceFieldName>
        <sourceFieldType>VARCHAR(255)</sourceFieldType>
        <fieldName>modifiedBy</fieldName>
        <isRecordId>false</isRecordId>
        <isUnique>false</isUnique>
        <isCustomField>false</isCustomField>
        <customFieldExpr/>
        <customFieldDefaultValueStr>null</customFieldDefaultValueStr>
        <fieldCalculationType>NA</fieldCalculationType>
        <fieldTemplateType>NA</fieldTemplateType>
        <isRollingSyncSortField>false</isRollingSyncSortField>
      </field>
      <field>
        <uuid>1cd338bf-76d5-4f08-a0fe-d185cb8c5bb0</uuid>
        <type>{http://www.appian.com/ae/types/2009}Datetime</type>
        <sourceFieldName>MODIFIED_ON</sourceFieldName>
        <sourceFieldType>TIMESTAMP</sourceFieldType>
        <fieldName>modifiedOn</fieldName>
        <isRecordId>false</isRecordId>
        <isUnique>false</isUnique>
        <isCustomField>false</isCustomField>
        <customFieldExpr/>
        <customFieldDefaultValueStr>null</customFieldDefaultValueStr>
        <fieldCalculationType>NA</fieldCalculationType>
        <fieldTemplateType>NA</fieldTemplateType>
        <isRollingSyncSortField>false</isRollingSyncSortField>
      </field>
      <uuid>28e6968b-de44-4e65-8092-357207325dbd</uuid>
      <refreshSchedule>
        <frequency>DAILY</frequency>
        <value>{"hour":3,"minute":"00","amPM":"AM","timeZone":"IST","version":"v1"}</value>
        <activated>false</activated>
      </refreshSchedule>
      <skipFailureEnabled>true</skipFailureEnabled>
      <recordIdGeneratorUuid/>
    </a:sourceConfiguration>
    <a:enabledFeatures>255</a:enabledFeatures>
    <a:isVisibleInRecordTypeList>false</a:isVisibleInRecordTypeList>
    <a:recordActionLaunchType>DIALOG</a:recordActionLaunchType>
    <a:showSearchBox>true</a:showSearchBox>
    <a:isVisibleInDataFabric>false</a:isVisibleInDataFabric>
    <a:usesRollingSyncLimit>false</a:usesRollingSyncLimit>
  </recordType>
  <roleMap>
    <role name="record_type_administrator">
      <users/>
      <groups>
        <groupUuid>45cbc61c-0474-4c75-8505-796d36d8e26e</groupUuid>
      </groups>
    </role>
    <role name="record_type_viewer">
      <users/>
      <groups>
        <groupUuid>a1a3e2a1-e856-4284-a601-8360e1515230</groupUuid>
      </groups>
    </role>
  </roleMap>
  <history>
    <historyInfo versionUuid="0ea4e810-a7dc-46e2-86c5-77bd64186665"/>
    <historyInfo versionUuid="0bdd523b-01ea-44f8-b0b6-7fd6fbeeee72"/>
    <historyInfo versionUuid="9ba4595a-04bd-455a-81b9-acba15f143a1"/>
    <historyInfo versionUuid="233ec5eb-ac39-459c-a3e6-ee5d63843c09"/>
    <historyInfo versionUuid="3d8c25e7-9179-4734-8f54-d11e93e33e11"/>
  </history>
  <migrationVersion>1</migrationVersion>
</recordTypeHaul>
