<?xml version="1.0" encoding="UTF-8"?>
<recordTypeHaul xmlns:a="http://www.appian.com/ae/types/2009" xmlns:xsi="http://www.w3.org/2001/XMLSchema-instance">
  <versionUuid>338a5918-d34e-4f2e-80da-d1a17a63d88d</versionUuid>
  <recordType a:uuid="3390fdfd-354c-4c45-8f06-a0e63d262086" name="SA Activity">
    <a:pluralName>Activities</a:pluralName>
    <a:description>This Record type is for storing all the actions performed by the customers and record the actions (Follow-up, appointments, meetings etc). </a:description>
    <a:urlStub>PCpbXA</a:urlStub>
    <a:source xsi:type="a:RecordsReplica"/>
    <a:listViewTemplateExpr>#"SYSTEM_SYSRULES_recordGridField"(
  columns: {
    #"SYSTEM_SYSRULES_gridColumn"(
      label: "Actvity ID",
      value: #"SYSTEM_SYSRULES_linkField"(
        links: {
          #"SYSTEM_SYSRULES_recordLink"(
            label: fv!row[#"urn:appian:record-field:v1:3390fdfd-354c-4c45-8f06-a0e63d262086/5ac92a98-f9a0-481a-b594-29961fc15398"],
            recordType: #"urn:appian:record-type:v1:3390fdfd-354c-4c45-8f06-a0e63d262086",
            identifier: fv!identifier
          )
        }
      )
    ),
    #"SYSTEM_SYSRULES_gridColumn"(
      label: "Subject",
      sortField: #"urn:appian:record-field:v1:3390fdfd-354c-4c45-8f06-a0e63d262086/8ed07354-ecb4-4fe3-a0d0-4373cb0ed6a1",
      value: fv!row[#"urn:appian:record-field:v1:3390fdfd-354c-4c45-8f06-a0e63d262086/8ed07354-ecb4-4fe3-a0d0-4373cb0ed6a1"]
    ),
    #"SYSTEM_SYSRULES_gridColumn"(
      label: "Communication Type",
      sortField: #"urn:appian:record-field:v1:3390fdfd-354c-4c45-8f06-a0e63d262086/f7b2cd32-8dba-456d-a6a9-ce6407a63096",
      value: fv!row[#"urn:appian:record-field:v1:3390fdfd-354c-4c45-8f06-a0e63d262086/f7b2cd32-8dba-456d-a6a9-ce6407a63096"]
    ),
    #"SYSTEM_SYSRULES_gridColumn"(
      label: "Appointment",
      sortField: #"urn:appian:record-field:v1:3390fdfd-354c-4c45-8f06-a0e63d262086/5aaaa892-ecc0-4cc2-843c-2c8013027006",
      value: if(
      isnull(fv!row[#"urn:appian:record-field:v1:3390fdfd-354c-4c45-8f06-a0e63d262086/5aaaa892-ecc0-4cc2-843c-2c8013027006"]),
      fv!row[#"urn:appian:record-field:v1:3390fdfd-354c-4c45-8f06-a0e63d262086/5aaaa892-ecc0-4cc2-843c-2c8013027006"],
      datetext(fv!row[#"urn:appian:record-field:v1:3390fdfd-354c-4c45-8f06-a0e63d262086/5aaaa892-ecc0-4cc2-843c-2c8013027006"], "default")
      ),
      align: "END"
    )
  },
  pageSize: 50,
  shadeAlternateRows: true
)</a:listViewTemplateExpr>
    <a:fieldCfg a:uuid="c96b7e6b-5677-4392-a874-1323d378e180" name="SA Customer">
      <a:description/>
      <a:sourceRef>e4064008-e07d-4e8b-b9dc-0d460dacc084/433c15ec-ae2a-4124-8cca-dca38ffb8874</a:sourceRef>
      <a:isSortable>false</a:isSortable>
      <a:isSearchable>false</a:isSearchable>
      <a:isFacet>true</a:isFacet>
      <a:facetType>CUSTOM_BUCKETS_CLOSED</a:facetType>
      <a:isExclusiveFacet>true</a:isExclusiveFacet>
      <a:facetLabelExpr>"Customer"</a:facetLabelExpr>
      <a:sortOrderIndex>0</a:sortOrderIndex>
      <a:facetOrderIndex>0</a:facetOrderIndex>
      <a:visibilityExpr/>
      <a:defaultOptionExpr/>
      <a:allowMultipleSelections>true</a:allowMultipleSelections>
      <a:relatedRecordFieldUuid>e4064008-e07d-4e8b-b9dc-0d460dacc084/433c15ec-ae2a-4124-8cca-dca38ffb8874</a:relatedRecordFieldUuid>
    </a:fieldCfg>
    <a:fieldCfg a:uuid="5ab95a27-ddf9-4772-b9cd-59497d09cf76" name="SA Request">
      <a:description/>
      <a:sourceRef>986b39c5-9ecd-4d9c-a464-7a9abe028132/9503c12f-5408-4d44-8d15-f6f1530b81d9</a:sourceRef>
      <a:isSortable>false</a:isSortable>
      <a:isSearchable>false</a:isSearchable>
      <a:isFacet>true</a:isFacet>
      <a:facetType>CUSTOM_BUCKETS_CLOSED</a:facetType>
      <a:isExclusiveFacet>true</a:isExclusiveFacet>
      <a:facetLabelExpr>"Request"</a:facetLabelExpr>
      <a:sortOrderIndex>1</a:sortOrderIndex>
      <a:facetOrderIndex>1</a:facetOrderIndex>
      <a:visibilityExpr/>
      <a:defaultOptionExpr/>
      <a:allowMultipleSelections>true</a:allowMultipleSelections>
      <a:relatedRecordFieldUuid>986b39c5-9ecd-4d9c-a464-7a9abe028132/9503c12f-5408-4d44-8d15-f6f1530b81d9</a:relatedRecordFieldUuid>
    </a:fieldCfg>
    <a:detailViewCfg>
      <a:nameExpr>"Related Tasks"</a:nameExpr>
      <a:uiExpr>#"864bc90a-3f6c-4daf-a61b-ae8f00c5ab47"(record: rv!record)</a:uiExpr>
      <a:visibilityExpr>=true()</a:visibilityExpr>
      <a:urlStub>summary</a:urlStub>
      <a:headerExpr/>
      <a:relatedActionCfg>refId-4f10f280-a704-411d-98b9-cc4778b92bd4</a:relatedActionCfg>
      <a:recordActionLaunchType>DIALOG</a:recordActionLaunchType>
      <a:recordUiSecurityType>EXPRESSION</a:recordUiSecurityType>
    </a:detailViewCfg>
    <a:relatedActionCfg a:uuid="4f10f280-a704-411d-98b9-cc4778b92bd4">
      <a:target a:uuid="0302ac45-c8d0-40cb-ae2f-d6ee2d17de18" xsi:type="a:ProcessModel"/>
      <a:contextExpr>{
  activity: {rv!record,rv!record[#"urn:appian:record-field:v1:3390fdfd-354c-4c45-8f06-a0e63d262086/5ac92a98-f9a0-481a-b594-29961fc15398"]}, /* SA Activity */
  cancel: null, /* Boolean */
  record: null /* SA Task Details */
}</a:contextExpr>
      <a:visibilityExpr/>
      <a:iconId>f067</a:iconId>
      <a:refId>refId-4f10f280-a704-411d-98b9-cc4778b92bd4</a:refId>
      <a:staticTitleString>Create Task</a:staticTitleString>
      <a:staticDescriptionString/>
      <a:referenceKey>CreateTask</a:referenceKey>
      <a:dialogSize>LARGE</a:dialogSize>
      <a:showInRecordList>false</a:showInRecordList>
      <a:recordUiSecurityType>GUIDED</a:recordUiSecurityType>
      <a:securityCfg>
        <a:membershipFilter>{"type":"MEMBERSHIP_ALL","config":{"#v":[],"#t":"Variant?list"},"#t":"RecordRowLevelSecurityMembershipFilter"}</a:membershipFilter>
        <a:dataFilter>{"type":"ALLOW_ALL","config":{"#v":[],"#t":"Variant?list"},"#t":"RecordRowLevelSecurityDataFilter"}</a:dataFilter>
      </a:securityCfg>
    </a:relatedActionCfg>
    <a:isSystem>false</a:isSystem>
    <a:dataSrcExpr/>
    <a:facetsListExpr/>
    <a:titleExpr>"Activity" &amp;" "&amp; rv!record[#"urn:appian:record-field:v1:3390fdfd-354c-4c45-8f06-a0e63d262086/5ac92a98-f9a0-481a-b594-29961fc15398"]</a:titleExpr>
    <a:defaultFiltersExpr/>
    <a:layoutType>GRID</a:layoutType>
    <a:security>16383</a:security>
    <a:hideLatestNews>false</a:hideLatestNews>
    <a:hideNewsView>true</a:hideNewsView>
    <a:hideRelatedActionsView>true</a:hideRelatedActionsView>
    <a:isExportable>true</a:isExportable>
    <a:listViewSrcExpr/>
    <a:recordViewSrcExpr/>
    <a:recordListActionCfg a:uuid="0b9901bc-77aa-4757-9be3-65c6b42112f7">
      <a:staticTitle>New Activity</a:staticTitle>
      <a:staticDescription>Action to create a new Activity</a:staticDescription>
      <a:iconId>f067</a:iconId>
      <a:target a:uuid="33a925b0-fa62-4ac0-9fd3-9b8bfe21b774" xsi:type="a:ProcessModel"/>
      <a:visibilityExpr>if(#"urn:appian:function:v1:a:isusermemberofgroup?okey=a!isUserMemberOfGroup"(loggedInUser(),#"_a-0000ec41-475a-8000-9caa-011c48011c48_281685"),false,true)</a:visibilityExpr>
      <a:referenceKey>newActivity</a:referenceKey>
      <a:dialogSize>LARGE</a:dialogSize>
      <a:showInRecordList>true</a:showInRecordList>
      <a:recordUiSecurityType>EXPRESSION</a:recordUiSecurityType>
    </a:recordListActionCfg>
    <a:recordRelationshipCfg>
      <uuid>e4064008-e07d-4e8b-b9dc-0d460dacc084</uuid>
      <relationshipName>customer</relationshipName>
      <targetRecordTypeUuid>826d8fe7-5a45-4699-b6f9-3c87219188b1</targetRecordTypeUuid>
      <relationshipType>MANY_TO_ONE</relationshipType>
      <relationshipData>{"sourceRecordTypeFieldUuid":"a1d7fb81-1fd3-40ed-872b-b8a50028c234","targetRecordTypeFieldUuid":"1a9e0b17-7436-44e6-a796-b29627a62548","relationshipOperator":"1","joinTableSourceField":"","joinTableTargetField":""}</relationshipData>
      <updateBehavior>NON_CASCADING</updateBehavior>
    </a:recordRelationshipCfg>
    <a:recordRelationshipCfg>
      <uuid>986b39c5-9ecd-4d9c-a464-7a9abe028132</uuid>
      <relationshipName>request</relationshipName>
      <targetRecordTypeUuid>e29ff48d-88a7-4b94-b317-2a3d3f8f9e4a</targetRecordTypeUuid>
      <relationshipType>MANY_TO_ONE</relationshipType>
      <relationshipData>{"sourceRecordTypeFieldUuid":"a073e862-1bf2-464c-a54d-de37377cecca","targetRecordTypeFieldUuid":"0d8ee8a8-99f4-4cf1-9d88-8b16171934da","relationshipOperator":"1","joinTableSourceField":"","joinTableTargetField":""}</relationshipData>
      <updateBehavior>NON_CASCADING</updateBehavior>
    </a:recordRelationshipCfg>
    <a:recordRelationshipCfg>
      <uuid>9e070cbf-1a3e-4e22-8896-ea28fb396f12</uuid>
      <relationshipName>eventHistory</relationshipName>
      <targetRecordTypeUuid>6d0ba720-6b97-4329-b058-9d3da769299d</targetRecordTypeUuid>
      <relationshipType>ONE_TO_MANY</relationshipType>
      <relationshipData>{"sourceRecordTypeFieldUuid":"5ac92a98-f9a0-481a-b594-29961fc15398","targetRecordTypeFieldUuid":"f93ffd8e-ee59-4b8c-8fe2-713a709735fe","relationshipOperator":"1","joinTableSourceField":"","joinTableTargetField":""}</relationshipData>
      <updateBehavior>CASCADING</updateBehavior>
    </a:recordRelationshipCfg>
    <a:recordRelationshipCfg>
      <uuid>5398c638-b7d8-4b5d-94fa-1edc2fdbfe6a</uuid>
      <relationshipName>saTaskDetails</relationshipName>
      <targetRecordTypeUuid>b759976b-2457-4ac2-8fa2-c68e6a797d71</targetRecordTypeUuid>
      <relationshipType>ONE_TO_MANY</relationshipType>
      <relationshipData>{"sourceRecordTypeFieldUuid":"5ac92a98-f9a0-481a-b594-29961fc15398","targetRecordTypeFieldUuid":"4d5e4e2d-b471-4b7d-beb8-b9debc62cdab","relationshipOperator":"1","joinTableSourceField":"","joinTableTargetField":""}</relationshipData>
      <updateBehavior>CASCADING</updateBehavior>
    </a:recordRelationshipCfg>
    <a:recordTypeSearchCfg>
      <searchFieldsSrc>DEFAULT</searchFieldsSrc>
      <placeholderSrc>DEFAULT</placeholderSrc>
      <placeholder/>
    </a:recordTypeSearchCfg>
    <a:iconId/>
    <a:listAutoRefreshInterval>0.0</a:listAutoRefreshInterval>
    <a:sourceConfiguration>
      <sourceUuid>SA_ACTIVITY@jdbc/Appian</sourceUuid>
      <sourceType>RDBMS_TABLE</sourceType>
      <sourceSubType>NONE</sourceSubType>
      <friendlyName>SA_ACTIVITY</friendlyName>
      <sourceFilterExpr/>
      <field>
        <uuid>5ac92a98-f9a0-481a-b594-29961fc15398</uuid>
        <type>{http://www.appian.com/ae/types/2009}Integer</type>
        <sourceFieldName>ACTIVITY_ID</sourceFieldName>
        <sourceFieldType>INTEGER</sourceFieldType>
        <fieldName>activityId</fieldName>
        <isRecordId>true</isRecordId>
        <isUnique>true</isUnique>
        <isCustomField>false</isCustomField>
        <customFieldExpr/>
        <customFieldDefaultValueStr>null</customFieldDefaultValueStr>
        <fieldCalculationType>NA</fieldCalculationType>
        <fieldTemplateType>NA</fieldTemplateType>
        <isRollingSyncSortField>false</isRollingSyncSortField>
      </field>
      <field>
        <uuid>a1d7fb81-1fd3-40ed-872b-b8a50028c234</uuid>
        <type>{http://www.appian.com/ae/types/2009}Integer</type>
        <sourceFieldName>CUSTOMER_ID</sourceFieldName>
        <sourceFieldType>INTEGER</sourceFieldType>
        <fieldName>customerId</fieldName>
        <isRecordId>false</isRecordId>
        <isUnique>false</isUnique>
        <isCustomField>false</isCustomField>
        <customFieldExpr/>
        <customFieldDefaultValueStr>null</customFieldDefaultValueStr>
        <fieldCalculationType>NA</fieldCalculationType>
        <fieldTemplateType>NA</fieldTemplateType>
        <isRollingSyncSortField>false</isRollingSyncSortField>
      </field>
      <field>
        <uuid>8ed07354-ecb4-4fe3-a0d0-4373cb0ed6a1</uuid>
        <type>{http://www.appian.com/ae/types/2009}Text</type>
        <sourceFieldName>SUBJECT</sourceFieldName>
        <sourceFieldType>VARCHAR(255)</sourceFieldType>
        <fieldName>subject</fieldName>
        <isRecordId>false</isRecordId>
        <isUnique>false</isUnique>
        <isCustomField>false</isCustomField>
        <customFieldExpr/>
        <customFieldDefaultValueStr>null</customFieldDefaultValueStr>
        <fieldCalculationType>NA</fieldCalculationType>
        <fieldTemplateType>NA</fieldTemplateType>
        <isRollingSyncSortField>false</isRollingSyncSortField>
      </field>
      <field>
        <uuid>a4d8e977-66d0-439d-926a-871b068228f3</uuid>
        <type>{http://www.appian.com/ae/types/2009}Text</type>
        <sourceFieldName>INTERACTION_OUTCOME</sourceFieldName>
        <sourceFieldType>VARCHAR(4000)</sourceFieldType>
        <fieldName>interactionOutcome</fieldName>
        <isRecordId>false</isRecordId>
        <isUnique>false</isUnique>
        <isCustomField>false</isCustomField>
        <customFieldExpr/>
        <customFieldDefaultValueStr>null</customFieldDefaultValueStr>
        <fieldCalculationType>NA</fieldCalculationType>
        <fieldTemplateType>NA</fieldTemplateType>
        <isRollingSyncSortField>false</isRollingSyncSortField>
      </field>
      <field>
        <uuid>f7b2cd32-8dba-456d-a6a9-ce6407a63096</uuid>
        <type>{http://www.appian.com/ae/types/2009}Text</type>
        <sourceFieldName>COMMUNICATION_TYPE</sourceFieldName>
        <sourceFieldType>VARCHAR(255)</sourceFieldType>
        <fieldName>communicationType</fieldName>
        <isRecordId>false</isRecordId>
        <isUnique>false</isUnique>
        <isCustomField>false</isCustomField>
        <customFieldExpr/>
        <customFieldDefaultValueStr>null</customFieldDefaultValueStr>
        <fieldCalculationType>NA</fieldCalculationType>
        <fieldTemplateType>NA</fieldTemplateType>
        <isRollingSyncSortField>false</isRollingSyncSortField>
      </field>
      <field>
        <uuid>5aaaa892-ecc0-4cc2-843c-2c8013027006</uuid>
        <type>{http://www.appian.com/ae/types/2009}Datetime</type>
        <sourceFieldName>APPOINTMENT</sourceFieldName>
        <sourceFieldType>TIMESTAMP</sourceFieldType>
        <fieldName>appointment</fieldName>
        <isRecordId>false</isRecordId>
        <isUnique>false</isUnique>
        <isCustomField>false</isCustomField>
        <customFieldExpr/>
        <customFieldDefaultValueStr>null</customFieldDefaultValueStr>
        <fieldCalculationType>NA</fieldCalculationType>
        <fieldTemplateType>NA</fieldTemplateType>
        <isRollingSyncSortField>false</isRollingSyncSortField>
      </field>
      <field>
        <uuid>a073e862-1bf2-464c-a54d-de37377cecca</uuid>
        <type>{http://www.appian.com/ae/types/2009}Integer</type>
        <sourceFieldName>REQUEST_ID</sourceFieldName>
        <sourceFieldType>INTEGER</sourceFieldType>
        <fieldName>requestId</fieldName>
        <isRecordId>false</isRecordId>
        <isUnique>false</isUnique>
        <isCustomField>false</isCustomField>
        <customFieldExpr/>
        <customFieldDefaultValueStr>null</customFieldDefaultValueStr>
        <fieldCalculationType>NA</fieldCalculationType>
        <fieldTemplateType>NA</fieldTemplateType>
        <isRollingSyncSortField>false</isRollingSyncSortField>
      </field>
      <field>
        <uuid>12f66364-1330-40b6-8b42-09142196a5ac</uuid>
        <type>{http://www.appian.com/ae/types/2009}Text</type>
        <sourceFieldName>CREATED_BY</sourceFieldName>
        <sourceFieldType>VARCHAR(255)</sourceFieldType>
        <fieldName>createdBy</fieldName>
        <isRecordId>false</isRecordId>
        <isUnique>false</isUnique>
        <isCustomField>false</isCustomField>
        <customFieldExpr/>
        <customFieldDefaultValueStr>null</customFieldDefaultValueStr>
        <fieldCalculationType>NA</fieldCalculationType>
        <fieldTemplateType>NA</fieldTemplateType>
        <isRollingSyncSortField>false</isRollingSyncSortField>
      </field>
      <field>
        <uuid>395a4141-5873-4c19-8fab-9f606248388b</uuid>
        <type>{http://www.appian.com/ae/types/2009}Datetime</type>
        <sourceFieldName>CREATED_ON</sourceFieldName>
        <sourceFieldType>TIMESTAMP</sourceFieldType>
        <fieldName>createdOn</fieldName>
        <isRecordId>false</isRecordId>
        <isUnique>false</isUnique>
        <isCustomField>false</isCustomField>
        <customFieldExpr/>
        <customFieldDefaultValueStr>null</customFieldDefaultValueStr>
        <fieldCalculationType>NA</fieldCalculationType>
        <fieldTemplateType>NA</fieldTemplateType>
        <isRollingSyncSortField>false</isRollingSyncSortField>
      </field>
      <field>
        <uuid>89255aaa-40d0-4e9d-8a7c-cc55d515c69e</uuid>
        <type>{http://www.appian.com/ae/types/2009}Text</type>
        <sourceFieldName>MODIFIED_BY</sourceFieldName>
        <sourceFieldType>VARCHAR(255)</sourceFieldType>
        <fieldName>modifiedBy</fieldName>
        <isRecordId>false</isRecordId>
        <isUnique>false</isUnique>
        <isCustomField>false</isCustomField>
        <customFieldExpr/>
        <customFieldDefaultValueStr>null</customFieldDefaultValueStr>
        <fieldCalculationType>NA</fieldCalculationType>
        <fieldTemplateType>NA</fieldTemplateType>
        <isRollingSyncSortField>false</isRollingSyncSortField>
      </field>
      <field>
        <uuid>5bbc4f17-5bce-4ac4-b59c-cb219812a968</uuid>
        <type>{http://www.appian.com/ae/types/2009}Datetime</type>
        <sourceFieldName>MODIFIED_ON</sourceFieldName>
        <sourceFieldType>TIMESTAMP</sourceFieldType>
        <fieldName>modifiedOn</fieldName>
        <isRecordId>false</isRecordId>
        <isUnique>false</isUnique>
        <isCustomField>false</isCustomField>
        <customFieldExpr/>
        <customFieldDefaultValueStr>null</customFieldDefaultValueStr>
        <fieldCalculationType>NA</fieldCalculationType>
        <fieldTemplateType>NA</fieldTemplateType>
        <isRollingSyncSortField>false</isRollingSyncSortField>
      </field>
      <field>
        <uuid>65b5e88b-a300-4ffb-a4e9-4a1bae880e9e</uuid>
        <type>{http://www.appian.com/ae/types/2009}Boolean</type>
        <sourceFieldName>IS_ACTIVE</sourceFieldName>
        <sourceFieldType>BIT</sourceFieldType>
        <fieldName>isActive</fieldName>
        <isRecordId>false</isRecordId>
        <isUnique>false</isUnique>
        <isCustomField>false</isCustomField>
        <customFieldExpr/>
        <customFieldDefaultValueStr>null</customFieldDefaultValueStr>
        <fieldCalculationType>NA</fieldCalculationType>
        <fieldTemplateType>NA</fieldTemplateType>
        <isRollingSyncSortField>false</isRollingSyncSortField>
      </field>
      <uuid>90f7cfd1-c3e5-4609-9379-8f8958cd87da</uuid>
      <refreshSchedule>
        <frequency>DAILY</frequency>
        <value>{"hour":3,"minute":"00","amPM":"AM","timeZone":"IST","version":"v1"}</value>
        <activated>false</activated>
      </refreshSchedule>
      <skipFailureEnabled>true</skipFailureEnabled>
      <recordIdGeneratorUuid/>
    </a:sourceConfiguration>
    <a:enabledFeatures>255</a:enabledFeatures>
    <a:isVisibleInRecordTypeList>false</a:isVisibleInRecordTypeList>
    <a:recordActionLaunchType>DIALOG</a:recordActionLaunchType>
    <a:showSearchBox>true</a:showSearchBox>
    <a:recordEventsConfig>
      <uuid>e1343370-8d15-4a64-a0b5-9807085b431d</uuid>
      <eventRecordTypeUuid>6d0ba720-6b97-4329-b058-9d3da769299d</eventRecordTypeUuid>
      <eventRelationshipUuid>9e070cbf-1a3e-4e22-8896-ea28fb396f12</eventRelationshipUuid>
      <eventTypeRecordTypeUuid>a31f8c42-9352-427d-b6aa-99bb0f2147cf</eventTypeRecordTypeUuid>
      <eventTypeRelationshipUuid>09c240b4-f368-4797-82b4-f802510de585</eventTypeRelationshipUuid>
      <eventTimestampFieldUuid>e3722f7e-7158-4c20-9794-26be24a38d46</eventTimestampFieldUuid>
      <eventUserFieldUuid>96f8f16f-01cb-41a4-8bc5-6a71283bdcdc</eventUserFieldUuid>
      <eventTypeValueFieldUuid>0f02957c-f154-4aa4-a175-0d75532a040e</eventTypeValueFieldUuid>
      <generateCommonEvents>true</generateCommonEvents>
      <eventAutomationIdentifierFieldUuid>0b8143d8-b8ea-4606-8506-38e8ded332e9</eventAutomationIdentifierFieldUuid>
    </a:recordEventsConfig>
    <a:isVisibleInDataFabric>false</a:isVisibleInDataFabric>
    <a:usesRollingSyncLimit>false</a:usesRollingSyncLimit>
  </recordType>
  <roleMap>
    <role name="record_type_administrator">
      <users/>
      <groups>
        <groupUuid>45cbc61c-0474-4c75-8505-796d36d8e26e</groupUuid>
      </groups>
    </role>
    <role name="record_type_viewer">
      <users/>
      <groups>
        <groupUuid>a1a3e2a1-e856-4284-a601-8360e1515230</groupUuid>
      </groups>
    </role>
  </roleMap>
  <history>
    <historyInfo versionUuid="e36d7ea7-c9d2-43df-8b5c-8894667ca45a"/>
    <historyInfo versionUuid="08d0e795-e9eb-4052-8746-a8421586e796"/>
    <historyInfo versionUuid="82d8f32f-26a0-45ba-a974-2a6ce32c2791"/>
    <historyInfo versionUuid="f1be17d8-679f-4092-a65f-a87e8eeca9c8"/>
    <historyInfo versionUuid="45001bbf-0f9d-456c-81f5-b45d1baada50"/>
    <historyInfo versionUuid="afd769cb-33b3-4800-85c9-0a194ca8487f"/>
    <historyInfo versionUuid="daeb2486-3b6c-4419-847c-a87759387a6c"/>
    <historyInfo versionUuid="3081bd77-7e33-4f9a-acd1-f41c45353a93"/>
    <historyInfo versionUuid="9faa2793-f451-4f67-a73b-027514dc0356"/>
    <historyInfo versionUuid="71383885-f12e-4759-8471-e05880a5d879"/>
    <historyInfo versionUuid="29a88dc2-007a-48ad-9b86-2fa312e032a2"/>
    <historyInfo versionUuid="2b4d9b6f-904d-4de2-abce-85f2061cc89a"/>
    <historyInfo versionUuid="63fabf04-c984-4e1a-b1ba-b2d977264174"/>
    <historyInfo versionUuid="338a5918-d34e-4f2e-80da-d1a17a63d88d"/>
  </history>
  <migrationVersion>1</migrationVersion>
</recordTypeHaul>
