<?xml version="1.0" encoding="UTF-8"?>
<recordTypeHaul xmlns:a="http://www.appian.com/ae/types/2009" xmlns:xsi="http://www.w3.org/2001/XMLSchema-instance">
  <versionUuid>6d0ba720-6b97-4329-b058-9d3da769299d</versionUuid>
  <recordType a:uuid="6d0ba720-6b97-4329-b058-9d3da769299d" name="SA Activity Event History">
    <a:pluralName>SA Activity Event History</a:pluralName>
    <a:description>Business events for Activity</a:description>
    <a:urlStub>Pc2dBg</a:urlStub>
    <a:source xsi:type="a:RecordsReplica"/>
    <a:listViewTemplateExpr>#"SYSTEM_SYSRULES_recordGridField"(
    columns: {
        #"SYSTEM_SYSRULES_gridColumn"(
          label: "Id",
          sortField: #"urn:appian:record-field:v1:6d0ba720-6b97-4329-b058-9d3da769299d/e13c6544-5ca6-418d-8f8f-5021d88f44c8",
          value: fv!row[#"urn:appian:record-field:v1:6d0ba720-6b97-4329-b058-9d3da769299d/e13c6544-5ca6-418d-8f8f-5021d88f44c8"],
          align: "END"
        ),
        #"SYSTEM_SYSRULES_gridColumn"(
          label: "activity",
          sortField: #"urn:appian:record-field:v1:6d0ba720-6b97-4329-b058-9d3da769299d/6413d67e-0fe3-428e-8676-64a09303be74/5ac92a98-f9a0-481a-b594-29961fc15398",
          value: #"SYSTEM_SYSRULES_linkField"(
            links: {
              #"SYSTEM_SYSRULES_recordLink"(
                label: fv!row[#"urn:appian:record-field:v1:6d0ba720-6b97-4329-b058-9d3da769299d/6413d67e-0fe3-428e-8676-64a09303be74/5ac92a98-f9a0-481a-b594-29961fc15398"],
                recordType: #"urn:appian:record-type:v1:6d0ba720-6b97-4329-b058-9d3da769299d",
                identifier: fv!identifier
              )
            }
          ),
          align: "END"
        ),
        #"SYSTEM_SYSRULES_gridColumn"(
          label: "eventType",
          sortField: #"urn:appian:record-field:v1:6d0ba720-6b97-4329-b058-9d3da769299d/09c240b4-f368-4797-82b4-f802510de585/12e288fd-e403-4424-845c-a39d919c8a5e",
          value: fv!row[#"urn:appian:record-field:v1:6d0ba720-6b97-4329-b058-9d3da769299d/09c240b4-f368-4797-82b4-f802510de585/12e288fd-e403-4424-845c-a39d919c8a5e"],
          align: "END"
        ),
        #"SYSTEM_SYSRULES_gridColumn"(
          label: "User",
          sortField: #"urn:appian:record-field:v1:6d0ba720-6b97-4329-b058-9d3da769299d/96f8f16f-01cb-41a4-8bc5-6a71283bdcdc",
          value: fv!row[#"urn:appian:record-field:v1:6d0ba720-6b97-4329-b058-9d3da769299d/96f8f16f-01cb-41a4-8bc5-6a71283bdcdc"]
        ),
        #"SYSTEM_SYSRULES_gridColumn"(
          label: "Automation Type Id",
          sortField: #"urn:appian:record-field:v1:6d0ba720-6b97-4329-b058-9d3da769299d/0b8143d8-b8ea-4606-8506-38e8ded332e9",
          value: fv!row[#"urn:appian:record-field:v1:6d0ba720-6b97-4329-b058-9d3da769299d/0b8143d8-b8ea-4606-8506-38e8ded332e9"],
          align: "END"
        ),
        #"SYSTEM_SYSRULES_gridColumn"(
          label: "Timestamp",
          sortField: #"urn:appian:record-field:v1:6d0ba720-6b97-4329-b058-9d3da769299d/e3722f7e-7158-4c20-9794-26be24a38d46",
          value: if(
            isnull(fv!row[#"urn:appian:record-field:v1:6d0ba720-6b97-4329-b058-9d3da769299d/e3722f7e-7158-4c20-9794-26be24a38d46"]),
            fv!row[#"urn:appian:record-field:v1:6d0ba720-6b97-4329-b058-9d3da769299d/e3722f7e-7158-4c20-9794-26be24a38d46"],
            datetext(fv!row[#"urn:appian:record-field:v1:6d0ba720-6b97-4329-b058-9d3da769299d/e3722f7e-7158-4c20-9794-26be24a38d46"], "default")
          ),
          align: "END"
        )
      },
      pageSize: 50,
      shadeAlternateRows: true
    )</a:listViewTemplateExpr>
    <a:detailViewCfg>
      <a:nameExpr>#"SYSTEM_SYSRULES_rtd_getDefaultSummaryViewName"()</a:nameExpr>
      <a:uiExpr/>
      <a:visibilityExpr>=true()</a:visibilityExpr>
      <a:urlStub>summary</a:urlStub>
      <a:headerExpr/>
      <a:recordActionLaunchType>DIALOG</a:recordActionLaunchType>
      <a:recordUiSecurityType>EXPRESSION</a:recordUiSecurityType>
    </a:detailViewCfg>
    <a:isSystem>false</a:isSystem>
    <a:dataSrcExpr/>
    <a:facetsListExpr/>
    <a:titleExpr>rv!record[#"urn:appian:record-field:v1:6d0ba720-6b97-4329-b058-9d3da769299d/e13c6544-5ca6-418d-8f8f-5021d88f44c8"]</a:titleExpr>
    <a:defaultFiltersExpr/>
    <a:layoutType>GRID</a:layoutType>
    <a:security>16383</a:security>
    <a:hideLatestNews>false</a:hideLatestNews>
    <a:hideNewsView>false</a:hideNewsView>
    <a:hideRelatedActionsView>false</a:hideRelatedActionsView>
    <a:isExportable>true</a:isExportable>
    <a:listViewSrcExpr/>
    <a:recordViewSrcExpr/>
    <a:recordRelationshipCfg>
      <uuid>6413d67e-0fe3-428e-8676-64a09303be74</uuid>
      <relationshipName>activity</relationshipName>
      <targetRecordTypeUuid>3390fdfd-354c-4c45-8f06-a0e63d262086</targetRecordTypeUuid>
      <relationshipType>MANY_TO_ONE</relationshipType>
      <relationshipData>{"sourceRecordTypeFieldUuid":"f93ffd8e-ee59-4b8c-8fe2-713a709735fe","targetRecordTypeFieldUuid":"5ac92a98-f9a0-481a-b594-29961fc15398","relationshipOperator":"1","joinTableSourceField":"","joinTableTargetField":""}</relationshipData>
      <updateBehavior>NON_CASCADING</updateBehavior>
    </a:recordRelationshipCfg>
    <a:recordRelationshipCfg>
      <uuid>09c240b4-f368-4797-82b4-f802510de585</uuid>
      <relationshipName>eventType</relationshipName>
      <targetRecordTypeUuid>a31f8c42-9352-427d-b6aa-99bb0f2147cf</targetRecordTypeUuid>
      <relationshipType>MANY_TO_ONE</relationshipType>
      <relationshipData>{"sourceRecordTypeFieldUuid":"48e86e80-cf4b-44a8-a407-9a5fa95f9e42","targetRecordTypeFieldUuid":"12e288fd-e403-4424-845c-a39d919c8a5e","relationshipOperator":"1","joinTableSourceField":"","joinTableTargetField":""}</relationshipData>
      <updateBehavior>NON_CASCADING</updateBehavior>
    </a:recordRelationshipCfg>
    <a:iconId/>
    <a:listAutoRefreshInterval>0.0</a:listAutoRefreshInterval>
    <a:sourceConfiguration>
      <sourceUuid>SA_ACTIVITY_EVENT_HISTORY@jdbc/Appian</sourceUuid>
      <sourceType>RDBMS_TABLE</sourceType>
      <sourceSubType>NONE</sourceSubType>
      <friendlyName>SA_ACTIVITY_EVENT_HISTORY</friendlyName>
      <sourceFilterExpr/>
      <field>
        <uuid>e13c6544-5ca6-418d-8f8f-5021d88f44c8</uuid>
        <type>{http://www.appian.com/ae/types/2009}Integer</type>
        <sourceFieldName>ID</sourceFieldName>
        <sourceFieldType>INTEGER</sourceFieldType>
        <fieldName>id</fieldName>
        <isRecordId>true</isRecordId>
        <isUnique>true</isUnique>
        <isCustomField>false</isCustomField>
        <customFieldExpr/>
        <fieldCalculationType>NA</fieldCalculationType>
        <fieldTemplateType>NA</fieldTemplateType>
        <isRollingSyncSortField>false</isRollingSyncSortField>
      </field>
      <field>
        <uuid>f93ffd8e-ee59-4b8c-8fe2-713a709735fe</uuid>
        <type>{http://www.appian.com/ae/types/2009}Integer</type>
        <sourceFieldName>RECORD_ID</sourceFieldName>
        <sourceFieldType>INTEGER</sourceFieldType>
        <fieldName>recordId</fieldName>
        <isRecordId>false</isRecordId>
        <isUnique>false</isUnique>
        <isCustomField>false</isCustomField>
        <customFieldExpr/>
        <fieldCalculationType>NA</fieldCalculationType>
        <fieldTemplateType>NA</fieldTemplateType>
        <isRollingSyncSortField>false</isRollingSyncSortField>
      </field>
      <field>
        <uuid>48e86e80-cf4b-44a8-a407-9a5fa95f9e42</uuid>
        <type>{http://www.appian.com/ae/types/2009}Integer</type>
        <sourceFieldName>EVENT_TYPE_ID</sourceFieldName>
        <sourceFieldType>INTEGER</sourceFieldType>
        <fieldName>eventTypeId</fieldName>
        <isRecordId>false</isRecordId>
        <isUnique>false</isUnique>
        <isCustomField>false</isCustomField>
        <customFieldExpr/>
        <fieldCalculationType>NA</fieldCalculationType>
        <fieldTemplateType>NA</fieldTemplateType>
        <isRollingSyncSortField>false</isRollingSyncSortField>
      </field>
      <field>
        <uuid>96f8f16f-01cb-41a4-8bc5-6a71283bdcdc</uuid>
        <type>{http://www.appian.com/ae/types/2009}User</type>
        <sourceFieldName>USER</sourceFieldName>
        <sourceFieldType>VARCHAR(255)</sourceFieldType>
        <fieldName>user</fieldName>
        <isRecordId>false</isRecordId>
        <isUnique>false</isUnique>
        <isCustomField>false</isCustomField>
        <customFieldExpr/>
        <fieldCalculationType>NA</fieldCalculationType>
        <fieldTemplateType>NA</fieldTemplateType>
        <isRollingSyncSortField>false</isRollingSyncSortField>
      </field>
      <field>
        <uuid>0b8143d8-b8ea-4606-8506-38e8ded332e9</uuid>
        <type>{http://www.appian.com/ae/types/2009}Integer</type>
        <sourceFieldName>AUTOMATION_TYPE_ID</sourceFieldName>
        <sourceFieldType>INTEGER</sourceFieldType>
        <fieldName>automationTypeId</fieldName>
        <isRecordId>false</isRecordId>
        <isUnique>false</isUnique>
        <isCustomField>false</isCustomField>
        <customFieldExpr/>
        <fieldCalculationType>NA</fieldCalculationType>
        <fieldTemplateType>NA</fieldTemplateType>
        <isRollingSyncSortField>false</isRollingSyncSortField>
      </field>
      <field>
        <uuid>e3722f7e-7158-4c20-9794-26be24a38d46</uuid>
        <type>{http://www.appian.com/ae/types/2009}Datetime</type>
        <sourceFieldName>TIMESTAMP</sourceFieldName>
        <sourceFieldType>TIMESTAMP</sourceFieldType>
        <fieldName>timestamp</fieldName>
        <isRecordId>false</isRecordId>
        <isUnique>false</isUnique>
        <isCustomField>false</isCustomField>
        <customFieldExpr/>
        <fieldCalculationType>NA</fieldCalculationType>
        <fieldTemplateType>NA</fieldTemplateType>
        <isRollingSyncSortField>false</isRollingSyncSortField>
      </field>
      <uuid>53799610-21d7-4f37-a9d7-5a7afbf3d08b</uuid>
      <refreshSchedule>
        <frequency>DAILY</frequency>
        <value>{"hour":3,"minute":"00","amPM":"AM","timeZone":"Asia/Kolkata","version":"v1"}</value>
        <activated>false</activated>
      </refreshSchedule>
      <skipFailureEnabled>true</skipFailureEnabled>
      <recordIdGeneratorUuid/>
    </a:sourceConfiguration>
    <a:enabledFeatures>255</a:enabledFeatures>
    <a:isVisibleInRecordTypeList>false</a:isVisibleInRecordTypeList>
    <a:recordActionLaunchType>DIALOG</a:recordActionLaunchType>
    <a:showSearchBox>true</a:showSearchBox>
    <a:isVisibleInDataFabric>false</a:isVisibleInDataFabric>
    <a:usesRollingSyncLimit>false</a:usesRollingSyncLimit>
  </recordType>
  <roleMap>
    <role name="record_type_administrator">
      <users/>
      <groups>
        <groupUuid>45cbc61c-0474-4c75-8505-796d36d8e26e</groupUuid>
      </groups>
    </role>
    <role name="record_type_viewer">
      <users/>
      <groups>
        <groupUuid>a1a3e2a1-e856-4284-a601-8360e1515230</groupUuid>
      </groups>
    </role>
  </roleMap>
  <history>
    <historyInfo versionUuid="6d0ba720-6b97-4329-b058-9d3da769299d"/>
  </history>
  <migrationVersion>1</migrationVersion>
</recordTypeHaul>
