<?xml version="1.0" encoding="UTF-8"?>
<recordTypeHaul xmlns:a="http://www.appian.com/ae/types/2009" xmlns:xsi="http://www.w3.org/2001/XMLSchema-instance">
  <versionUuid>7093b921-3c13-468a-903a-343bd17a2a53</versionUuid>
  <recordType a:uuid="7093b921-3c13-468a-903a-343bd17a2a53" name="SA Customer Event History">
    <a:pluralName>SA Customer Event History</a:pluralName>
    <a:description>Business events for Customer</a:description>
    <a:urlStub>5k2nFg</a:urlStub>
    <a:source xsi:type="a:RecordsReplica"/>
    <a:listViewTemplateExpr>#"SYSTEM_SYSRULES_recordGridField"(
    columns: {
        #"SYSTEM_SYSRULES_gridColumn"(
          label: "Id",
          sortField: #"urn:appian:record-field:v1:7093b921-3c13-468a-903a-343bd17a2a53/15321d13-cebf-482c-9edb-0dec2a065f7f",
          value: fv!row[#"urn:appian:record-field:v1:7093b921-3c13-468a-903a-343bd17a2a53/15321d13-cebf-482c-9edb-0dec2a065f7f"],
          align: "END"
        ),
        #"SYSTEM_SYSRULES_gridColumn"(
          label: "customer",
          sortField: #"urn:appian:record-field:v1:7093b921-3c13-468a-903a-343bd17a2a53/30f53d31-a7c0-475f-9c7b-81875655e180/1a9e0b17-7436-44e6-a796-b29627a62548",
          value: #"SYSTEM_SYSRULES_linkField"(
            links: {
              #"SYSTEM_SYSRULES_recordLink"(
                label: fv!row[#"urn:appian:record-field:v1:7093b921-3c13-468a-903a-343bd17a2a53/30f53d31-a7c0-475f-9c7b-81875655e180/1a9e0b17-7436-44e6-a796-b29627a62548"],
                recordType: #"urn:appian:record-type:v1:7093b921-3c13-468a-903a-343bd17a2a53",
                identifier: fv!identifier
              )
            }
          ),
          align: "END"
        ),
        #"SYSTEM_SYSRULES_gridColumn"(
          label: "eventType",
          sortField: #"urn:appian:record-field:v1:7093b921-3c13-468a-903a-343bd17a2a53/6fd69154-beb8-495f-a32f-1373cf89fc8d/5eb1dd07-5c47-47c4-94cb-7d5302c0b62c",
          value: fv!row[#"urn:appian:record-field:v1:7093b921-3c13-468a-903a-343bd17a2a53/6fd69154-beb8-495f-a32f-1373cf89fc8d/5eb1dd07-5c47-47c4-94cb-7d5302c0b62c"],
          align: "END"
        ),
        #"SYSTEM_SYSRULES_gridColumn"(
          label: "User",
          sortField: #"urn:appian:record-field:v1:7093b921-3c13-468a-903a-343bd17a2a53/6b8947d8-3196-45a5-b788-e16cf4fefc6d",
          value: fv!row[#"urn:appian:record-field:v1:7093b921-3c13-468a-903a-343bd17a2a53/6b8947d8-3196-45a5-b788-e16cf4fefc6d"]
        ),
        #"SYSTEM_SYSRULES_gridColumn"(
          label: "Automation Type Id",
          sortField: #"urn:appian:record-field:v1:7093b921-3c13-468a-903a-343bd17a2a53/5910b3a5-7b2c-4590-a8fd-81a4811f1818",
          value: fv!row[#"urn:appian:record-field:v1:7093b921-3c13-468a-903a-343bd17a2a53/5910b3a5-7b2c-4590-a8fd-81a4811f1818"],
          align: "END"
        ),
        #"SYSTEM_SYSRULES_gridColumn"(
          label: "Timestamp",
          sortField: #"urn:appian:record-field:v1:7093b921-3c13-468a-903a-343bd17a2a53/8a2a894a-9790-4d8f-8161-1941c28a43f4",
          value: if(
            isnull(fv!row[#"urn:appian:record-field:v1:7093b921-3c13-468a-903a-343bd17a2a53/8a2a894a-9790-4d8f-8161-1941c28a43f4"]),
            fv!row[#"urn:appian:record-field:v1:7093b921-3c13-468a-903a-343bd17a2a53/8a2a894a-9790-4d8f-8161-1941c28a43f4"],
            datetext(fv!row[#"urn:appian:record-field:v1:7093b921-3c13-468a-903a-343bd17a2a53/8a2a894a-9790-4d8f-8161-1941c28a43f4"], "default")
          ),
          align: "END"
        )
      },
      pageSize: 50,
      shadeAlternateRows: true
    )</a:listViewTemplateExpr>
    <a:detailViewCfg>
      <a:nameExpr>#"SYSTEM_SYSRULES_rtd_getDefaultSummaryViewName"()</a:nameExpr>
      <a:uiExpr/>
      <a:visibilityExpr>=true()</a:visibilityExpr>
      <a:urlStub>summary</a:urlStub>
      <a:headerExpr/>
      <a:recordActionLaunchType>DIALOG</a:recordActionLaunchType>
      <a:recordUiSecurityType>EXPRESSION</a:recordUiSecurityType>
    </a:detailViewCfg>
    <a:isSystem>false</a:isSystem>
    <a:dataSrcExpr/>
    <a:facetsListExpr/>
    <a:titleExpr>rv!record[#"urn:appian:record-field:v1:7093b921-3c13-468a-903a-343bd17a2a53/15321d13-cebf-482c-9edb-0dec2a065f7f"]</a:titleExpr>
    <a:defaultFiltersExpr/>
    <a:layoutType>GRID</a:layoutType>
    <a:security>16383</a:security>
    <a:hideLatestNews>false</a:hideLatestNews>
    <a:hideNewsView>false</a:hideNewsView>
    <a:hideRelatedActionsView>false</a:hideRelatedActionsView>
    <a:isExportable>true</a:isExportable>
    <a:listViewSrcExpr/>
    <a:recordViewSrcExpr/>
    <a:recordRelationshipCfg>
      <uuid>30f53d31-a7c0-475f-9c7b-81875655e180</uuid>
      <relationshipName>customer</relationshipName>
      <targetRecordTypeUuid>826d8fe7-5a45-4699-b6f9-3c87219188b1</targetRecordTypeUuid>
      <relationshipType>MANY_TO_ONE</relationshipType>
      <relationshipData>{"sourceRecordTypeFieldUuid":"28515aec-322c-4028-8df7-93b2c418523d","targetRecordTypeFieldUuid":"1a9e0b17-7436-44e6-a796-b29627a62548","relationshipOperator":"1","joinTableSourceField":"","joinTableTargetField":""}</relationshipData>
      <updateBehavior>NON_CASCADING</updateBehavior>
    </a:recordRelationshipCfg>
    <a:recordRelationshipCfg>
      <uuid>6fd69154-beb8-495f-a32f-1373cf89fc8d</uuid>
      <relationshipName>eventType</relationshipName>
      <targetRecordTypeUuid>dd71dbd9-d1b3-482b-91ee-9535d64e72e9</targetRecordTypeUuid>
      <relationshipType>MANY_TO_ONE</relationshipType>
      <relationshipData>{"sourceRecordTypeFieldUuid":"fd5dbd01-397c-472d-a943-82bbedd9fa17","targetRecordTypeFieldUuid":"5eb1dd07-5c47-47c4-94cb-7d5302c0b62c","relationshipOperator":"1","joinTableSourceField":"","joinTableTargetField":""}</relationshipData>
      <updateBehavior>NON_CASCADING</updateBehavior>
    </a:recordRelationshipCfg>
    <a:iconId/>
    <a:listAutoRefreshInterval>0.0</a:listAutoRefreshInterval>
    <a:sourceConfiguration>
      <sourceUuid>SA_CUSTOMER_EVENT_HISTORY@jdbc/Appian</sourceUuid>
      <sourceType>RDBMS_TABLE</sourceType>
      <sourceSubType>NONE</sourceSubType>
      <friendlyName>SA_CUSTOMER_EVENT_HISTORY</friendlyName>
      <sourceFilterExpr/>
      <field>
        <uuid>15321d13-cebf-482c-9edb-0dec2a065f7f</uuid>
        <type>{http://www.appian.com/ae/types/2009}Integer</type>
        <sourceFieldName>ID</sourceFieldName>
        <sourceFieldType>INTEGER</sourceFieldType>
        <fieldName>id</fieldName>
        <isRecordId>true</isRecordId>
        <isUnique>true</isUnique>
        <isCustomField>false</isCustomField>
        <customFieldExpr/>
        <fieldCalculationType>NA</fieldCalculationType>
        <fieldTemplateType>NA</fieldTemplateType>
        <isRollingSyncSortField>false</isRollingSyncSortField>
      </field>
      <field>
        <uuid>28515aec-322c-4028-8df7-93b2c418523d</uuid>
        <type>{http://www.appian.com/ae/types/2009}Integer</type>
        <sourceFieldName>RECORD_ID</sourceFieldName>
        <sourceFieldType>INTEGER</sourceFieldType>
        <fieldName>recordId</fieldName>
        <isRecordId>false</isRecordId>
        <isUnique>false</isUnique>
        <isCustomField>false</isCustomField>
        <customFieldExpr/>
        <fieldCalculationType>NA</fieldCalculationType>
        <fieldTemplateType>NA</fieldTemplateType>
        <isRollingSyncSortField>false</isRollingSyncSortField>
      </field>
      <field>
        <uuid>fd5dbd01-397c-472d-a943-82bbedd9fa17</uuid>
        <type>{http://www.appian.com/ae/types/2009}Integer</type>
        <sourceFieldName>EVENT_TYPE_ID</sourceFieldName>
        <sourceFieldType>INTEGER</sourceFieldType>
        <fieldName>eventTypeId</fieldName>
        <isRecordId>false</isRecordId>
        <isUnique>false</isUnique>
        <isCustomField>false</isCustomField>
        <customFieldExpr/>
        <fieldCalculationType>NA</fieldCalculationType>
        <fieldTemplateType>NA</fieldTemplateType>
        <isRollingSyncSortField>false</isRollingSyncSortField>
      </field>
      <field>
        <uuid>6b8947d8-3196-45a5-b788-e16cf4fefc6d</uuid>
        <type>{http://www.appian.com/ae/types/2009}User</type>
        <sourceFieldName>USER</sourceFieldName>
        <sourceFieldType>VARCHAR(255)</sourceFieldType>
        <fieldName>user</fieldName>
        <isRecordId>false</isRecordId>
        <isUnique>false</isUnique>
        <isCustomField>false</isCustomField>
        <customFieldExpr/>
        <fieldCalculationType>NA</fieldCalculationType>
        <fieldTemplateType>NA</fieldTemplateType>
        <isRollingSyncSortField>false</isRollingSyncSortField>
      </field>
      <field>
        <uuid>5910b3a5-7b2c-4590-a8fd-81a4811f1818</uuid>
        <type>{http://www.appian.com/ae/types/2009}Integer</type>
        <sourceFieldName>AUTOMATION_TYPE_ID</sourceFieldName>
        <sourceFieldType>INTEGER</sourceFieldType>
        <fieldName>automationTypeId</fieldName>
        <isRecordId>false</isRecordId>
        <isUnique>false</isUnique>
        <isCustomField>false</isCustomField>
        <customFieldExpr/>
        <fieldCalculationType>NA</fieldCalculationType>
        <fieldTemplateType>NA</fieldTemplateType>
        <isRollingSyncSortField>false</isRollingSyncSortField>
      </field>
      <field>
        <uuid>8a2a894a-9790-4d8f-8161-1941c28a43f4</uuid>
        <type>{http://www.appian.com/ae/types/2009}Datetime</type>
        <sourceFieldName>TIMESTAMP</sourceFieldName>
        <sourceFieldType>TIMESTAMP</sourceFieldType>
        <fieldName>timestamp</fieldName>
        <isRecordId>false</isRecordId>
        <isUnique>false</isUnique>
        <isCustomField>false</isCustomField>
        <customFieldExpr/>
        <fieldCalculationType>NA</fieldCalculationType>
        <fieldTemplateType>NA</fieldTemplateType>
        <isRollingSyncSortField>false</isRollingSyncSortField>
      </field>
      <uuid>11f8a86b-da89-4e89-9bc7-2dee1ed8c77a</uuid>
      <refreshSchedule>
        <frequency>DAILY</frequency>
        <value>{"hour":3,"minute":"00","amPM":"AM","timeZone":"Asia/Kolkata","version":"v1"}</value>
        <activated>false</activated>
      </refreshSchedule>
      <skipFailureEnabled>true</skipFailureEnabled>
      <recordIdGeneratorUuid/>
    </a:sourceConfiguration>
    <a:enabledFeatures>255</a:enabledFeatures>
    <a:isVisibleInRecordTypeList>false</a:isVisibleInRecordTypeList>
    <a:recordActionLaunchType>DIALOG</a:recordActionLaunchType>
    <a:showSearchBox>true</a:showSearchBox>
    <a:isVisibleInDataFabric>false</a:isVisibleInDataFabric>
    <a:usesRollingSyncLimit>false</a:usesRollingSyncLimit>
  </recordType>
  <roleMap>
    <role name="record_type_administrator">
      <users/>
      <groups>
        <groupUuid>45cbc61c-0474-4c75-8505-796d36d8e26e</groupUuid>
      </groups>
    </role>
    <role name="record_type_viewer">
      <users/>
      <groups>
        <groupUuid>a1a3e2a1-e856-4284-a601-8360e1515230</groupUuid>
      </groups>
    </role>
  </roleMap>
  <history>
    <historyInfo versionUuid="7093b921-3c13-468a-903a-343bd17a2a53"/>
  </history>
  <migrationVersion>1</migrationVersion>
</recordTypeHaul>
