<?xml version="1.0" encoding="UTF-8"?>
<recordTypeHaul xmlns:a="http://www.appian.com/ae/types/2009" xmlns:xsi="http://www.w3.org/2001/XMLSchema-instance">
  <versionUuid>25d96af9-eaba-4fb0-863a-02bc930b442b</versionUuid>
  <recordType a:uuid="81a8a1cf-13ec-4fff-92ee-0150ee790558" name="SA Task Details Status">
    <a:pluralName>SA Task Details Statuses</a:pluralName>
    <a:description>Contains the status options for Task Detailses.</a:description>
    <a:urlStub>-ca5cw</a:urlStub>
    <a:source xsi:type="a:RecordsReplica"/>
    <a:listViewTemplateExpr>#"SYSTEM_SYSRULES_recordGridField"(
  columns: {
    #"SYSTEM_SYSRULES_gridColumn"(
      label: "Id",
      sortField: #"urn:appian:record-field:v1:81a8a1cf-13ec-4fff-92ee-0150ee790558/2a15e2e1-8eaf-4099-97b6-f84bfcafb57a",
      value: fv!row[#"urn:appian:record-field:v1:81a8a1cf-13ec-4fff-92ee-0150ee790558/2a15e2e1-8eaf-4099-97b6-f84bfcafb57a"],
      align: "END"
    ),
    #"SYSTEM_SYSRULES_gridColumn"(
      label: "Value",
      sortField: #"urn:appian:record-field:v1:81a8a1cf-13ec-4fff-92ee-0150ee790558/3178255b-8476-41b8-b7f0-eb388485fee2",
      value: #"SYSTEM_SYSRULES_linkField"(
        links: {
          #"SYSTEM_SYSRULES_recordLink"(
            label: fv!row[#"urn:appian:record-field:v1:81a8a1cf-13ec-4fff-92ee-0150ee790558/3178255b-8476-41b8-b7f0-eb388485fee2"],
            recordType: #"urn:appian:record-type:v1:81a8a1cf-13ec-4fff-92ee-0150ee790558",
            identifier: fv!identifier
          )
        }
      )
    ),
    #"SYSTEM_SYSRULES_gridColumn"(
      label: "Is Active",
      sortField: #"urn:appian:record-field:v1:81a8a1cf-13ec-4fff-92ee-0150ee790558/8672fcf6-b2b1-4b1b-837f-fc8423155afe",
      value: fv!row[#"urn:appian:record-field:v1:81a8a1cf-13ec-4fff-92ee-0150ee790558/8672fcf6-b2b1-4b1b-837f-fc8423155afe"]
    ),
    #"SYSTEM_SYSRULES_gridColumn"(
      label: "Sort Order",
      sortField: #"urn:appian:record-field:v1:81a8a1cf-13ec-4fff-92ee-0150ee790558/321dd057-847a-4b19-9c61-cf1a50716ee8",
      value: fv!row[#"urn:appian:record-field:v1:81a8a1cf-13ec-4fff-92ee-0150ee790558/321dd057-847a-4b19-9c61-cf1a50716ee8"],
      align: "END"
    )
  },
  pageSize: 50,
  shadeAlternateRows: true
)</a:listViewTemplateExpr>
    <a:detailViewCfg>
      <a:nameExpr>#"SYSTEM_SYSRULES_rtd_getDefaultSummaryViewName"()</a:nameExpr>
      <a:uiExpr/>
      <a:visibilityExpr>=true()</a:visibilityExpr>
      <a:urlStub>summary</a:urlStub>
      <a:headerExpr/>
      <a:recordActionLaunchType>DIALOG</a:recordActionLaunchType>
      <a:recordUiSecurityType>EXPRESSION</a:recordUiSecurityType>
    </a:detailViewCfg>
    <a:isSystem>false</a:isSystem>
    <a:dataSrcExpr/>
    <a:facetsListExpr/>
    <a:titleExpr>rv!record[#"urn:appian:record-field:v1:81a8a1cf-13ec-4fff-92ee-0150ee790558/3178255b-8476-41b8-b7f0-eb388485fee2"]</a:titleExpr>
    <a:defaultFiltersExpr/>
    <a:layoutType>GRID</a:layoutType>
    <a:security>16383</a:security>
    <a:hideLatestNews>false</a:hideLatestNews>
    <a:hideNewsView>false</a:hideNewsView>
    <a:hideRelatedActionsView>false</a:hideRelatedActionsView>
    <a:isExportable>true</a:isExportable>
    <a:listViewSrcExpr/>
    <a:recordViewSrcExpr/>
    <a:recordTypeSearchCfg>
      <searchFieldsSrc>DEFAULT</searchFieldsSrc>
      <placeholderSrc>DEFAULT</placeholderSrc>
      <placeholder/>
    </a:recordTypeSearchCfg>
    <a:iconId/>
    <a:listAutoRefreshInterval>0.0</a:listAutoRefreshInterval>
    <a:sourceConfiguration>
      <sourceUuid>SA_TASK_DETAILS_STATUS@jdbc/Appian</sourceUuid>
      <sourceType>RDBMS_TABLE</sourceType>
      <sourceSubType>NONE</sourceSubType>
      <friendlyName>SA_TASK_DETAILS_STATUS</friendlyName>
      <sourceFilterExpr/>
      <field>
        <uuid>2a15e2e1-8eaf-4099-97b6-f84bfcafb57a</uuid>
        <type>{http://www.appian.com/ae/types/2009}Integer</type>
        <sourceFieldName>ID</sourceFieldName>
        <sourceFieldType>INTEGER</sourceFieldType>
        <fieldName>id</fieldName>
        <isRecordId>true</isRecordId>
        <isUnique>true</isUnique>
        <isCustomField>false</isCustomField>
        <customFieldExpr/>
        <fieldCalculationType>NA</fieldCalculationType>
        <fieldTemplateType>NA</fieldTemplateType>
        <isRollingSyncSortField>false</isRollingSyncSortField>
      </field>
      <field>
        <uuid>3178255b-8476-41b8-b7f0-eb388485fee2</uuid>
        <type>{http://www.appian.com/ae/types/2009}Text</type>
        <sourceFieldName>VALUE</sourceFieldName>
        <sourceFieldType>VARCHAR(255)</sourceFieldType>
        <fieldName>value</fieldName>
        <isRecordId>false</isRecordId>
        <isUnique>false</isUnique>
        <isCustomField>false</isCustomField>
        <customFieldExpr/>
        <fieldCalculationType>NA</fieldCalculationType>
        <fieldTemplateType>NA</fieldTemplateType>
        <isRollingSyncSortField>false</isRollingSyncSortField>
      </field>
      <field>
        <uuid>8672fcf6-b2b1-4b1b-837f-fc8423155afe</uuid>
        <type>{http://www.appian.com/ae/types/2009}Boolean</type>
        <sourceFieldName>IS_ACTIVE</sourceFieldName>
        <sourceFieldType>BIT</sourceFieldType>
        <fieldName>isActive</fieldName>
        <isRecordId>false</isRecordId>
        <isUnique>false</isUnique>
        <isCustomField>false</isCustomField>
        <customFieldExpr/>
        <fieldCalculationType>NA</fieldCalculationType>
        <fieldTemplateType>NA</fieldTemplateType>
        <isRollingSyncSortField>false</isRollingSyncSortField>
      </field>
      <field>
        <uuid>321dd057-847a-4b19-9c61-cf1a50716ee8</uuid>
        <type>{http://www.appian.com/ae/types/2009}Integer</type>
        <sourceFieldName>SORT_ORDER</sourceFieldName>
        <sourceFieldType>INTEGER</sourceFieldType>
        <fieldName>sortOrder</fieldName>
        <isRecordId>false</isRecordId>
        <isUnique>false</isUnique>
        <isCustomField>false</isCustomField>
        <customFieldExpr/>
        <fieldCalculationType>NA</fieldCalculationType>
        <fieldTemplateType>NA</fieldTemplateType>
        <isRollingSyncSortField>false</isRollingSyncSortField>
      </field>
      <uuid>ad9dd04f-5f3e-4745-a27f-711a402057b9</uuid>
      <refreshSchedule>
        <frequency>DAILY</frequency>
        <value>{"hour":3,"minute":"00","amPM":"AM","timeZone":"IST","version":"v1"}</value>
        <activated>false</activated>
      </refreshSchedule>
      <skipFailureEnabled>true</skipFailureEnabled>
      <recordIdGeneratorUuid/>
    </a:sourceConfiguration>
    <a:enabledFeatures>255</a:enabledFeatures>
    <a:isVisibleInRecordTypeList>false</a:isVisibleInRecordTypeList>
    <a:recordActionLaunchType>DIALOG</a:recordActionLaunchType>
    <a:showSearchBox>true</a:showSearchBox>
    <a:isVisibleInDataFabric>false</a:isVisibleInDataFabric>
    <a:usesRollingSyncLimit>false</a:usesRollingSyncLimit>
  </recordType>
  <roleMap>
    <role name="record_type_administrator">
      <users/>
      <groups>
        <groupUuid>45cbc61c-0474-4c75-8505-796d36d8e26e</groupUuid>
      </groups>
    </role>
    <role name="record_type_viewer">
      <users/>
      <groups>
        <groupUuid>a1a3e2a1-e856-4284-a601-8360e1515230</groupUuid>
      </groups>
    </role>
  </roleMap>
  <history>
    <historyInfo versionUuid="25d96af9-eaba-4fb0-863a-02bc930b442b"/>
  </history>
  <migrationVersion>1</migrationVersion>
</recordTypeHaul>
