<?xml version="1.0" encoding="UTF-8"?>
<recordTypeHaul xmlns:a="http://www.appian.com/ae/types/2009" xmlns:xsi="http://www.w3.org/2001/XMLSchema-instance">
  <versionUuid>a7b64d85-4e9a-40bc-8cea-97d432b43f72</versionUuid>
  <recordType a:uuid="826d8fe7-5a45-4699-b6f9-3c87219188b1" name="SA Customer">
    <a:pluralName>Customers</a:pluralName>
    <a:description>This record type contains details of the end users interacting with application</a:description>
    <a:urlStub>w-0VoA</a:urlStub>
    <a:source xsi:type="a:RecordsReplica"/>
    <a:listViewTemplateExpr>#"SYSTEM_SYSRULES_recordGridField"(
  columns: {
    #"SYSTEM_SYSRULES_gridColumn"(
      label: "Customer Id",
      sortField: #"urn:appian:record-field:v1:826d8fe7-5a45-4699-b6f9-3c87219188b1/1a9e0b17-7436-44e6-a796-b29627a62548",
      value: fv!row[#"urn:appian:record-field:v1:826d8fe7-5a45-4699-b6f9-3c87219188b1/1a9e0b17-7436-44e6-a796-b29627a62548"],
      align: "END"
    ),
    #"SYSTEM_SYSRULES_gridColumn"(
      label: "Dob",
      sortField: #"urn:appian:record-field:v1:826d8fe7-5a45-4699-b6f9-3c87219188b1/9f192029-7f04-49ba-b621-111f1cfae4d7",
      value: #"SYSTEM_SYSRULES_linkField"(
        links: {
          #"SYSTEM_SYSRULES_recordLink"(
            label: fv!row[#"urn:appian:record-field:v1:826d8fe7-5a45-4699-b6f9-3c87219188b1/9f192029-7f04-49ba-b621-111f1cfae4d7"],
            recordType: #"urn:appian:record-type:v1:826d8fe7-5a45-4699-b6f9-3c87219188b1",
            identifier: fv!identifier
          )
        }
      ),
      align: "END"
    ),
    #"SYSTEM_SYSRULES_gridColumn"(
      label: "Gender",
      sortField: #"urn:appian:record-field:v1:826d8fe7-5a45-4699-b6f9-3c87219188b1/433c15ec-ae2a-4124-8cca-dca38ffb8874",
      value: fv!row[#"urn:appian:record-field:v1:826d8fe7-5a45-4699-b6f9-3c87219188b1/433c15ec-ae2a-4124-8cca-dca38ffb8874"]
    ),
    #"SYSTEM_SYSRULES_gridColumn"(
      label: "Phone Number",
      sortField: #"urn:appian:record-field:v1:826d8fe7-5a45-4699-b6f9-3c87219188b1/47d28317-7644-4620-a7a8-9842e513980f",
      value: fv!row[#"urn:appian:record-field:v1:826d8fe7-5a45-4699-b6f9-3c87219188b1/47d28317-7644-4620-a7a8-9842e513980f"]
    ),
    #"SYSTEM_SYSRULES_gridColumn"(
      label: "Email Id",
      sortField: #"urn:appian:record-field:v1:826d8fe7-5a45-4699-b6f9-3c87219188b1/a57139dc-5a70-4734-be15-515a09c7ef03",
      value: fv!row[#"urn:appian:record-field:v1:826d8fe7-5a45-4699-b6f9-3c87219188b1/a57139dc-5a70-4734-be15-515a09c7ef03"]
    ),
    #"SYSTEM_SYSRULES_gridColumn"(
      label: "Address",
      sortField: #"urn:appian:record-field:v1:826d8fe7-5a45-4699-b6f9-3c87219188b1/b09331a5-2365-4b62-ba44-d3e51093c3c2",
      value: fv!row[#"urn:appian:record-field:v1:826d8fe7-5a45-4699-b6f9-3c87219188b1/b09331a5-2365-4b62-ba44-d3e51093c3c2"]
    ),
    #"SYSTEM_SYSRULES_gridColumn"(
      label: "First Name",
      sortField: #"urn:appian:record-field:v1:826d8fe7-5a45-4699-b6f9-3c87219188b1/7ade2570-b8f3-49e2-bca3-3d032ef8ff7c",
      value: fv!row[#"urn:appian:record-field:v1:826d8fe7-5a45-4699-b6f9-3c87219188b1/7ade2570-b8f3-49e2-bca3-3d032ef8ff7c"]
    ),
    #"SYSTEM_SYSRULES_gridColumn"(
      label: "Last Name",
      sortField: #"urn:appian:record-field:v1:826d8fe7-5a45-4699-b6f9-3c87219188b1/4f49b7d0-7f7a-4c62-8cd7-df382708b3ad",
      value: fv!row[#"urn:appian:record-field:v1:826d8fe7-5a45-4699-b6f9-3c87219188b1/4f49b7d0-7f7a-4c62-8cd7-df382708b3ad"]
    ),
    #"SYSTEM_SYSRULES_gridColumn"(
      label: "Is Active",
      sortField: #"urn:appian:record-field:v1:826d8fe7-5a45-4699-b6f9-3c87219188b1/460204ab-f1e3-4ea6-8b77-cb85c9f89602",
      value: fv!row[#"urn:appian:record-field:v1:826d8fe7-5a45-4699-b6f9-3c87219188b1/460204ab-f1e3-4ea6-8b77-cb85c9f89602"]
    ),
    #"SYSTEM_SYSRULES_gridColumn"(
      label: "Created By",
      sortField: #"urn:appian:record-field:v1:826d8fe7-5a45-4699-b6f9-3c87219188b1/014215be-7d33-4cde-900f-010b57fe8586",
      value: fv!row[#"urn:appian:record-field:v1:826d8fe7-5a45-4699-b6f9-3c87219188b1/014215be-7d33-4cde-900f-010b57fe8586"]
    ),
    #"SYSTEM_SYSRULES_gridColumn"(
      label: "Created On",
      sortField: #"urn:appian:record-field:v1:826d8fe7-5a45-4699-b6f9-3c87219188b1/74b5bb15-96c5-4016-855b-2ff0d2793f94",
      value: if(
      isnull(fv!row[#"urn:appian:record-field:v1:826d8fe7-5a45-4699-b6f9-3c87219188b1/74b5bb15-96c5-4016-855b-2ff0d2793f94"]),
      fv!row[#"urn:appian:record-field:v1:826d8fe7-5a45-4699-b6f9-3c87219188b1/74b5bb15-96c5-4016-855b-2ff0d2793f94"],
      datetext(fv!row[#"urn:appian:record-field:v1:826d8fe7-5a45-4699-b6f9-3c87219188b1/74b5bb15-96c5-4016-855b-2ff0d2793f94"], "default")
      ),
      align: "END"
    ),
    #"SYSTEM_SYSRULES_gridColumn"(
      label: "Modified By",
      sortField: #"urn:appian:record-field:v1:826d8fe7-5a45-4699-b6f9-3c87219188b1/e15fe805-82cc-4fe4-a634-840d34b5ef8d",
      value: fv!row[#"urn:appian:record-field:v1:826d8fe7-5a45-4699-b6f9-3c87219188b1/e15fe805-82cc-4fe4-a634-840d34b5ef8d"]
    ),
    #"SYSTEM_SYSRULES_gridColumn"(
      label: "Modified On",
      sortField: #"urn:appian:record-field:v1:826d8fe7-5a45-4699-b6f9-3c87219188b1/857ee604-e0b6-4798-91e8-6f3338d28e54",
      value: if(
      isnull(fv!row[#"urn:appian:record-field:v1:826d8fe7-5a45-4699-b6f9-3c87219188b1/857ee604-e0b6-4798-91e8-6f3338d28e54"]),
      fv!row[#"urn:appian:record-field:v1:826d8fe7-5a45-4699-b6f9-3c87219188b1/857ee604-e0b6-4798-91e8-6f3338d28e54"],
      datetext(fv!row[#"urn:appian:record-field:v1:826d8fe7-5a45-4699-b6f9-3c87219188b1/857ee604-e0b6-4798-91e8-6f3338d28e54"], "default")
      ),
      align: "END"
    )
  },
  pageSize: 50,
  shadeAlternateRows: true
)</a:listViewTemplateExpr>
    <a:detailViewCfg>
      <a:nameExpr>#"SYSTEM_SYSRULES_rtd_getDefaultSummaryViewName"()</a:nameExpr>
      <a:uiExpr>#"3aafde17-e196-48c8-8ddb-ceed9493d1cb"(record: rv!record)</a:uiExpr>
      <a:visibilityExpr>=true()</a:visibilityExpr>
      <a:urlStub>summary</a:urlStub>
      <a:headerExpr/>
      <a:recordActionLaunchType>DIALOG</a:recordActionLaunchType>
      <a:recordUiSecurityType>EXPRESSION</a:recordUiSecurityType>
    </a:detailViewCfg>
    <a:isSystem>false</a:isSystem>
    <a:dataSrcExpr/>
    <a:facetsListExpr/>
    <a:titleExpr>rv!record[#"urn:appian:record-field:v1:826d8fe7-5a45-4699-b6f9-3c87219188b1/1a9e0b17-7436-44e6-a796-b29627a62548"]</a:titleExpr>
    <a:defaultFiltersExpr/>
    <a:layoutType>GRID</a:layoutType>
    <a:security>16383</a:security>
    <a:hideLatestNews>false</a:hideLatestNews>
    <a:hideNewsView>false</a:hideNewsView>
    <a:hideRelatedActionsView>false</a:hideRelatedActionsView>
    <a:isExportable>true</a:isExportable>
    <a:listViewSrcExpr/>
    <a:recordViewSrcExpr/>
    <a:recordRelationshipCfg>
      <uuid>24b7d4b7-42d5-490f-a5a5-ad203add832a</uuid>
      <relationshipName>request</relationshipName>
      <targetRecordTypeUuid>e29ff48d-88a7-4b94-b317-2a3d3f8f9e4a</targetRecordTypeUuid>
      <relationshipType>ONE_TO_MANY</relationshipType>
      <relationshipData>{"sourceRecordTypeFieldUuid":"1a9e0b17-7436-44e6-a796-b29627a62548","targetRecordTypeFieldUuid":"a39f236d-99cd-4494-8f9e-70f6e494107d","relationshipOperator":"1","joinTableSourceField":"","joinTableTargetField":""}</relationshipData>
      <updateBehavior>CASCADING</updateBehavior>
    </a:recordRelationshipCfg>
    <a:recordRelationshipCfg>
      <uuid>900a4e86-e875-4cee-8d4b-e27b6a090e92</uuid>
      <relationshipName>saActivity</relationshipName>
      <targetRecordTypeUuid>3390fdfd-354c-4c45-8f06-a0e63d262086</targetRecordTypeUuid>
      <relationshipType>ONE_TO_MANY</relationshipType>
      <relationshipData>{"sourceRecordTypeFieldUuid":"1a9e0b17-7436-44e6-a796-b29627a62548","targetRecordTypeFieldUuid":"a1d7fb81-1fd3-40ed-872b-b8a50028c234","relationshipOperator":"1","joinTableSourceField":"","joinTableTargetField":""}</relationshipData>
      <updateBehavior>CASCADING</updateBehavior>
    </a:recordRelationshipCfg>
    <a:recordRelationshipCfg>
      <uuid>4120fd79-7c4f-44ab-b822-330a43c90599</uuid>
      <relationshipName>eventHistory</relationshipName>
      <targetRecordTypeUuid>7093b921-3c13-468a-903a-343bd17a2a53</targetRecordTypeUuid>
      <relationshipType>ONE_TO_MANY</relationshipType>
      <relationshipData>{"sourceRecordTypeFieldUuid":"1a9e0b17-7436-44e6-a796-b29627a62548","targetRecordTypeFieldUuid":"28515aec-322c-4028-8df7-93b2c418523d","relationshipOperator":"1","joinTableSourceField":"","joinTableTargetField":""}</relationshipData>
      <updateBehavior>CASCADING</updateBehavior>
    </a:recordRelationshipCfg>
    <a:recordTypeSearchCfg>
      <searchFieldsSrc>DEFAULT</searchFieldsSrc>
      <placeholderSrc>DEFAULT</placeholderSrc>
      <placeholder/>
    </a:recordTypeSearchCfg>
    <a:iconId/>
    <a:listAutoRefreshInterval>0.0</a:listAutoRefreshInterval>
    <a:sourceConfiguration>
      <sourceUuid>SA_CUSTOMER@jdbc/Appian</sourceUuid>
      <sourceType>RDBMS_TABLE</sourceType>
      <sourceSubType>NONE</sourceSubType>
      <friendlyName>SA_CUSTOMER</friendlyName>
      <sourceFilterExpr/>
      <field>
        <uuid>1a9e0b17-7436-44e6-a796-b29627a62548</uuid>
        <type>{http://www.appian.com/ae/types/2009}Integer</type>
        <sourceFieldName>CUSTOME_ID</sourceFieldName>
        <sourceFieldType>INTEGER</sourceFieldType>
        <fieldName>customerId</fieldName>
        <isRecordId>true</isRecordId>
        <isUnique>true</isUnique>
        <isCustomField>false</isCustomField>
        <customFieldExpr/>
        <customFieldDefaultValueStr>null</customFieldDefaultValueStr>
        <fieldCalculationType>NA</fieldCalculationType>
        <fieldTemplateType>NA</fieldTemplateType>
        <isRollingSyncSortField>false</isRollingSyncSortField>
      </field>
      <field>
        <uuid>9f192029-7f04-49ba-b621-111f1cfae4d7</uuid>
        <type>{http://www.appian.com/ae/types/2009}Date</type>
        <sourceFieldName>DOB</sourceFieldName>
        <sourceFieldType>DATE</sourceFieldType>
        <fieldName>dob</fieldName>
        <isRecordId>false</isRecordId>
        <isUnique>false</isUnique>
        <isCustomField>false</isCustomField>
        <customFieldExpr/>
        <customFieldDefaultValueStr>null</customFieldDefaultValueStr>
        <fieldCalculationType>NA</fieldCalculationType>
        <fieldTemplateType>NA</fieldTemplateType>
        <isRollingSyncSortField>false</isRollingSyncSortField>
      </field>
      <field>
        <uuid>433c15ec-ae2a-4124-8cca-dca38ffb8874</uuid>
        <type>{http://www.appian.com/ae/types/2009}Text</type>
        <sourceFieldName>GENDER</sourceFieldName>
        <sourceFieldType>VARCHAR(255)</sourceFieldType>
        <fieldName>gender</fieldName>
        <isRecordId>false</isRecordId>
        <isUnique>false</isUnique>
        <isCustomField>false</isCustomField>
        <customFieldExpr/>
        <customFieldDefaultValueStr>null</customFieldDefaultValueStr>
        <fieldCalculationType>NA</fieldCalculationType>
        <fieldTemplateType>NA</fieldTemplateType>
        <isRollingSyncSortField>false</isRollingSyncSortField>
      </field>
      <field>
        <uuid>47d28317-7644-4620-a7a8-9842e513980f</uuid>
        <type>{http://www.appian.com/ae/types/2009}Text</type>
        <sourceFieldName>PHONE</sourceFieldName>
        <sourceFieldType>VARCHAR(255)</sourceFieldType>
        <fieldName>phoneNumber</fieldName>
        <isRecordId>false</isRecordId>
        <isUnique>false</isUnique>
        <isCustomField>false</isCustomField>
        <customFieldExpr/>
        <customFieldDefaultValueStr>null</customFieldDefaultValueStr>
        <fieldCalculationType>NA</fieldCalculationType>
        <fieldTemplateType>NA</fieldTemplateType>
        <isRollingSyncSortField>false</isRollingSyncSortField>
      </field>
      <field>
        <uuid>a57139dc-5a70-4734-be15-515a09c7ef03</uuid>
        <type>{http://www.appian.com/ae/types/2009}Text</type>
        <sourceFieldName>EMAIL</sourceFieldName>
        <sourceFieldType>VARCHAR(255)</sourceFieldType>
        <fieldName>emailId</fieldName>
        <isRecordId>false</isRecordId>
        <isUnique>false</isUnique>
        <isCustomField>false</isCustomField>
        <customFieldExpr/>
        <customFieldDefaultValueStr>null</customFieldDefaultValueStr>
        <fieldCalculationType>NA</fieldCalculationType>
        <fieldTemplateType>NA</fieldTemplateType>
        <isRollingSyncSortField>false</isRollingSyncSortField>
      </field>
      <field>
        <uuid>b09331a5-2365-4b62-ba44-d3e51093c3c2</uuid>
        <type>{http://www.appian.com/ae/types/2009}Text</type>
        <sourceFieldName>ADDRESS</sourceFieldName>
        <sourceFieldType>VARCHAR(255)</sourceFieldType>
        <fieldName>address</fieldName>
        <isRecordId>false</isRecordId>
        <isUnique>false</isUnique>
        <isCustomField>false</isCustomField>
        <customFieldExpr/>
        <customFieldDefaultValueStr>null</customFieldDefaultValueStr>
        <fieldCalculationType>NA</fieldCalculationType>
        <fieldTemplateType>NA</fieldTemplateType>
        <isRollingSyncSortField>false</isRollingSyncSortField>
      </field>
      <field>
        <uuid>7ade2570-b8f3-49e2-bca3-3d032ef8ff7c</uuid>
        <type>{http://www.appian.com/ae/types/2009}Text</type>
        <sourceFieldName>FIRST_NAME</sourceFieldName>
        <sourceFieldType>VARCHAR</sourceFieldType>
        <fieldName>firstName</fieldName>
        <isRecordId>false</isRecordId>
        <isUnique>false</isUnique>
        <isCustomField>false</isCustomField>
        <customFieldExpr/>
        <customFieldDefaultValueStr>null</customFieldDefaultValueStr>
        <fieldCalculationType>NA</fieldCalculationType>
        <fieldTemplateType>NA</fieldTemplateType>
        <isRollingSyncSortField>false</isRollingSyncSortField>
      </field>
      <field>
        <uuid>4f49b7d0-7f7a-4c62-8cd7-df382708b3ad</uuid>
        <type>{http://www.appian.com/ae/types/2009}Text</type>
        <sourceFieldName>LAST_NAME</sourceFieldName>
        <sourceFieldType>VARCHAR(255)</sourceFieldType>
        <fieldName>lastName</fieldName>
        <isRecordId>false</isRecordId>
        <isUnique>false</isUnique>
        <isCustomField>false</isCustomField>
        <customFieldExpr/>
        <customFieldDefaultValueStr>null</customFieldDefaultValueStr>
        <fieldCalculationType>NA</fieldCalculationType>
        <fieldTemplateType>NA</fieldTemplateType>
        <isRollingSyncSortField>false</isRollingSyncSortField>
      </field>
      <field>
        <uuid>460204ab-f1e3-4ea6-8b77-cb85c9f89602</uuid>
        <type>{http://www.appian.com/ae/types/2009}Boolean</type>
        <sourceFieldName>IS_ACTIVE</sourceFieldName>
        <sourceFieldType>BIT</sourceFieldType>
        <fieldName>isActive</fieldName>
        <isRecordId>false</isRecordId>
        <isUnique>false</isUnique>
        <isCustomField>false</isCustomField>
        <customFieldExpr/>
        <customFieldDefaultValueStr>null</customFieldDefaultValueStr>
        <fieldCalculationType>NA</fieldCalculationType>
        <fieldTemplateType>NA</fieldTemplateType>
        <isRollingSyncSortField>false</isRollingSyncSortField>
      </field>
      <field>
        <uuid>014215be-7d33-4cde-900f-010b57fe8586</uuid>
        <type>{http://www.appian.com/ae/types/2009}Text</type>
        <sourceFieldName>CREATED_BY</sourceFieldName>
        <sourceFieldType>VARCHAR(255)</sourceFieldType>
        <fieldName>createdBy</fieldName>
        <isRecordId>false</isRecordId>
        <isUnique>false</isUnique>
        <isCustomField>false</isCustomField>
        <customFieldExpr/>
        <customFieldDefaultValueStr>null</customFieldDefaultValueStr>
        <fieldCalculationType>NA</fieldCalculationType>
        <fieldTemplateType>NA</fieldTemplateType>
        <isRollingSyncSortField>false</isRollingSyncSortField>
      </field>
      <field>
        <uuid>74b5bb15-96c5-4016-855b-2ff0d2793f94</uuid>
        <type>{http://www.appian.com/ae/types/2009}Datetime</type>
        <sourceFieldName>CREATED_ON</sourceFieldName>
        <sourceFieldType>TIMESTAMP</sourceFieldType>
        <fieldName>createdOn</fieldName>
        <isRecordId>false</isRecordId>
        <isUnique>false</isUnique>
        <isCustomField>false</isCustomField>
        <customFieldExpr/>
        <customFieldDefaultValueStr>null</customFieldDefaultValueStr>
        <fieldCalculationType>NA</fieldCalculationType>
        <fieldTemplateType>NA</fieldTemplateType>
        <isRollingSyncSortField>false</isRollingSyncSortField>
      </field>
      <field>
        <uuid>e15fe805-82cc-4fe4-a634-840d34b5ef8d</uuid>
        <type>{http://www.appian.com/ae/types/2009}Text</type>
        <sourceFieldName>MODIFIED_BY</sourceFieldName>
        <sourceFieldType>VARCHAR(255)</sourceFieldType>
        <fieldName>modifiedBy</fieldName>
        <isRecordId>false</isRecordId>
        <isUnique>false</isUnique>
        <isCustomField>false</isCustomField>
        <customFieldExpr/>
        <customFieldDefaultValueStr>null</customFieldDefaultValueStr>
        <fieldCalculationType>NA</fieldCalculationType>
        <fieldTemplateType>NA</fieldTemplateType>
        <isRollingSyncSortField>false</isRollingSyncSortField>
      </field>
      <field>
        <uuid>857ee604-e0b6-4798-91e8-6f3338d28e54</uuid>
        <type>{http://www.appian.com/ae/types/2009}Datetime</type>
        <sourceFieldName>MODIFIED_ON</sourceFieldName>
        <sourceFieldType>TIMESTAMP</sourceFieldType>
        <fieldName>modifiedOn</fieldName>
        <isRecordId>false</isRecordId>
        <isUnique>false</isUnique>
        <isCustomField>false</isCustomField>
        <customFieldExpr/>
        <customFieldDefaultValueStr>null</customFieldDefaultValueStr>
        <fieldCalculationType>NA</fieldCalculationType>
        <fieldTemplateType>NA</fieldTemplateType>
        <isRollingSyncSortField>false</isRollingSyncSortField>
      </field>
      <field>
        <uuid>edfbe8f7-8baa-42d3-81ac-d90553e332af</uuid>
        <type>{http://www.appian.com/ae/types/2009}Decimal</type>
        <sourceFieldName/>
        <sourceFieldType/>
        <fieldName>scoreAvg</fieldName>
        <isRecordId>false</isRecordId>
        <isUnique>false</isUnique>
        <isCustomField>true</isCustomField>
        <customFieldExpr>#"SYSTEM_SYSRULES_measure"(
  function: "AVG",
  field: #"urn:appian:record-field:v1:826d8fe7-5a45-4699-b6f9-3c87219188b1/24b7d4b7-42d5-490f-a5a5-ad203add832a/66ddebfc-bac9-4f5e-b984-4a850ffe1b45"
)</customFieldExpr>
        <customFieldDefaultValueStr>null</customFieldDefaultValueStr>
        <fieldCalculationType>QUERY_TIME</fieldCalculationType>
        <fieldTemplateType>AGGREGATION</fieldTemplateType>
        <isRollingSyncSortField>false</isRollingSyncSortField>
      </field>
      <uuid>7e1ffa21-e9a4-4e39-9dad-66c94a1ff314</uuid>
      <refreshSchedule>
        <frequency>DAILY</frequency>
        <value>{"hour":3,"minute":"00","amPM":"AM","timeZone":"IST","version":"v1"}</value>
        <activated>false</activated>
      </refreshSchedule>
      <skipFailureEnabled>true</skipFailureEnabled>
      <recordIdGeneratorUuid/>
    </a:sourceConfiguration>
    <a:enabledFeatures>255</a:enabledFeatures>
    <a:isVisibleInRecordTypeList>true</a:isVisibleInRecordTypeList>
    <a:recordActionLaunchType>DIALOG</a:recordActionLaunchType>
    <a:showSearchBox>true</a:showSearchBox>
    <a:recordEventsConfig>
      <uuid>b24e8d07-6542-4c3b-9678-aa45232163ab</uuid>
      <eventRecordTypeUuid>7093b921-3c13-468a-903a-343bd17a2a53</eventRecordTypeUuid>
      <eventRelationshipUuid>4120fd79-7c4f-44ab-b822-330a43c90599</eventRelationshipUuid>
      <eventTypeRecordTypeUuid>dd71dbd9-d1b3-482b-91ee-9535d64e72e9</eventTypeRecordTypeUuid>
      <eventTypeRelationshipUuid>6fd69154-beb8-495f-a32f-1373cf89fc8d</eventTypeRelationshipUuid>
      <eventTimestampFieldUuid>8a2a894a-9790-4d8f-8161-1941c28a43f4</eventTimestampFieldUuid>
      <eventUserFieldUuid>6b8947d8-3196-45a5-b788-e16cf4fefc6d</eventUserFieldUuid>
      <eventTypeValueFieldUuid>802404ed-5b65-4603-b0e9-02f504d456cb</eventTypeValueFieldUuid>
      <generateCommonEvents>true</generateCommonEvents>
      <eventAutomationIdentifierFieldUuid>5910b3a5-7b2c-4590-a8fd-81a4811f1818</eventAutomationIdentifierFieldUuid>
    </a:recordEventsConfig>
    <a:isVisibleInDataFabric>true</a:isVisibleInDataFabric>
    <a:usesRollingSyncLimit>false</a:usesRollingSyncLimit>
  </recordType>
  <roleMap>
    <role name="record_type_administrator">
      <users/>
      <groups>
        <groupUuid>45cbc61c-0474-4c75-8505-796d36d8e26e</groupUuid>
      </groups>
    </role>
    <role name="record_type_viewer">
      <users/>
      <groups>
        <groupUuid>a1a3e2a1-e856-4284-a601-8360e1515230</groupUuid>
      </groups>
    </role>
  </roleMap>
  <history>
    <historyInfo versionUuid="971062f3-e362-4f34-9a2d-88fca894f880"/>
    <historyInfo versionUuid="271c0ee3-2533-44ce-91c6-e12eed8e9494"/>
    <historyInfo versionUuid="c72d4fc0-b08c-4a3e-a943-97736e20d29e"/>
    <historyInfo versionUuid="c255aeea-1996-4259-a1e3-bafa796ccce4"/>
    <historyInfo versionUuid="71a13bec-68a8-4082-a6a3-dc64f479ac7e"/>
    <historyInfo versionUuid="07700936-37d7-4204-926d-3e724600754c"/>
    <historyInfo versionUuid="99f44f87-92fc-464f-a1e2-48af78bf90fb"/>
    <historyInfo versionUuid="aa23d505-42b7-485e-8c71-5066d67fb365"/>
    <historyInfo versionUuid="d4a1043e-0f65-44f9-aaf7-cd5cc65bcba4"/>
    <historyInfo versionUuid="2ed2d0ad-2e8c-4fce-bce9-3ba7434aa94c"/>
    <historyInfo versionUuid="5831f9cd-805f-4ea8-b536-92f90079d62f"/>
    <historyInfo versionUuid="b0949076-5186-42f7-b54f-b795b00936ef"/>
    <historyInfo versionUuid="4e7c330e-37f9-4060-85cf-c63b8815c6fb"/>
    <historyInfo versionUuid="1aa8b971-c507-45a6-8154-8139feff772c"/>
    <historyInfo versionUuid="c1223639-db43-4d94-bb06-b8c5368683b0"/>
    <historyInfo versionUuid="a34dd97e-9133-440a-a070-4bc33336756f"/>
    <historyInfo versionUuid="b3d91c78-2e24-4e2b-8897-8fe70e627e22"/>
    <historyInfo versionUuid="339cc4da-5092-4832-af65-3e216e76dbc6"/>
    <historyInfo versionUuid="0ff4b3d9-1cf2-4efc-9f16-a9ba8ec139fa"/>
    <historyInfo versionUuid="ce089d77-8204-4bc0-b882-d979b0120f4a"/>
    <historyInfo versionUuid="a7b64d85-4e9a-40bc-8cea-97d432b43f72"/>
  </history>
  <migrationVersion>1</migrationVersion>
</recordTypeHaul>
