<?xml version="1.0" encoding="UTF-8"?>
<recordTypeHaul xmlns:a="http://www.appian.com/ae/types/2009" xmlns:xsi="http://www.w3.org/2001/XMLSchema-instance">
  <versionUuid>ae2ab7ac-63de-416b-918d-d8b6b1a38a38</versionUuid>
  <recordType a:uuid="b759976b-2457-4ac2-8fa2-c68e6a797d71" name="SA Task Details">
    <a:pluralName>Task Detailses</a:pluralName>
    <a:description>Contains activity task details</a:description>
    <a:urlStub>KZyeNQ</a:urlStub>
    <a:source xsi:type="a:RecordsReplica"/>
    <a:listViewTemplateExpr>#"SYSTEM_SYSRULES_recordGridField"(
  columns: {
    #"SYSTEM_SYSRULES_gridColumn"(
      label: "Task Id",
      sortField: #"urn:appian:record-field:v1:b759976b-2457-4ac2-8fa2-c68e6a797d71/12ef1026-40a9-4267-8781-7ef9e56234cc",
      value: fv!row[#"urn:appian:record-field:v1:b759976b-2457-4ac2-8fa2-c68e6a797d71/12ef1026-40a9-4267-8781-7ef9e56234cc"],
      align: "END"
    ),
    #"SYSTEM_SYSRULES_gridColumn"(
      label: "Title",
      sortField: #"urn:appian:record-field:v1:b759976b-2457-4ac2-8fa2-c68e6a797d71/ac0a22f5-4ed1-4269-be63-939a1281f594",
      value: #"SYSTEM_SYSRULES_linkField"(
        links: {
          #"SYSTEM_SYSRULES_recordLink"(
            label: fv!row[#"urn:appian:record-field:v1:b759976b-2457-4ac2-8fa2-c68e6a797d71/ac0a22f5-4ed1-4269-be63-939a1281f594"],
            recordType: #"urn:appian:record-type:v1:b759976b-2457-4ac2-8fa2-c68e6a797d71",
            identifier: fv!identifier
          )
        }
      )
    ),
    #"SYSTEM_SYSRULES_gridColumn"(
      label: "Description",
      sortField: #"urn:appian:record-field:v1:b759976b-2457-4ac2-8fa2-c68e6a797d71/15770a0f-462d-468d-86bd-26d5ba343adf",
      value: fv!row[#"urn:appian:record-field:v1:b759976b-2457-4ac2-8fa2-c68e6a797d71/15770a0f-462d-468d-86bd-26d5ba343adf"]
    ),
    #"SYSTEM_SYSRULES_gridColumn"(
      label: "Assigned To",
      sortField: #"urn:appian:record-field:v1:b759976b-2457-4ac2-8fa2-c68e6a797d71/7aca2291-061e-49ae-8d8b-046542356da1",
      value: fv!row[#"urn:appian:record-field:v1:b759976b-2457-4ac2-8fa2-c68e6a797d71/7aca2291-061e-49ae-8d8b-046542356da1"]
    ),
    #"SYSTEM_SYSRULES_gridColumn"(
      label: "Status",
      sortField: #"urn:appian:record-field:v1:b759976b-2457-4ac2-8fa2-c68e6a797d71/9da4acc4-99ac-4a5c-bf2d-9adb4d518b6b/3178255b-8476-41b8-b7f0-eb388485fee2",
      value: fv!row[#"urn:appian:record-field:v1:b759976b-2457-4ac2-8fa2-c68e6a797d71/9da4acc4-99ac-4a5c-bf2d-9adb4d518b6b/3178255b-8476-41b8-b7f0-eb388485fee2"],
      align: "END"
    ),
    #"SYSTEM_SYSRULES_gridColumn"(
      label: "Priority",
      sortField: #"urn:appian:record-field:v1:b759976b-2457-4ac2-8fa2-c68e6a797d71/b8c5c9a7-04e3-41db-81d2-1b1330952bce/74635769-7a0b-4c3a-b6b7-9826f4404d1d",
      value: fv!row[#"urn:appian:record-field:v1:b759976b-2457-4ac2-8fa2-c68e6a797d71/b8c5c9a7-04e3-41db-81d2-1b1330952bce/74635769-7a0b-4c3a-b6b7-9826f4404d1d"],
      align: "END"
    ),
    #"SYSTEM_SYSRULES_gridColumn"(
      label: "Customer Id",
      sortField: #"urn:appian:record-field:v1:b759976b-2457-4ac2-8fa2-c68e6a797d71/67ae64ae-b533-4a35-a88e-5c367bf74a30",
      value: fv!row[#"urn:appian:record-field:v1:b759976b-2457-4ac2-8fa2-c68e6a797d71/67ae64ae-b533-4a35-a88e-5c367bf74a30"],
      align: "END"
    ),
    #"SYSTEM_SYSRULES_gridColumn"(
      label: "Request Id",
      sortField: #"urn:appian:record-field:v1:b759976b-2457-4ac2-8fa2-c68e6a797d71/fbbc1369-c39d-48fa-9f7c-62241f50c2a5",
      value: fv!row[#"urn:appian:record-field:v1:b759976b-2457-4ac2-8fa2-c68e6a797d71/fbbc1369-c39d-48fa-9f7c-62241f50c2a5"],
      align: "END"
    ),
    #"SYSTEM_SYSRULES_gridColumn"(
      label: "Activity Id",
      sortField: #"urn:appian:record-field:v1:b759976b-2457-4ac2-8fa2-c68e6a797d71/4d5e4e2d-b471-4b7d-beb8-b9debc62cdab",
      value: fv!row[#"urn:appian:record-field:v1:b759976b-2457-4ac2-8fa2-c68e6a797d71/4d5e4e2d-b471-4b7d-beb8-b9debc62cdab"],
      align: "END"
    ),
    #"SYSTEM_SYSRULES_gridColumn"(
      label: "Completion Date",
      sortField: #"urn:appian:record-field:v1:b759976b-2457-4ac2-8fa2-c68e6a797d71/c295f53d-e310-4a43-ac9b-9e8ec74331fd",
      value: if(
      isnull(fv!row[#"urn:appian:record-field:v1:b759976b-2457-4ac2-8fa2-c68e6a797d71/c295f53d-e310-4a43-ac9b-9e8ec74331fd"]),
      fv!row[#"urn:appian:record-field:v1:b759976b-2457-4ac2-8fa2-c68e6a797d71/c295f53d-e310-4a43-ac9b-9e8ec74331fd"],
      datetext(fv!row[#"urn:appian:record-field:v1:b759976b-2457-4ac2-8fa2-c68e6a797d71/c295f53d-e310-4a43-ac9b-9e8ec74331fd"], "default")
      ),
      align: "END"
    ),
    #"SYSTEM_SYSRULES_gridColumn"(
      label: "Created By",
      sortField: #"urn:appian:record-field:v1:b759976b-2457-4ac2-8fa2-c68e6a797d71/c47f65c1-ac10-4684-80f1-100e3319aeb8",
      value: fv!row[#"urn:appian:record-field:v1:b759976b-2457-4ac2-8fa2-c68e6a797d71/c47f65c1-ac10-4684-80f1-100e3319aeb8"]
    ),
    #"SYSTEM_SYSRULES_gridColumn"(
      label: "Created On",
      sortField: #"urn:appian:record-field:v1:b759976b-2457-4ac2-8fa2-c68e6a797d71/0e74ed39-290e-4451-be81-9efe812c9126",
      value: if(
      isnull(fv!row[#"urn:appian:record-field:v1:b759976b-2457-4ac2-8fa2-c68e6a797d71/0e74ed39-290e-4451-be81-9efe812c9126"]),
      fv!row[#"urn:appian:record-field:v1:b759976b-2457-4ac2-8fa2-c68e6a797d71/0e74ed39-290e-4451-be81-9efe812c9126"],
      datetext(fv!row[#"urn:appian:record-field:v1:b759976b-2457-4ac2-8fa2-c68e6a797d71/0e74ed39-290e-4451-be81-9efe812c9126"], "default")
      ),
      align: "END"
    ),
    #"SYSTEM_SYSRULES_gridColumn"(
      label: "Modified By",
      sortField: #"urn:appian:record-field:v1:b759976b-2457-4ac2-8fa2-c68e6a797d71/064e4ed3-c35a-40f1-960a-02d9a27d31a3",
      value: fv!row[#"urn:appian:record-field:v1:b759976b-2457-4ac2-8fa2-c68e6a797d71/064e4ed3-c35a-40f1-960a-02d9a27d31a3"]
    ),
    #"SYSTEM_SYSRULES_gridColumn"(
      label: "Modified On",
      sortField: #"urn:appian:record-field:v1:b759976b-2457-4ac2-8fa2-c68e6a797d71/624e0875-563b-4965-baf1-c841ee127297",
      value: if(
      isnull(fv!row[#"urn:appian:record-field:v1:b759976b-2457-4ac2-8fa2-c68e6a797d71/624e0875-563b-4965-baf1-c841ee127297"]),
      fv!row[#"urn:appian:record-field:v1:b759976b-2457-4ac2-8fa2-c68e6a797d71/624e0875-563b-4965-baf1-c841ee127297"],
      datetext(fv!row[#"urn:appian:record-field:v1:b759976b-2457-4ac2-8fa2-c68e6a797d71/624e0875-563b-4965-baf1-c841ee127297"], "default")
      ),
      align: "END"
    )
  },
  pageSize: 50,
  shadeAlternateRows: true
)</a:listViewTemplateExpr>
    <a:fieldCfg a:uuid="6d31e904-1aff-4b07-a9a0-5ac4f61e5ea4" name="SA Task Details Status">
      <a:description/>
      <a:sourceRef>9da4acc4-99ac-4a5c-bf2d-9adb4d518b6b/3178255b-8476-41b8-b7f0-eb388485fee2</a:sourceRef>
      <a:isSortable>false</a:isSortable>
      <a:isSearchable>false</a:isSearchable>
      <a:isFacet>true</a:isFacet>
      <a:facetType>CUSTOM_BUCKETS_CLOSED</a:facetType>
      <a:isExclusiveFacet>true</a:isExclusiveFacet>
      <a:facetLabelExpr>"Status"</a:facetLabelExpr>
      <a:sortOrderIndex>0</a:sortOrderIndex>
      <a:facetOrderIndex>0</a:facetOrderIndex>
      <a:visibilityExpr/>
      <a:defaultOptionExpr/>
      <a:allowMultipleSelections>true</a:allowMultipleSelections>
      <a:relatedRecordFieldUuid>9da4acc4-99ac-4a5c-bf2d-9adb4d518b6b/3178255b-8476-41b8-b7f0-eb388485fee2</a:relatedRecordFieldUuid>
    </a:fieldCfg>
    <a:fieldCfg a:uuid="cbbd8e56-4a0c-4080-a0d4-f1fba73eb977" name="SA Task Details Priority">
      <a:description/>
      <a:sourceRef>b8c5c9a7-04e3-41db-81d2-1b1330952bce/74635769-7a0b-4c3a-b6b7-9826f4404d1d</a:sourceRef>
      <a:isSortable>false</a:isSortable>
      <a:isSearchable>false</a:isSearchable>
      <a:isFacet>true</a:isFacet>
      <a:facetType>CUSTOM_BUCKETS_CLOSED</a:facetType>
      <a:isExclusiveFacet>true</a:isExclusiveFacet>
      <a:facetLabelExpr>"Priority"</a:facetLabelExpr>
      <a:sortOrderIndex>1</a:sortOrderIndex>
      <a:facetOrderIndex>1</a:facetOrderIndex>
      <a:visibilityExpr/>
      <a:defaultOptionExpr/>
      <a:allowMultipleSelections>true</a:allowMultipleSelections>
      <a:relatedRecordFieldUuid>b8c5c9a7-04e3-41db-81d2-1b1330952bce/74635769-7a0b-4c3a-b6b7-9826f4404d1d</a:relatedRecordFieldUuid>
    </a:fieldCfg>
    <a:fieldCfg a:uuid="1e9a7b70-71c1-437b-8597-a0a5dd3891a7" name="SA Activity">
      <a:description/>
      <a:sourceRef>c6ef9d56-73e0-4248-ab1b-80d4e776854d/8ed07354-ecb4-4fe3-a0d0-4373cb0ed6a1</a:sourceRef>
      <a:isSortable>false</a:isSortable>
      <a:isSearchable>false</a:isSearchable>
      <a:isFacet>true</a:isFacet>
      <a:facetType>CUSTOM_BUCKETS_CLOSED</a:facetType>
      <a:isExclusiveFacet>true</a:isExclusiveFacet>
      <a:facetLabelExpr>"Activity"</a:facetLabelExpr>
      <a:sortOrderIndex>2</a:sortOrderIndex>
      <a:facetOrderIndex>2</a:facetOrderIndex>
      <a:visibilityExpr/>
      <a:defaultOptionExpr/>
      <a:allowMultipleSelections>true</a:allowMultipleSelections>
      <a:relatedRecordFieldUuid>c6ef9d56-73e0-4248-ab1b-80d4e776854d/8ed07354-ecb4-4fe3-a0d0-4373cb0ed6a1</a:relatedRecordFieldUuid>
    </a:fieldCfg>
    <a:detailViewCfg>
      <a:nameExpr>"Task Detailed Summary"</a:nameExpr>
      <a:uiExpr>#"b374f6a1-99e9-454a-9adc-1b0081ebb109"(record: rv!record)</a:uiExpr>
      <a:visibilityExpr>=true()</a:visibilityExpr>
      <a:urlStub>summary</a:urlStub>
      <a:headerExpr/>
      <a:recordActionLaunchType>DIALOG</a:recordActionLaunchType>
      <a:recordUiSecurityType>EXPRESSION</a:recordUiSecurityType>
    </a:detailViewCfg>
    <a:isSystem>false</a:isSystem>
    <a:dataSrcExpr/>
    <a:facetsListExpr/>
    <a:titleExpr>"Task" &amp;" "&amp; rv!record[#"urn:appian:record-field:v1:b759976b-2457-4ac2-8fa2-c68e6a797d71/12ef1026-40a9-4267-8781-7ef9e56234cc"]</a:titleExpr>
    <a:defaultFiltersExpr/>
    <a:layoutType>GRID</a:layoutType>
    <a:security>16383</a:security>
    <a:hideLatestNews>false</a:hideLatestNews>
    <a:hideNewsView>true</a:hideNewsView>
    <a:hideRelatedActionsView>true</a:hideRelatedActionsView>
    <a:isExportable>true</a:isExportable>
    <a:listViewSrcExpr/>
    <a:recordViewSrcExpr/>
    <a:recordListActionCfg a:uuid="e51e40ff-793c-4ad5-bb75-0ad6005f5763">
      <a:staticTitle>New Task Details</a:staticTitle>
      <a:staticDescription>Action to create a new Task Details</a:staticDescription>
      <a:iconId>f067</a:iconId>
      <a:target a:uuid="0302ac45-c8d0-40cb-ae2f-d6ee2d17de18" xsi:type="a:ProcessModel"/>
      <a:visibilityExpr/>
      <a:referenceKey>newTaskDetails</a:referenceKey>
      <a:dialogSize>LARGE</a:dialogSize>
      <a:showInRecordList>true</a:showInRecordList>
      <a:recordUiSecurityType>GUIDED</a:recordUiSecurityType>
      <a:securityCfg>
        <a:membershipFilter>{"type":"MEMBERSHIP_ALL","config":{"#v":[],"#t":"Variant?list"},"#t":"RecordRowLevelSecurityMembershipFilter"}</a:membershipFilter>
        <a:dataFilter>{"type":"ALLOW_ALL","config":{"#v":[],"#t":"Variant?list"},"#t":"RecordRowLevelSecurityDataFilter"}</a:dataFilter>
      </a:securityCfg>
    </a:recordListActionCfg>
    <a:recordRelationshipCfg>
      <uuid>9da4acc4-99ac-4a5c-bf2d-9adb4d518b6b</uuid>
      <relationshipName>status</relationshipName>
      <targetRecordTypeUuid>81a8a1cf-13ec-4fff-92ee-0150ee790558</targetRecordTypeUuid>
      <relationshipType>MANY_TO_ONE</relationshipType>
      <relationshipData>{"sourceRecordTypeFieldUuid":"101f91df-8864-45f9-8e6e-15896e6bbba8","targetRecordTypeFieldUuid":"2a15e2e1-8eaf-4099-97b6-f84bfcafb57a","relationshipOperator":"1","joinTableSourceField":"","joinTableTargetField":""}</relationshipData>
      <updateBehavior>NON_CASCADING</updateBehavior>
    </a:recordRelationshipCfg>
    <a:recordRelationshipCfg>
      <uuid>b8c5c9a7-04e3-41db-81d2-1b1330952bce</uuid>
      <relationshipName>priority</relationshipName>
      <targetRecordTypeUuid>083ce750-7fcc-4389-b2c7-f44ea00b8829</targetRecordTypeUuid>
      <relationshipType>MANY_TO_ONE</relationshipType>
      <relationshipData>{"sourceRecordTypeFieldUuid":"012b8138-a535-460b-b211-7608cfc02e62","targetRecordTypeFieldUuid":"e1bf91f3-bd40-426b-8629-372e7c8d64e2","relationshipOperator":"1","joinTableSourceField":"","joinTableTargetField":""}</relationshipData>
      <updateBehavior>NON_CASCADING</updateBehavior>
    </a:recordRelationshipCfg>
    <a:recordRelationshipCfg>
      <uuid>c6ef9d56-73e0-4248-ab1b-80d4e776854d</uuid>
      <relationshipName>activity</relationshipName>
      <targetRecordTypeUuid>3390fdfd-354c-4c45-8f06-a0e63d262086</targetRecordTypeUuid>
      <relationshipType>MANY_TO_ONE</relationshipType>
      <relationshipData>{"sourceRecordTypeFieldUuid":"4d5e4e2d-b471-4b7d-beb8-b9debc62cdab","targetRecordTypeFieldUuid":"5ac92a98-f9a0-481a-b594-29961fc15398","relationshipOperator":"1","joinTableSourceField":"","joinTableTargetField":""}</relationshipData>
      <updateBehavior>NON_CASCADING</updateBehavior>
    </a:recordRelationshipCfg>
    <a:recordTypeSearchCfg>
      <searchFieldsSrc>DEFAULT</searchFieldsSrc>
      <placeholderSrc>DEFAULT</placeholderSrc>
      <placeholder/>
    </a:recordTypeSearchCfg>
    <a:iconId/>
    <a:listAutoRefreshInterval>0.0</a:listAutoRefreshInterval>
    <a:sourceConfiguration>
      <sourceUuid>SA_TASK_DETAILS@jdbc/Appian</sourceUuid>
      <sourceType>RDBMS_TABLE</sourceType>
      <sourceSubType>NONE</sourceSubType>
      <friendlyName>SA_TASK_DETAILS</friendlyName>
      <sourceFilterExpr/>
      <field>
        <uuid>12ef1026-40a9-4267-8781-7ef9e56234cc</uuid>
        <type>{http://www.appian.com/ae/types/2009}Integer</type>
        <sourceFieldName>TASK_ID</sourceFieldName>
        <sourceFieldType>INTEGER</sourceFieldType>
        <fieldName>taskId</fieldName>
        <isRecordId>true</isRecordId>
        <isUnique>true</isUnique>
        <isCustomField>false</isCustomField>
        <customFieldExpr/>
        <customFieldDefaultValueStr>null</customFieldDefaultValueStr>
        <fieldCalculationType>NA</fieldCalculationType>
        <fieldTemplateType>NA</fieldTemplateType>
        <isRollingSyncSortField>false</isRollingSyncSortField>
      </field>
      <field>
        <uuid>ac0a22f5-4ed1-4269-be63-939a1281f594</uuid>
        <type>{http://www.appian.com/ae/types/2009}Text</type>
        <sourceFieldName>TITLE</sourceFieldName>
        <sourceFieldType>VARCHAR(255)</sourceFieldType>
        <fieldName>title</fieldName>
        <isRecordId>false</isRecordId>
        <isUnique>false</isUnique>
        <isCustomField>false</isCustomField>
        <customFieldExpr/>
        <customFieldDefaultValueStr>null</customFieldDefaultValueStr>
        <fieldCalculationType>NA</fieldCalculationType>
        <fieldTemplateType>NA</fieldTemplateType>
        <isRollingSyncSortField>false</isRollingSyncSortField>
      </field>
      <field>
        <uuid>15770a0f-462d-468d-86bd-26d5ba343adf</uuid>
        <type>{http://www.appian.com/ae/types/2009}Text</type>
        <sourceFieldName>DESCRIPTION</sourceFieldName>
        <sourceFieldType>VARCHAR(255)</sourceFieldType>
        <fieldName>description</fieldName>
        <isRecordId>false</isRecordId>
        <isUnique>false</isUnique>
        <isCustomField>false</isCustomField>
        <customFieldExpr/>
        <customFieldDefaultValueStr>null</customFieldDefaultValueStr>
        <fieldCalculationType>NA</fieldCalculationType>
        <fieldTemplateType>NA</fieldTemplateType>
        <isRollingSyncSortField>false</isRollingSyncSortField>
      </field>
      <field>
        <uuid>7aca2291-061e-49ae-8d8b-046542356da1</uuid>
        <type>{http://www.appian.com/ae/types/2009}Text</type>
        <sourceFieldName>ASSIGNED_TO</sourceFieldName>
        <sourceFieldType>VARCHAR(255)</sourceFieldType>
        <fieldName>assigned_to</fieldName>
        <isRecordId>false</isRecordId>
        <isUnique>false</isUnique>
        <isCustomField>false</isCustomField>
        <customFieldExpr/>
        <customFieldDefaultValueStr>null</customFieldDefaultValueStr>
        <fieldCalculationType>NA</fieldCalculationType>
        <fieldTemplateType>NA</fieldTemplateType>
        <isRollingSyncSortField>false</isRollingSyncSortField>
      </field>
      <field>
        <uuid>101f91df-8864-45f9-8e6e-15896e6bbba8</uuid>
        <type>{http://www.appian.com/ae/types/2009}Integer</type>
        <sourceFieldName>STATUS_ID</sourceFieldName>
        <sourceFieldType>INTEGER</sourceFieldType>
        <fieldName>statusId</fieldName>
        <isRecordId>false</isRecordId>
        <isUnique>false</isUnique>
        <isCustomField>false</isCustomField>
        <customFieldExpr/>
        <customFieldDefaultValueStr>null</customFieldDefaultValueStr>
        <fieldCalculationType>NA</fieldCalculationType>
        <fieldTemplateType>NA</fieldTemplateType>
        <isRollingSyncSortField>false</isRollingSyncSortField>
      </field>
      <field>
        <uuid>012b8138-a535-460b-b211-7608cfc02e62</uuid>
        <type>{http://www.appian.com/ae/types/2009}Integer</type>
        <sourceFieldName>PRIORITY_ID</sourceFieldName>
        <sourceFieldType>INTEGER</sourceFieldType>
        <fieldName>priorityId</fieldName>
        <isRecordId>false</isRecordId>
        <isUnique>false</isUnique>
        <isCustomField>false</isCustomField>
        <customFieldExpr/>
        <customFieldDefaultValueStr>null</customFieldDefaultValueStr>
        <fieldCalculationType>NA</fieldCalculationType>
        <fieldTemplateType>NA</fieldTemplateType>
        <isRollingSyncSortField>false</isRollingSyncSortField>
      </field>
      <field>
        <uuid>67ae64ae-b533-4a35-a88e-5c367bf74a30</uuid>
        <type>{http://www.appian.com/ae/types/2009}Integer</type>
        <sourceFieldName>CUSTOMER_ID</sourceFieldName>
        <sourceFieldType>INTEGER</sourceFieldType>
        <fieldName>customer_id</fieldName>
        <isRecordId>false</isRecordId>
        <isUnique>false</isUnique>
        <isCustomField>false</isCustomField>
        <customFieldExpr/>
        <customFieldDefaultValueStr>null</customFieldDefaultValueStr>
        <fieldCalculationType>NA</fieldCalculationType>
        <fieldTemplateType>NA</fieldTemplateType>
        <isRollingSyncSortField>false</isRollingSyncSortField>
      </field>
      <field>
        <uuid>fbbc1369-c39d-48fa-9f7c-62241f50c2a5</uuid>
        <type>{http://www.appian.com/ae/types/2009}Integer</type>
        <sourceFieldName>REQUEST_ID</sourceFieldName>
        <sourceFieldType>INTEGER</sourceFieldType>
        <fieldName>request_id</fieldName>
        <isRecordId>false</isRecordId>
        <isUnique>false</isUnique>
        <isCustomField>false</isCustomField>
        <customFieldExpr/>
        <customFieldDefaultValueStr>null</customFieldDefaultValueStr>
        <fieldCalculationType>NA</fieldCalculationType>
        <fieldTemplateType>NA</fieldTemplateType>
        <isRollingSyncSortField>false</isRollingSyncSortField>
      </field>
      <field>
        <uuid>4d5e4e2d-b471-4b7d-beb8-b9debc62cdab</uuid>
        <type>{http://www.appian.com/ae/types/2009}Integer</type>
        <sourceFieldName>ACTIVITY_ID</sourceFieldName>
        <sourceFieldType>INTEGER</sourceFieldType>
        <fieldName>activity_id</fieldName>
        <isRecordId>false</isRecordId>
        <isUnique>false</isUnique>
        <isCustomField>false</isCustomField>
        <customFieldExpr/>
        <customFieldDefaultValueStr>null</customFieldDefaultValueStr>
        <fieldCalculationType>NA</fieldCalculationType>
        <fieldTemplateType>NA</fieldTemplateType>
        <isRollingSyncSortField>false</isRollingSyncSortField>
      </field>
      <field>
        <uuid>c295f53d-e310-4a43-ac9b-9e8ec74331fd</uuid>
        <type>{http://www.appian.com/ae/types/2009}Datetime</type>
        <sourceFieldName>COMPLETION_DATE</sourceFieldName>
        <sourceFieldType>TIMESTAMP</sourceFieldType>
        <fieldName>completion_date</fieldName>
        <isRecordId>false</isRecordId>
        <isUnique>false</isUnique>
        <isCustomField>false</isCustomField>
        <customFieldExpr/>
        <customFieldDefaultValueStr>null</customFieldDefaultValueStr>
        <fieldCalculationType>NA</fieldCalculationType>
        <fieldTemplateType>NA</fieldTemplateType>
        <isRollingSyncSortField>false</isRollingSyncSortField>
      </field>
      <field>
        <uuid>4195bb8a-41c4-494a-af4b-e8ed876f94a1</uuid>
        <type>{http://www.appian.com/ae/types/2009}Datetime</type>
        <sourceFieldName>DUE_DATE</sourceFieldName>
        <sourceFieldType>TIMESTAMP</sourceFieldType>
        <fieldName>due_date</fieldName>
        <isRecordId>false</isRecordId>
        <isUnique>false</isUnique>
        <isCustomField>false</isCustomField>
        <customFieldExpr/>
        <customFieldDefaultValueStr>null</customFieldDefaultValueStr>
        <fieldCalculationType>NA</fieldCalculationType>
        <fieldTemplateType>NA</fieldTemplateType>
        <isRollingSyncSortField>false</isRollingSyncSortField>
      </field>
      <field>
        <uuid>c47f65c1-ac10-4684-80f1-100e3319aeb8</uuid>
        <type>{http://www.appian.com/ae/types/2009}Text</type>
        <sourceFieldName>CREATED_BY</sourceFieldName>
        <sourceFieldType>VARCHAR(255)</sourceFieldType>
        <fieldName>createdBy</fieldName>
        <isRecordId>false</isRecordId>
        <isUnique>false</isUnique>
        <isCustomField>false</isCustomField>
        <customFieldExpr/>
        <customFieldDefaultValueStr>null</customFieldDefaultValueStr>
        <fieldCalculationType>NA</fieldCalculationType>
        <fieldTemplateType>NA</fieldTemplateType>
        <isRollingSyncSortField>false</isRollingSyncSortField>
      </field>
      <field>
        <uuid>0e74ed39-290e-4451-be81-9efe812c9126</uuid>
        <type>{http://www.appian.com/ae/types/2009}Datetime</type>
        <sourceFieldName>CREATED_ON</sourceFieldName>
        <sourceFieldType>TIMESTAMP</sourceFieldType>
        <fieldName>createdOn</fieldName>
        <isRecordId>false</isRecordId>
        <isUnique>false</isUnique>
        <isCustomField>false</isCustomField>
        <customFieldExpr/>
        <customFieldDefaultValueStr>null</customFieldDefaultValueStr>
        <fieldCalculationType>NA</fieldCalculationType>
        <fieldTemplateType>NA</fieldTemplateType>
        <isRollingSyncSortField>false</isRollingSyncSortField>
      </field>
      <field>
        <uuid>064e4ed3-c35a-40f1-960a-02d9a27d31a3</uuid>
        <type>{http://www.appian.com/ae/types/2009}Text</type>
        <sourceFieldName>MODIFIED_BY</sourceFieldName>
        <sourceFieldType>VARCHAR(255)</sourceFieldType>
        <fieldName>modifiedBy</fieldName>
        <isRecordId>false</isRecordId>
        <isUnique>false</isUnique>
        <isCustomField>false</isCustomField>
        <customFieldExpr/>
        <customFieldDefaultValueStr>null</customFieldDefaultValueStr>
        <fieldCalculationType>NA</fieldCalculationType>
        <fieldTemplateType>NA</fieldTemplateType>
        <isRollingSyncSortField>false</isRollingSyncSortField>
      </field>
      <field>
        <uuid>624e0875-563b-4965-baf1-c841ee127297</uuid>
        <type>{http://www.appian.com/ae/types/2009}Datetime</type>
        <sourceFieldName>MODIFIED_ON</sourceFieldName>
        <sourceFieldType>TIMESTAMP</sourceFieldType>
        <fieldName>modifiedOn</fieldName>
        <isRecordId>false</isRecordId>
        <isUnique>false</isUnique>
        <isCustomField>false</isCustomField>
        <customFieldExpr/>
        <customFieldDefaultValueStr>null</customFieldDefaultValueStr>
        <fieldCalculationType>NA</fieldCalculationType>
        <fieldTemplateType>NA</fieldTemplateType>
        <isRollingSyncSortField>false</isRollingSyncSortField>
      </field>
      <field>
        <uuid>3af34beb-dc3e-4d90-9461-bb288ee985a5</uuid>
        <type>{http://www.appian.com/ae/types/2009}Integer</type>
        <sourceFieldName/>
        <sourceFieldType/>
        <fieldName>complete_by</fieldName>
        <isRecordId>false</isRecordId>
        <isUnique>false</isUnique>
        <isCustomField>true</isCustomField>
        <customFieldExpr>#"SYSTEM_SYSRULES_customFieldDateDiff"(
  startDate: now(),
  endDate: a!customFieldDefaultValue(
    #"urn:appian:record-field:v1:b759976b-2457-4ac2-8fa2-c68e6a797d71/4195bb8a-41c4-494a-af4b-e8ed876f94a1",
    now()
  ),
  interval: "HOUR"
)
</customFieldExpr>
        <customFieldDefaultValueStr>null</customFieldDefaultValueStr>
        <fieldCalculationType>QUERY_TIME</fieldCalculationType>
        <fieldTemplateType>NA</fieldTemplateType>
        <isRollingSyncSortField>false</isRollingSyncSortField>
      </field>
      <uuid>d6c0cfa2-012c-4939-b53e-debb9fa9b05c</uuid>
      <refreshSchedule>
        <frequency>DAILY</frequency>
        <value>{"hour":3,"minute":"00","amPM":"AM","timeZone":"IST","version":"v1"}</value>
        <activated>false</activated>
      </refreshSchedule>
      <skipFailureEnabled>true</skipFailureEnabled>
      <recordIdGeneratorUuid/>
    </a:sourceConfiguration>
    <a:enabledFeatures>255</a:enabledFeatures>
    <a:isVisibleInRecordTypeList>false</a:isVisibleInRecordTypeList>
    <a:recordActionLaunchType>DIALOG</a:recordActionLaunchType>
    <a:showSearchBox>true</a:showSearchBox>
    <a:isVisibleInDataFabric>false</a:isVisibleInDataFabric>
    <a:usesRollingSyncLimit>false</a:usesRollingSyncLimit>
  </recordType>
  <roleMap>
    <role name="record_type_administrator">
      <users/>
      <groups>
        <groupUuid>45cbc61c-0474-4c75-8505-796d36d8e26e</groupUuid>
      </groups>
    </role>
    <role name="record_type_viewer">
      <users/>
      <groups>
        <groupUuid>a1a3e2a1-e856-4284-a601-8360e1515230</groupUuid>
      </groups>
    </role>
  </roleMap>
  <history>
    <historyInfo versionUuid="cfa79045-198a-42af-9ebe-754a53ade07d"/>
    <historyInfo versionUuid="cbcd3c06-ecd8-4ba9-ae5c-d038e9443cb2"/>
    <historyInfo versionUuid="a575bcf8-b0fe-4a26-a850-e2d8ed7b107b"/>
    <historyInfo versionUuid="5717eb9d-03b4-4003-9d0a-d606e0f23c10"/>
    <historyInfo versionUuid="ae2ab7ac-63de-416b-918d-d8b6b1a38a38"/>
  </history>
  <migrationVersion>1</migrationVersion>
</recordTypeHaul>
