<?xml version="1.0" encoding="UTF-8"?>
<recordTypeHaul xmlns:a="http://www.appian.com/ae/types/2009" xmlns:xsi="http://www.w3.org/2001/XMLSchema-instance">
  <versionUuid>b72f5a2d-e845-4c8b-bd12-fd462d706da9</versionUuid>
  <recordType a:uuid="cc0dd07e-b323-43e5-8f38-689662eae4e3" name="SA Request Event History">
    <a:pluralName>SA Request Event History</a:pluralName>
    <a:description>Business events for Request</a:description>
    <a:urlStub>VFeDDQ</a:urlStub>
    <a:source xsi:type="a:RecordsReplica"/>
    <a:listViewTemplateExpr>#"SYSTEM_SYSRULES_recordGridField"(
    columns: {
        #"SYSTEM_SYSRULES_gridColumn"(
          label: "Id",
          sortField: #"urn:appian:record-field:v1:cc0dd07e-b323-43e5-8f38-689662eae4e3/b6c5b795-cc55-42ba-a39c-22e5ea5e185a",
          value: fv!row[#"urn:appian:record-field:v1:cc0dd07e-b323-43e5-8f38-689662eae4e3/b6c5b795-cc55-42ba-a39c-22e5ea5e185a"],
          align: "END"
        ),
        #"SYSTEM_SYSRULES_gridColumn"(
          label: "request",
          sortField: #"urn:appian:record-field:v1:cc0dd07e-b323-43e5-8f38-689662eae4e3/9d30b250-19b7-4f8b-ab82-e49a5b640b87/0d8ee8a8-99f4-4cf1-9d88-8b16171934da",
          value: #"SYSTEM_SYSRULES_linkField"(
            links: {
              #"SYSTEM_SYSRULES_recordLink"(
                label: fv!row[#"urn:appian:record-field:v1:cc0dd07e-b323-43e5-8f38-689662eae4e3/9d30b250-19b7-4f8b-ab82-e49a5b640b87/0d8ee8a8-99f4-4cf1-9d88-8b16171934da"],
                recordType: #"urn:appian:record-type:v1:cc0dd07e-b323-43e5-8f38-689662eae4e3",
                identifier: fv!identifier
              )
            }
          ),
          align: "END"
        ),
        #"SYSTEM_SYSRULES_gridColumn"(
          label: "eventType",
          sortField: #"urn:appian:record-field:v1:cc0dd07e-b323-43e5-8f38-689662eae4e3/05b29676-4cb5-49b6-b124-fb5beb224f75/fe6a7a6c-187c-49cb-95ac-566dabbf9332",
          value: fv!row[#"urn:appian:record-field:v1:cc0dd07e-b323-43e5-8f38-689662eae4e3/05b29676-4cb5-49b6-b124-fb5beb224f75/fe6a7a6c-187c-49cb-95ac-566dabbf9332"],
          align: "END"
        ),
        #"SYSTEM_SYSRULES_gridColumn"(
          label: "User",
          sortField: #"urn:appian:record-field:v1:cc0dd07e-b323-43e5-8f38-689662eae4e3/17ba286d-8ac1-4bca-8c62-3d0a7049fa10",
          value: fv!row[#"urn:appian:record-field:v1:cc0dd07e-b323-43e5-8f38-689662eae4e3/17ba286d-8ac1-4bca-8c62-3d0a7049fa10"]
        ),
        #"SYSTEM_SYSRULES_gridColumn"(
          label: "Automation Type Id",
          sortField: #"urn:appian:record-field:v1:cc0dd07e-b323-43e5-8f38-689662eae4e3/bbbba3be-7f70-4176-9601-dbd8507128b7",
          value: fv!row[#"urn:appian:record-field:v1:cc0dd07e-b323-43e5-8f38-689662eae4e3/bbbba3be-7f70-4176-9601-dbd8507128b7"],
          align: "END"
        ),
        #"SYSTEM_SYSRULES_gridColumn"(
          label: "Timestamp",
          sortField: #"urn:appian:record-field:v1:cc0dd07e-b323-43e5-8f38-689662eae4e3/5a4ee889-c0fd-47b6-81e7-98f347602887",
          value: if(
            isnull(fv!row[#"urn:appian:record-field:v1:cc0dd07e-b323-43e5-8f38-689662eae4e3/5a4ee889-c0fd-47b6-81e7-98f347602887"]),
            fv!row[#"urn:appian:record-field:v1:cc0dd07e-b323-43e5-8f38-689662eae4e3/5a4ee889-c0fd-47b6-81e7-98f347602887"],
            datetext(fv!row[#"urn:appian:record-field:v1:cc0dd07e-b323-43e5-8f38-689662eae4e3/5a4ee889-c0fd-47b6-81e7-98f347602887"], "default")
          ),
          align: "END"
        )
      },
      pageSize: 50,
      shadeAlternateRows: true
    )</a:listViewTemplateExpr>
    <a:detailViewCfg>
      <a:nameExpr>#"SYSTEM_SYSRULES_rtd_getDefaultSummaryViewName"()</a:nameExpr>
      <a:uiExpr/>
      <a:visibilityExpr>=true()</a:visibilityExpr>
      <a:urlStub>summary</a:urlStub>
      <a:headerExpr/>
      <a:recordActionLaunchType>DIALOG</a:recordActionLaunchType>
      <a:recordUiSecurityType>EXPRESSION</a:recordUiSecurityType>
    </a:detailViewCfg>
    <a:isSystem>false</a:isSystem>
    <a:dataSrcExpr/>
    <a:facetsListExpr/>
    <a:titleExpr>rv!record[#"urn:appian:record-field:v1:cc0dd07e-b323-43e5-8f38-689662eae4e3/b6c5b795-cc55-42ba-a39c-22e5ea5e185a"]</a:titleExpr>
    <a:defaultFiltersExpr/>
    <a:layoutType>GRID</a:layoutType>
    <a:security>16383</a:security>
    <a:hideLatestNews>false</a:hideLatestNews>
    <a:hideNewsView>false</a:hideNewsView>
    <a:hideRelatedActionsView>false</a:hideRelatedActionsView>
    <a:isExportable>true</a:isExportable>
    <a:listViewSrcExpr/>
    <a:recordViewSrcExpr/>
    <a:recordRelationshipCfg>
      <uuid>9d30b250-19b7-4f8b-ab82-e49a5b640b87</uuid>
      <relationshipName>request</relationshipName>
      <targetRecordTypeUuid>e29ff48d-88a7-4b94-b317-2a3d3f8f9e4a</targetRecordTypeUuid>
      <relationshipType>MANY_TO_ONE</relationshipType>
      <relationshipData>{"sourceRecordTypeFieldUuid":"38fe32f1-dbed-459f-b1a9-af3119ed22a3","targetRecordTypeFieldUuid":"0d8ee8a8-99f4-4cf1-9d88-8b16171934da","relationshipOperator":"1","joinTableSourceField":"","joinTableTargetField":""}</relationshipData>
      <updateBehavior>NON_CASCADING</updateBehavior>
    </a:recordRelationshipCfg>
    <a:recordRelationshipCfg>
      <uuid>05b29676-4cb5-49b6-b124-fb5beb224f75</uuid>
      <relationshipName>eventType</relationshipName>
      <targetRecordTypeUuid>3088fe02-f3d6-4dd5-b2f7-a122e37dd327</targetRecordTypeUuid>
      <relationshipType>MANY_TO_ONE</relationshipType>
      <relationshipData>{"sourceRecordTypeFieldUuid":"17da6410-6453-4936-ad11-307595b5a5c2","targetRecordTypeFieldUuid":"fe6a7a6c-187c-49cb-95ac-566dabbf9332","relationshipOperator":"1","joinTableSourceField":"","joinTableTargetField":""}</relationshipData>
      <updateBehavior>NON_CASCADING</updateBehavior>
    </a:recordRelationshipCfg>
    <a:recordTypeSearchCfg>
      <searchFieldsSrc>DEFAULT</searchFieldsSrc>
      <placeholderSrc>DEFAULT</placeholderSrc>
      <placeholder/>
    </a:recordTypeSearchCfg>
    <a:iconId/>
    <a:listAutoRefreshInterval>0.0</a:listAutoRefreshInterval>
    <a:sourceConfiguration>
      <sourceUuid>SA_REQUEST_EVENT_HISTORY@jdbc/Appian</sourceUuid>
      <sourceType>RDBMS_TABLE</sourceType>
      <sourceSubType>NONE</sourceSubType>
      <friendlyName>SA_REQUEST_EVENT_HISTORY</friendlyName>
      <sourceFilterExpr/>
      <field>
        <uuid>b6c5b795-cc55-42ba-a39c-22e5ea5e185a</uuid>
        <type>{http://www.appian.com/ae/types/2009}Integer</type>
        <sourceFieldName>ID</sourceFieldName>
        <sourceFieldType>INTEGER</sourceFieldType>
        <fieldName>id</fieldName>
        <isRecordId>true</isRecordId>
        <isUnique>true</isUnique>
        <isCustomField>false</isCustomField>
        <customFieldExpr/>
        <fieldCalculationType>NA</fieldCalculationType>
        <fieldTemplateType>NA</fieldTemplateType>
        <isRollingSyncSortField>false</isRollingSyncSortField>
      </field>
      <field>
        <uuid>38fe32f1-dbed-459f-b1a9-af3119ed22a3</uuid>
        <type>{http://www.appian.com/ae/types/2009}Integer</type>
        <sourceFieldName>RECORD_ID</sourceFieldName>
        <sourceFieldType>INTEGER</sourceFieldType>
        <fieldName>recordId</fieldName>
        <isRecordId>false</isRecordId>
        <isUnique>false</isUnique>
        <isCustomField>false</isCustomField>
        <customFieldExpr/>
        <fieldCalculationType>NA</fieldCalculationType>
        <fieldTemplateType>NA</fieldTemplateType>
        <isRollingSyncSortField>false</isRollingSyncSortField>
      </field>
      <field>
        <uuid>17da6410-6453-4936-ad11-307595b5a5c2</uuid>
        <type>{http://www.appian.com/ae/types/2009}Integer</type>
        <sourceFieldName>EVENT_TYPE_ID</sourceFieldName>
        <sourceFieldType>INTEGER</sourceFieldType>
        <fieldName>eventTypeId</fieldName>
        <isRecordId>false</isRecordId>
        <isUnique>false</isUnique>
        <isCustomField>false</isCustomField>
        <customFieldExpr/>
        <fieldCalculationType>NA</fieldCalculationType>
        <fieldTemplateType>NA</fieldTemplateType>
        <isRollingSyncSortField>false</isRollingSyncSortField>
      </field>
      <field>
        <uuid>17ba286d-8ac1-4bca-8c62-3d0a7049fa10</uuid>
        <type>{http://www.appian.com/ae/types/2009}User</type>
        <sourceFieldName>USER</sourceFieldName>
        <sourceFieldType>VARCHAR(255)</sourceFieldType>
        <fieldName>user</fieldName>
        <isRecordId>false</isRecordId>
        <isUnique>false</isUnique>
        <isCustomField>false</isCustomField>
        <customFieldExpr/>
        <fieldCalculationType>NA</fieldCalculationType>
        <fieldTemplateType>NA</fieldTemplateType>
        <isRollingSyncSortField>false</isRollingSyncSortField>
      </field>
      <field>
        <uuid>bbbba3be-7f70-4176-9601-dbd8507128b7</uuid>
        <type>{http://www.appian.com/ae/types/2009}Integer</type>
        <sourceFieldName>AUTOMATION_TYPE_ID</sourceFieldName>
        <sourceFieldType>INTEGER</sourceFieldType>
        <fieldName>automationTypeId</fieldName>
        <isRecordId>false</isRecordId>
        <isUnique>false</isUnique>
        <isCustomField>false</isCustomField>
        <customFieldExpr/>
        <fieldCalculationType>NA</fieldCalculationType>
        <fieldTemplateType>NA</fieldTemplateType>
        <isRollingSyncSortField>false</isRollingSyncSortField>
      </field>
      <field>
        <uuid>5a4ee889-c0fd-47b6-81e7-98f347602887</uuid>
        <type>{http://www.appian.com/ae/types/2009}Datetime</type>
        <sourceFieldName>TIMESTAMP</sourceFieldName>
        <sourceFieldType>TIMESTAMP</sourceFieldType>
        <fieldName>timestamp</fieldName>
        <isRecordId>false</isRecordId>
        <isUnique>false</isUnique>
        <isCustomField>false</isCustomField>
        <customFieldExpr/>
        <fieldCalculationType>NA</fieldCalculationType>
        <fieldTemplateType>NA</fieldTemplateType>
        <isRollingSyncSortField>false</isRollingSyncSortField>
      </field>
      <uuid>81f54aa7-a0e4-404a-8d6d-522ee4488cd1</uuid>
      <refreshSchedule>
        <frequency>DAILY</frequency>
        <value>{"hour":3,"minute":"00","amPM":"AM","timeZone":"Asia/Kolkata","version":"v1"}</value>
        <activated>false</activated>
      </refreshSchedule>
      <skipFailureEnabled>true</skipFailureEnabled>
      <recordIdGeneratorUuid/>
    </a:sourceConfiguration>
    <a:enabledFeatures>255</a:enabledFeatures>
    <a:isVisibleInRecordTypeList>false</a:isVisibleInRecordTypeList>
    <a:recordActionLaunchType>DIALOG</a:recordActionLaunchType>
    <a:showSearchBox>true</a:showSearchBox>
    <a:isVisibleInDataFabric>false</a:isVisibleInDataFabric>
    <a:usesRollingSyncLimit>false</a:usesRollingSyncLimit>
  </recordType>
  <roleMap>
    <role name="record_type_administrator">
      <users/>
      <groups>
        <groupUuid>45cbc61c-0474-4c75-8505-796d36d8e26e</groupUuid>
      </groups>
    </role>
    <role name="record_type_viewer">
      <users/>
      <groups>
        <groupUuid>a1a3e2a1-e856-4284-a601-8360e1515230</groupUuid>
      </groups>
    </role>
  </roleMap>
  <history>
    <historyInfo versionUuid="cc0dd07e-b323-43e5-8f38-689662eae4e3"/>
    <historyInfo versionUuid="aff1ec48-6d17-41ef-b336-699595c4aeb2"/>
    <historyInfo versionUuid="1f9715e6-192e-40e9-acd9-c002013da093"/>
    <historyInfo versionUuid="b72f5a2d-e845-4c8b-bd12-fd462d706da9"/>
  </history>
  <migrationVersion>1</migrationVersion>
</recordTypeHaul>
