<?xml version="1.0" encoding="UTF-8"?>
<recordTypeHaul xmlns:a="http://www.appian.com/ae/types/2009" xmlns:xsi="http://www.w3.org/2001/XMLSchema-instance">
  <versionUuid>57ee2123-18cc-4a9e-9536-93fe15d3f761</versionUuid>
  <recordType a:uuid="ced67f35-eb65-455a-a3a3-9ed2485a7aa6" name="SA Sales Operation Employee Record">
    <a:pluralName>Sales Operation Employee Records</a:pluralName>
    <a:description>Sales Operation Employee Details</a:description>
    <a:urlStub>WDiXGw</a:urlStub>
    <a:source xsi:type="a:RecordsReplica"/>
    <a:listViewTemplateExpr>#"SYSTEM_SYSRULES_recordGridField"(
  columns: {
    #"SYSTEM_SYSRULES_gridColumn"(
      label: "Employee Id",
      sortField: 'recordType!{ced67f35-eb65-455a-a3a3-9ed2485a7aa6}SA Employee Record.fields.{2fc876a4-85f6-4720-8c5b-60069411adaa}employeeId',
      value: fv!row['recordType!{ced67f35-eb65-455a-a3a3-9ed2485a7aa6}SA Employee Record.fields.{2fc876a4-85f6-4720-8c5b-60069411adaa}employeeId'],
      align: "END"
    ),
    #"SYSTEM_SYSRULES_gridColumn"(
      label: "First Name",
      sortField: 'recordType!{ced67f35-eb65-455a-a3a3-9ed2485a7aa6}SA Employee Record.fields.{e41abd7b-30c0-4030-a76f-773590e44842}firstName',
      value: #"SYSTEM_SYSRULES_linkField"(
        links: {
          #"SYSTEM_SYSRULES_recordLink"(
            label: fv!row['recordType!{ced67f35-eb65-455a-a3a3-9ed2485a7aa6}SA Employee Record.fields.{e41abd7b-30c0-4030-a76f-773590e44842}firstName'],
            recordType: #"urn:appian:record-type:v1:ced67f35-eb65-455a-a3a3-9ed2485a7aa6",
            identifier: fv!identifier
          )
        }
      )
    ),
    #"SYSTEM_SYSRULES_gridColumn"(
      label: "User Name",
      sortField: 'recordType!{ced67f35-eb65-455a-a3a3-9ed2485a7aa6}SA Employee Record.fields.{900e6d26-c2de-42a3-8f86-71cc3e26b0de}userName',
      value: fv!row['recordType!{ced67f35-eb65-455a-a3a3-9ed2485a7aa6}SA Employee Record.fields.{900e6d26-c2de-42a3-8f86-71cc3e26b0de}userName']
    ),
    #"SYSTEM_SYSRULES_gridColumn"(
      label: "Email Id",
      sortField: 'recordType!{ced67f35-eb65-455a-a3a3-9ed2485a7aa6}SA Employee Record.fields.{baa824f7-fb2a-49a8-8e15-b56be8d6949d}emailId',
      value: fv!row['recordType!{ced67f35-eb65-455a-a3a3-9ed2485a7aa6}SA Employee Record.fields.{baa824f7-fb2a-49a8-8e15-b56be8d6949d}emailId']
    ),
    #"SYSTEM_SYSRULES_gridColumn"(
      label: "Group",
      sortField: 'recordType!{ced67f35-eb65-455a-a3a3-9ed2485a7aa6}SA Employee Record.fields.{0d546007-55e7-4a36-90f6-57c818e54896}group',
      value: fv!row['recordType!{ced67f35-eb65-455a-a3a3-9ed2485a7aa6}SA Employee Record.fields.{0d546007-55e7-4a36-90f6-57c818e54896}group']
    ),
    #"SYSTEM_SYSRULES_gridColumn"(
      label: "Created By",
      sortField: 'recordType!{ced67f35-eb65-455a-a3a3-9ed2485a7aa6}SA Employee Record.fields.{0e4c582a-32d8-4122-a23f-93ddd3efe614}createdBy',
      value: fv!row['recordType!{ced67f35-eb65-455a-a3a3-9ed2485a7aa6}SA Employee Record.fields.{0e4c582a-32d8-4122-a23f-93ddd3efe614}createdBy']
    ),
    #"SYSTEM_SYSRULES_gridColumn"(
      label: "Created On",
      sortField: 'recordType!{ced67f35-eb65-455a-a3a3-9ed2485a7aa6}SA Employee Record.fields.{7f68311b-311d-4b44-8d54-003ecd0b4b38}createdOn',
      value: if(
      isnull(fv!row['recordType!{ced67f35-eb65-455a-a3a3-9ed2485a7aa6}SA Employee Record.fields.{7f68311b-311d-4b44-8d54-003ecd0b4b38}createdOn']),
      fv!row['recordType!{ced67f35-eb65-455a-a3a3-9ed2485a7aa6}SA Employee Record.fields.{7f68311b-311d-4b44-8d54-003ecd0b4b38}createdOn'],
      datetext(fv!row['recordType!{ced67f35-eb65-455a-a3a3-9ed2485a7aa6}SA Employee Record.fields.{7f68311b-311d-4b44-8d54-003ecd0b4b38}createdOn'], "default")
      ),
      align: "END"
    ),
    #"SYSTEM_SYSRULES_gridColumn"(
      label: "Modified By",
      sortField: 'recordType!{ced67f35-eb65-455a-a3a3-9ed2485a7aa6}SA Employee Record.fields.{994a74fe-a076-4532-9674-264ffc29de7e}modifiedBy',
      value: fv!row['recordType!{ced67f35-eb65-455a-a3a3-9ed2485a7aa6}SA Employee Record.fields.{994a74fe-a076-4532-9674-264ffc29de7e}modifiedBy']
    ),
    #"SYSTEM_SYSRULES_gridColumn"(
      label: "Modified On",
      sortField: 'recordType!{ced67f35-eb65-455a-a3a3-9ed2485a7aa6}SA Employee Record.fields.{250c1fb5-6d7b-48a2-80b2-b231f060df71}modifiedOn',
      value: if(
      isnull(fv!row['recordType!{ced67f35-eb65-455a-a3a3-9ed2485a7aa6}SA Employee Record.fields.{250c1fb5-6d7b-48a2-80b2-b231f060df71}modifiedOn']),
      fv!row['recordType!{ced67f35-eb65-455a-a3a3-9ed2485a7aa6}SA Employee Record.fields.{250c1fb5-6d7b-48a2-80b2-b231f060df71}modifiedOn'],
      datetext(fv!row['recordType!{ced67f35-eb65-455a-a3a3-9ed2485a7aa6}SA Employee Record.fields.{250c1fb5-6d7b-48a2-80b2-b231f060df71}modifiedOn'], "default")
      ),
      align: "END"
    )
  },
  pageSize: 50,
  shadeAlternateRows: true
)</a:listViewTemplateExpr>
    <a:detailViewCfg>
      <a:nameExpr>#"SYSTEM_SYSRULES_rtd_getDefaultSummaryViewName"()</a:nameExpr>
      <a:uiExpr/>
      <a:visibilityExpr>=true()</a:visibilityExpr>
      <a:urlStub>summary</a:urlStub>
      <a:headerExpr/>
      <a:recordActionLaunchType>DIALOG</a:recordActionLaunchType>
      <a:recordUiSecurityType>EXPRESSION</a:recordUiSecurityType>
    </a:detailViewCfg>
    <a:isSystem>false</a:isSystem>
    <a:dataSrcExpr/>
    <a:facetsListExpr/>
    <a:titleExpr>rv!record[#"urn:appian:record-field:v1:ced67f35-eb65-455a-a3a3-9ed2485a7aa6/e41abd7b-30c0-4030-a76f-773590e44842"]</a:titleExpr>
    <a:defaultFiltersExpr/>
    <a:layoutType>GRID</a:layoutType>
    <a:security>16383</a:security>
    <a:hideLatestNews>false</a:hideLatestNews>
    <a:hideNewsView>false</a:hideNewsView>
    <a:hideRelatedActionsView>false</a:hideRelatedActionsView>
    <a:isExportable>true</a:isExportable>
    <a:listViewSrcExpr/>
    <a:recordViewSrcExpr/>
    <a:recordTypeSearchCfg>
      <searchFieldsSrc>DEFAULT</searchFieldsSrc>
      <placeholderSrc>DEFAULT</placeholderSrc>
      <placeholder/>
    </a:recordTypeSearchCfg>
    <a:iconId/>
    <a:listAutoRefreshInterval>0.0</a:listAutoRefreshInterval>
    <a:sourceConfiguration>
      <sourceUuid>SA_EMPLOYEE_RECORD@jdbc/Appian</sourceUuid>
      <sourceType>RDBMS_TABLE</sourceType>
      <sourceSubType>NONE</sourceSubType>
      <friendlyName>SA_EMPLOYEE_RECORD</friendlyName>
      <sourceFilterExpr/>
      <field>
        <uuid>2fc876a4-85f6-4720-8c5b-60069411adaa</uuid>
        <type>{http://www.appian.com/ae/types/2009}Integer</type>
        <sourceFieldName>EMPLOYEE_ID</sourceFieldName>
        <sourceFieldType>INTEGER</sourceFieldType>
        <fieldName>employeeId</fieldName>
        <isRecordId>true</isRecordId>
        <isUnique>true</isUnique>
        <isCustomField>false</isCustomField>
        <customFieldExpr/>
        <customFieldDefaultValueStr>null</customFieldDefaultValueStr>
        <fieldCalculationType>NA</fieldCalculationType>
        <fieldTemplateType>NA</fieldTemplateType>
        <isRollingSyncSortField>false</isRollingSyncSortField>
      </field>
      <field>
        <uuid>e41abd7b-30c0-4030-a76f-773590e44842</uuid>
        <type>{http://www.appian.com/ae/types/2009}Text</type>
        <sourceFieldName>FIRST_NAME</sourceFieldName>
        <sourceFieldType>VARCHAR(255)</sourceFieldType>
        <fieldName>firstName</fieldName>
        <isRecordId>false</isRecordId>
        <isUnique>false</isUnique>
        <isCustomField>false</isCustomField>
        <customFieldExpr/>
        <customFieldDefaultValueStr>null</customFieldDefaultValueStr>
        <fieldCalculationType>NA</fieldCalculationType>
        <fieldTemplateType>NA</fieldTemplateType>
        <isRollingSyncSortField>false</isRollingSyncSortField>
      </field>
      <field>
        <uuid>900e6d26-c2de-42a3-8f86-71cc3e26b0de</uuid>
        <type>{http://www.appian.com/ae/types/2009}Text</type>
        <sourceFieldName>USER_NAME</sourceFieldName>
        <sourceFieldType>VARCHAR(255)</sourceFieldType>
        <fieldName>userName</fieldName>
        <isRecordId>false</isRecordId>
        <isUnique>false</isUnique>
        <isCustomField>false</isCustomField>
        <customFieldExpr/>
        <customFieldDefaultValueStr>null</customFieldDefaultValueStr>
        <fieldCalculationType>NA</fieldCalculationType>
        <fieldTemplateType>NA</fieldTemplateType>
        <isRollingSyncSortField>false</isRollingSyncSortField>
      </field>
      <field>
        <uuid>baa824f7-fb2a-49a8-8e15-b56be8d6949d</uuid>
        <type>{http://www.appian.com/ae/types/2009}Text</type>
        <sourceFieldName>EMAIL_ID</sourceFieldName>
        <sourceFieldType>VARCHAR(255)</sourceFieldType>
        <fieldName>emailId</fieldName>
        <isRecordId>false</isRecordId>
        <isUnique>false</isUnique>
        <isCustomField>false</isCustomField>
        <customFieldExpr/>
        <customFieldDefaultValueStr>null</customFieldDefaultValueStr>
        <fieldCalculationType>NA</fieldCalculationType>
        <fieldTemplateType>NA</fieldTemplateType>
        <isRollingSyncSortField>false</isRollingSyncSortField>
      </field>
      <field>
        <uuid>0d546007-55e7-4a36-90f6-57c818e54896</uuid>
        <type>{http://www.appian.com/ae/types/2009}Text</type>
        <sourceFieldName>GROUP</sourceFieldName>
        <sourceFieldType>VARCHAR(255)</sourceFieldType>
        <fieldName>group</fieldName>
        <isRecordId>false</isRecordId>
        <isUnique>false</isUnique>
        <isCustomField>false</isCustomField>
        <customFieldExpr/>
        <customFieldDefaultValueStr>null</customFieldDefaultValueStr>
        <fieldCalculationType>NA</fieldCalculationType>
        <fieldTemplateType>NA</fieldTemplateType>
        <isRollingSyncSortField>false</isRollingSyncSortField>
      </field>
      <field>
        <uuid>0e4c582a-32d8-4122-a23f-93ddd3efe614</uuid>
        <type>{http://www.appian.com/ae/types/2009}User</type>
        <sourceFieldName>CREATED_BY</sourceFieldName>
        <sourceFieldType>VARCHAR(255)</sourceFieldType>
        <fieldName>createdBy</fieldName>
        <isRecordId>false</isRecordId>
        <isUnique>false</isUnique>
        <isCustomField>false</isCustomField>
        <customFieldExpr/>
        <customFieldDefaultValueStr>null</customFieldDefaultValueStr>
        <fieldCalculationType>NA</fieldCalculationType>
        <fieldTemplateType>NA</fieldTemplateType>
        <isRollingSyncSortField>false</isRollingSyncSortField>
      </field>
      <field>
        <uuid>7f68311b-311d-4b44-8d54-003ecd0b4b38</uuid>
        <type>{http://www.appian.com/ae/types/2009}Datetime</type>
        <sourceFieldName>CREATED_ON</sourceFieldName>
        <sourceFieldType>TIMESTAMP</sourceFieldType>
        <fieldName>createdOn</fieldName>
        <isRecordId>false</isRecordId>
        <isUnique>false</isUnique>
        <isCustomField>false</isCustomField>
        <customFieldExpr/>
        <customFieldDefaultValueStr>null</customFieldDefaultValueStr>
        <fieldCalculationType>NA</fieldCalculationType>
        <fieldTemplateType>NA</fieldTemplateType>
        <isRollingSyncSortField>false</isRollingSyncSortField>
      </field>
      <field>
        <uuid>994a74fe-a076-4532-9674-264ffc29de7e</uuid>
        <type>{http://www.appian.com/ae/types/2009}User</type>
        <sourceFieldName>MODIFIED_BY</sourceFieldName>
        <sourceFieldType>VARCHAR(255)</sourceFieldType>
        <fieldName>modifiedBy</fieldName>
        <isRecordId>false</isRecordId>
        <isUnique>false</isUnique>
        <isCustomField>false</isCustomField>
        <customFieldExpr/>
        <customFieldDefaultValueStr>null</customFieldDefaultValueStr>
        <fieldCalculationType>NA</fieldCalculationType>
        <fieldTemplateType>NA</fieldTemplateType>
        <isRollingSyncSortField>false</isRollingSyncSortField>
      </field>
      <field>
        <uuid>250c1fb5-6d7b-48a2-80b2-b231f060df71</uuid>
        <type>{http://www.appian.com/ae/types/2009}Datetime</type>
        <sourceFieldName>MODIFIED_ON</sourceFieldName>
        <sourceFieldType>TIMESTAMP</sourceFieldType>
        <fieldName>modifiedOn</fieldName>
        <isRecordId>false</isRecordId>
        <isUnique>false</isUnique>
        <isCustomField>false</isCustomField>
        <customFieldExpr/>
        <customFieldDefaultValueStr>null</customFieldDefaultValueStr>
        <fieldCalculationType>NA</fieldCalculationType>
        <fieldTemplateType>NA</fieldTemplateType>
        <isRollingSyncSortField>false</isRollingSyncSortField>
      </field>
      <uuid>59c4f971-884d-43de-bcda-58cb5fefe8db</uuid>
      <refreshSchedule>
        <frequency>DAILY</frequency>
        <value>{"hour":3,"minute":"00","amPM":"AM","timeZone":"IST","version":"v1"}</value>
        <activated>false</activated>
      </refreshSchedule>
      <skipFailureEnabled>true</skipFailureEnabled>
      <recordIdGeneratorUuid/>
    </a:sourceConfiguration>
    <a:enabledFeatures>255</a:enabledFeatures>
    <a:isVisibleInRecordTypeList>false</a:isVisibleInRecordTypeList>
    <a:recordActionLaunchType>DIALOG</a:recordActionLaunchType>
    <a:showSearchBox>true</a:showSearchBox>
    <a:isVisibleInDataFabric>false</a:isVisibleInDataFabric>
    <a:usesRollingSyncLimit>false</a:usesRollingSyncLimit>
  </recordType>
  <roleMap>
    <role name="record_type_administrator">
      <users/>
      <groups>
        <groupUuid>45cbc61c-0474-4c75-8505-796d36d8e26e</groupUuid>
      </groups>
    </role>
    <role name="record_type_viewer">
      <users/>
      <groups>
        <groupUuid>a1a3e2a1-e856-4284-a601-8360e1515230</groupUuid>
      </groups>
    </role>
  </roleMap>
  <history>
    <historyInfo versionUuid="d9e7210e-cfa3-4928-8c5a-e68029cd55a0"/>
    <historyInfo versionUuid="57ee2123-18cc-4a9e-9536-93fe15d3f761"/>
  </history>
  <migrationVersion>1</migrationVersion>
</recordTypeHaul>
