<?xml version="1.0" encoding="UTF-8"?>
<recordTypeHaul xmlns:a="http://www.appian.com/ae/types/2009" xmlns:xsi="http://www.w3.org/2001/XMLSchema-instance">
  <versionUuid>3c4bd535-3d5b-4b9d-9687-d8840f733e7a</versionUuid>
  <recordType a:uuid="e29ff48d-88a7-4b94-b317-2a3d3f8f9e4a" name="SA Request">
    <a:pluralName>Requests</a:pluralName>
    <a:description>Contains "Requests" raised by customers regarding the product and their current status details.</a:description>
    <a:urlStub>dzORHg</a:urlStub>
    <a:source xsi:type="a:RecordsReplica"/>
    <a:listViewTemplateExpr>#"SYSTEM_SYSRULES_recordGridField"(
  columns: {
    #"SYSTEM_SYSRULES_gridColumn"(
      label: "Request Id",
      sortField: #"urn:appian:record-field:v1:e29ff48d-88a7-4b94-b317-2a3d3f8f9e4a/0d8ee8a8-99f4-4cf1-9d88-8b16171934da",
      value: #"SYSTEM_SYSRULES_linkField"(
        links: {
          #"SYSTEM_SYSRULES_recordLink"(
            label: fv!row[#"urn:appian:record-field:v1:e29ff48d-88a7-4b94-b317-2a3d3f8f9e4a/0d8ee8a8-99f4-4cf1-9d88-8b16171934da"],
            recordType: #"urn:appian:record-type:v1:e29ff48d-88a7-4b94-b317-2a3d3f8f9e4a",
            identifier: fv!row[#"urn:appian:record-field:v1:e29ff48d-88a7-4b94-b317-2a3d3f8f9e4a/0d8ee8a8-99f4-4cf1-9d88-8b16171934da"]
          )
        }
      ),
      align: "END"
    ),
    #"SYSTEM_SYSRULES_gridColumn"(
      label: "Customer Email",
      sortField: #"urn:appian:record-field:v1:e29ff48d-88a7-4b94-b317-2a3d3f8f9e4a/9498e43f-67fb-4d47-ad24-2aa794e5ee19/a57139dc-5a70-4734-be15-515a09c7ef03",
      value: #"SYSTEM_SYSRULES_linkField"(
        links: {
          #"SYSTEM_SYSRULES_recordLink"(
            label: fv!row[#"urn:appian:record-field:v1:e29ff48d-88a7-4b94-b317-2a3d3f8f9e4a/9498e43f-67fb-4d47-ad24-2aa794e5ee19/a57139dc-5a70-4734-be15-515a09c7ef03"],
            recordType: #"urn:appian:record-type:v1:826d8fe7-5a45-4699-b6f9-3c87219188b1",
            identifier: fv!identifier
          )
        }
      ),
      align: "END"
    ),
    #"SYSTEM_SYSRULES_gridColumn"(
      label: "Customer Need",
      sortField: #"urn:appian:record-field:v1:e29ff48d-88a7-4b94-b317-2a3d3f8f9e4a/9503c12f-5408-4d44-8d15-f6f1530b81d9",
      value: fv!row[#"urn:appian:record-field:v1:e29ff48d-88a7-4b94-b317-2a3d3f8f9e4a/9503c12f-5408-4d44-8d15-f6f1530b81d9"]
    ),
    #"SYSTEM_SYSRULES_gridColumn"(
      label: "Budget",
      sortField: #"urn:appian:record-field:v1:e29ff48d-88a7-4b94-b317-2a3d3f8f9e4a/3ac99b4f-ac7f-457d-a324-fdf312b35300",
      value: fv!row[#"urn:appian:record-field:v1:e29ff48d-88a7-4b94-b317-2a3d3f8f9e4a/3ac99b4f-ac7f-457d-a324-fdf312b35300"],
      align: "END"
    ),
    #"SYSTEM_SYSRULES_gridColumn"(
      label: "Timeline",
      sortField: #"urn:appian:record-field:v1:e29ff48d-88a7-4b94-b317-2a3d3f8f9e4a/4faed056-b251-44ee-a8ad-b7ec36e911dd",
      value: fv!row[#"urn:appian:record-field:v1:e29ff48d-88a7-4b94-b317-2a3d3f8f9e4a/4faed056-b251-44ee-a8ad-b7ec36e911dd"],
      align: "END"
    ),
    #"SYSTEM_SYSRULES_gridColumn"(
      label: "User Comments",
      sortField: #"urn:appian:record-field:v1:e29ff48d-88a7-4b94-b317-2a3d3f8f9e4a/5407d62d-7e8b-4c11-9c4b-86c8a58ca007",
      value: fv!row[#"urn:appian:record-field:v1:e29ff48d-88a7-4b94-b317-2a3d3f8f9e4a/5407d62d-7e8b-4c11-9c4b-86c8a58ca007"]
    ),
    #"SYSTEM_SYSRULES_gridColumn"(
      label: "Qualify Lead",
      sortField: #"urn:appian:record-field:v1:e29ff48d-88a7-4b94-b317-2a3d3f8f9e4a/0bec8d53-0f6d-4ad9-85eb-fb13af2fb09d",
      value: fv!row[#"urn:appian:record-field:v1:e29ff48d-88a7-4b94-b317-2a3d3f8f9e4a/0bec8d53-0f6d-4ad9-85eb-fb13af2fb09d"]
    ),
    #"SYSTEM_SYSRULES_gridColumn"(
      label: "Status",
      sortField: #"urn:appian:record-field:v1:e29ff48d-88a7-4b94-b317-2a3d3f8f9e4a/5d896fc6-4490-43da-b4f4-eb306a6e3cb4",
      value: fv!row[#"urn:appian:record-field:v1:e29ff48d-88a7-4b94-b317-2a3d3f8f9e4a/5d896fc6-4490-43da-b4f4-eb306a6e3cb4"]
    ),
    #"SYSTEM_SYSRULES_gridColumn"(
      label: "Assigned To",
      sortField: #"urn:appian:record-field:v1:e29ff48d-88a7-4b94-b317-2a3d3f8f9e4a/34ecb62a-df27-485a-9080-07712561de57",
      value: fv!row[#"urn:appian:record-field:v1:e29ff48d-88a7-4b94-b317-2a3d3f8f9e4a/34ecb62a-df27-485a-9080-07712561de57"]
    ),
    #"SYSTEM_SYSRULES_gridColumn"(
      label: "Source Type",
      sortField: #"urn:appian:record-field:v1:e29ff48d-88a7-4b94-b317-2a3d3f8f9e4a/cc07505a-baa5-43c8-b720-f12413639fce",
      value: fv!row[#"urn:appian:record-field:v1:e29ff48d-88a7-4b94-b317-2a3d3f8f9e4a/cc07505a-baa5-43c8-b720-f12413639fce"]
    ),
    #"SYSTEM_SYSRULES_gridColumn"(
      label: "Score",
      sortField: #"urn:appian:record-field:v1:e29ff48d-88a7-4b94-b317-2a3d3f8f9e4a/66ddebfc-bac9-4f5e-b984-4a850ffe1b45",
      value: fv!row[#"urn:appian:record-field:v1:e29ff48d-88a7-4b94-b317-2a3d3f8f9e4a/66ddebfc-bac9-4f5e-b984-4a850ffe1b45"],
      align: "END"
    ),
    #"SYSTEM_SYSRULES_gridColumn"(
      label: "Created By",
      sortField: #"urn:appian:record-field:v1:e29ff48d-88a7-4b94-b317-2a3d3f8f9e4a/a19f4a1d-5dba-48cd-862c-ca336c136186",
      value: fv!row[#"urn:appian:record-field:v1:e29ff48d-88a7-4b94-b317-2a3d3f8f9e4a/a19f4a1d-5dba-48cd-862c-ca336c136186"]
    ),
    #"SYSTEM_SYSRULES_gridColumn"(
      label: "Created On",
      sortField: #"urn:appian:record-field:v1:e29ff48d-88a7-4b94-b317-2a3d3f8f9e4a/efd67d88-f072-41c9-b384-24367a488e35",
      value: if(
      isnull(fv!row[#"urn:appian:record-field:v1:e29ff48d-88a7-4b94-b317-2a3d3f8f9e4a/efd67d88-f072-41c9-b384-24367a488e35"]),
      fv!row[#"urn:appian:record-field:v1:e29ff48d-88a7-4b94-b317-2a3d3f8f9e4a/efd67d88-f072-41c9-b384-24367a488e35"],
      datetext(fv!row[#"urn:appian:record-field:v1:e29ff48d-88a7-4b94-b317-2a3d3f8f9e4a/efd67d88-f072-41c9-b384-24367a488e35"], "default")
      ),
      align: "END"
    ),
    #"SYSTEM_SYSRULES_gridColumn"(
      label: "Modified By",
      sortField: #"urn:appian:record-field:v1:e29ff48d-88a7-4b94-b317-2a3d3f8f9e4a/d3f0a4ea-875f-4ab8-ae2c-018c14e8a61e",
      value: fv!row[#"urn:appian:record-field:v1:e29ff48d-88a7-4b94-b317-2a3d3f8f9e4a/d3f0a4ea-875f-4ab8-ae2c-018c14e8a61e"]
    ),
    #"SYSTEM_SYSRULES_gridColumn"(
      label: "Modified On",
      sortField: #"urn:appian:record-field:v1:e29ff48d-88a7-4b94-b317-2a3d3f8f9e4a/c2c75b11-0264-4216-8d21-a1679409b341",
      value: if(
      isnull(fv!row[#"urn:appian:record-field:v1:e29ff48d-88a7-4b94-b317-2a3d3f8f9e4a/c2c75b11-0264-4216-8d21-a1679409b341"]),
      fv!row[#"urn:appian:record-field:v1:e29ff48d-88a7-4b94-b317-2a3d3f8f9e4a/c2c75b11-0264-4216-8d21-a1679409b341"],
      datetext(fv!row[#"urn:appian:record-field:v1:e29ff48d-88a7-4b94-b317-2a3d3f8f9e4a/c2c75b11-0264-4216-8d21-a1679409b341"], "default")
      ),
      align: "END"
    ),
    #"SYSTEM_SYSRULES_gridColumn"(
      label: "Is Active",
      sortField: #"urn:appian:record-field:v1:e29ff48d-88a7-4b94-b317-2a3d3f8f9e4a/49786708-6ce1-44c5-a1ce-e537d808cead",
      value: fv!row[#"urn:appian:record-field:v1:e29ff48d-88a7-4b94-b317-2a3d3f8f9e4a/49786708-6ce1-44c5-a1ce-e537d808cead"]
    )
  },
  pageSize: 50,
  shadeAlternateRows: true
)</a:listViewTemplateExpr>
    <a:detailViewCfg>
      <a:nameExpr>"360 VIEW"</a:nameExpr>
      <a:uiExpr>#"69a1f493-7237-4680-a1e0-666410afa72c"(requestRecord: { rv!record,rv!record[#"urn:appian:record-field:v1:e29ff48d-88a7-4b94-b317-2a3d3f8f9e4a/0d8ee8a8-99f4-4cf1-9d88-8b16171934da"], rv!record[#"urn:appian:record-field:v1:e29ff48d-88a7-4b94-b317-2a3d3f8f9e4a/9498e43f-67fb-4d47-ad24-2aa794e5ee19/7ade2570-b8f3-49e2-bca3-3d032ef8ff7c"],rv!record[#"urn:appian:record-field:v1:e29ff48d-88a7-4b94-b317-2a3d3f8f9e4a/9498e43f-67fb-4d47-ad24-2aa794e5ee19/a57139dc-5a70-4734-be15-515a09c7ef03"]})</a:uiExpr>
      <a:visibilityExpr>=true()</a:visibilityExpr>
      <a:urlStub>summary</a:urlStub>
      <a:headerExpr/>
      <a:relatedActionCfg>refId-fbde9001-0834-43fa-a49d-e1ed2b837752</a:relatedActionCfg>
      <a:relatedActionCfg>refId-f1aa2f14-84df-4f67-938d-5d3fde6d4990</a:relatedActionCfg>
      <a:relatedActionCfg>refId-647b8dc5-9002-4e44-914c-075a6cb5a6fe</a:relatedActionCfg>
      <a:relatedActionCfg>refId-38030d50-df37-4284-80f9-2b0ac3622501</a:relatedActionCfg>
      <a:recordActionLaunchType>DIALOG</a:recordActionLaunchType>
      <a:detailViewHeaderCfg>
        <a:headerTypeByte>2</a:headerTypeByte>
        <a:headerConfigJson>{"backgroundMediaExpr":"\"_a-0000ec26-e8e9-8000-9ca6-011c48011c48_264289\"","backgroundColor":"#008080","overlayStyle":"BAR","overlayPosition":"BOTTOM","imageType":"DOCUMENT","overlayColor":"LIGHT","height":"SHORT_PLUS"}</a:headerConfigJson>
        <a:isHeaderFixed>false</a:isHeaderFixed>
      </a:detailViewHeaderCfg>
      <a:recordUiSecurityType>EXPRESSION</a:recordUiSecurityType>
    </a:detailViewCfg>
    <a:relatedActionCfg a:uuid="fbde9001-0834-43fa-a49d-e1ed2b837752">
      <a:target a:uuid="eae28c07-893f-45b7-9faa-1bc0848d08e0" xsi:type="a:ProcessModel"/>
      <a:contextExpr>{
  record: {
    rv!record,
    rv!record[#"urn:appian:record-field:v1:e29ff48d-88a7-4b94-b317-2a3d3f8f9e4a/66ddebfc-bac9-4f5e-b984-4a850ffe1b45"],
    rv!record[#"urn:appian:record-field:v1:e29ff48d-88a7-4b94-b317-2a3d3f8f9e4a/0d8ee8a8-99f4-4cf1-9d88-8b16171934da"],
    rv!record[#"urn:appian:record-field:v1:e29ff48d-88a7-4b94-b317-2a3d3f8f9e4a/34ecb62a-df27-485a-9080-07712561de57"],
    rv!record[#"urn:appian:record-field:v1:e29ff48d-88a7-4b94-b317-2a3d3f8f9e4a/9498e43f-67fb-4d47-ad24-2aa794e5ee19/a57139dc-5a70-4734-be15-515a09c7ef03"],
    rv!record[#"urn:appian:record-field:v1:e29ff48d-88a7-4b94-b317-2a3d3f8f9e4a/9498e43f-67fb-4d47-ad24-2aa794e5ee19/7ade2570-b8f3-49e2-bca3-3d032ef8ff7c"]
  },
  
}</a:contextExpr>
      <a:visibilityExpr>and(rv!record[#"urn:appian:record-field:v1:e29ff48d-88a7-4b94-b317-2a3d3f8f9e4a/c2c75b11-0264-4216-8d21-a1679409b341"]&lt;&gt;today(), #"urn:appian:function:v1:a:isusermemberofgroup?okey=a!isUserMemberOfGroup"(loggedInUser(),#"_a-0000ec19-b9d1-8000-9ca4-011c48011c48_258862") )</a:visibilityExpr>
      <a:iconId>f1d8</a:iconId>
      <a:refId>refId-fbde9001-0834-43fa-a49d-e1ed2b837752</a:refId>
      <a:staticTitleString>Follow Up</a:staticTitleString>
      <a:staticDescriptionString>Action to update a Request score</a:staticDescriptionString>
      <a:referenceKey>updateRequest</a:referenceKey>
      <a:dialogSize>LARGE</a:dialogSize>
      <a:showInRecordList>false</a:showInRecordList>
      <a:recordUiSecurityType>EXPRESSION</a:recordUiSecurityType>
    </a:relatedActionCfg>
    <a:relatedActionCfg a:uuid="f1aa2f14-84df-4f67-938d-5d3fde6d4990">
      <a:target a:uuid="33a925b0-fa62-4ac0-9fd3-9b8bfe21b774" xsi:type="a:ProcessModel"/>
      <a:contextExpr>{
  cancel: null, /* Boolean */
  record: null, /* SA Activity */
  request: {rv!record,rv!record[#"urn:appian:record-field:v1:e29ff48d-88a7-4b94-b317-2a3d3f8f9e4a/a39f236d-99cd-4494-8f9e-70f6e494107d"],rv!record[#"urn:appian:record-field:v1:e29ff48d-88a7-4b94-b317-2a3d3f8f9e4a/0d8ee8a8-99f4-4cf1-9d88-8b16171934da"],rv!record[#"urn:appian:record-field:v1:e29ff48d-88a7-4b94-b317-2a3d3f8f9e4a/66ddebfc-bac9-4f5e-b984-4a850ffe1b45"],rv!record[#"urn:appian:record-field:v1:e29ff48d-88a7-4b94-b317-2a3d3f8f9e4a/34ecb62a-df27-485a-9080-07712561de57"],rv!record[#"urn:appian:record-field:v1:e29ff48d-88a7-4b94-b317-2a3d3f8f9e4a/9498e43f-67fb-4d47-ad24-2aa794e5ee19/a57139dc-5a70-4734-be15-515a09c7ef03"],rv!record[#"urn:appian:record-field:v1:e29ff48d-88a7-4b94-b317-2a3d3f8f9e4a/9498e43f-67fb-4d47-ad24-2aa794e5ee19/7ade2570-b8f3-49e2-bca3-3d032ef8ff7c"]/* SA Request */
}}</a:contextExpr>
      <a:visibilityExpr>and(if(#"urn:appian:function:v1:a:isusermemberofgroup?okey=a!isUserMemberOfGroup"(loggedInUser(),#"_a-0000ec41-475a-8000-9caa-011c48011c48_281685"),false,true),not(rv!record[#"urn:appian:record-field:v1:e29ff48d-88a7-4b94-b317-2a3d3f8f9e4a/5d896fc6-4490-43da-b4f4-eb306a6e3cb4"]="Resolved Rejected"))</a:visibilityExpr>
      <a:iconId>f055</a:iconId>
      <a:refId>refId-f1aa2f14-84df-4f67-938d-5d3fde6d4990</a:refId>
      <a:staticTitleString>Create Activity</a:staticTitleString>
      <a:staticDescriptionString/>
      <a:referenceKey>createActivity</a:referenceKey>
      <a:dialogSize>LARGE</a:dialogSize>
      <a:showInRecordList>false</a:showInRecordList>
      <a:recordUiSecurityType>EXPRESSION</a:recordUiSecurityType>
    </a:relatedActionCfg>
    <a:relatedActionCfg a:uuid="647b8dc5-9002-4e44-914c-075a6cb5a6fe">
      <a:target a:uuid="0004ec51-a0d4-8000-1428-7f0000014e7a" xsi:type="a:ProcessModel"/>
      <a:contextExpr>{
  requestRecord:rv!record /* SA Request */
}</a:contextExpr>
      <a:visibilityExpr>if(
  rv!record[#"urn:appian:record-field:v1:e29ff48d-88a7-4b94-b317-2a3d3f8f9e4a/66ddebfc-bac9-4f5e-b984-4a850ffe1b45"] &gt;= 70,
  if(
    or(
      rv!record[#"urn:appian:record-field:v1:e29ff48d-88a7-4b94-b317-2a3d3f8f9e4a/5d896fc6-4490-43da-b4f4-eb306a6e3cb4"] = "Opportunity Created",
      rv!record[#"urn:appian:record-field:v1:e29ff48d-88a7-4b94-b317-2a3d3f8f9e4a/5d896fc6-4490-43da-b4f4-eb306a6e3cb4"] = "Deep Engagement"
    ),
    true(),
    false()
  ),
  false(),
  
)</a:visibilityExpr>
      <a:iconId>f05d</a:iconId>
      <a:refId>refId-647b8dc5-9002-4e44-914c-075a6cb5a6fe</a:refId>
      <a:staticTitleString>Negotiation Successful</a:staticTitleString>
      <a:staticDescriptionString>Click this button to mark the request as negotiation successful status, to proceed to next stage. </a:staticDescriptionString>
      <a:referenceKey>negotiationSuccessful</a:referenceKey>
      <a:dialogSize>LARGE</a:dialogSize>
      <a:showInRecordList>false</a:showInRecordList>
      <a:recordUiSecurityType>EXPRESSION</a:recordUiSecurityType>
    </a:relatedActionCfg>
    <a:relatedActionCfg a:uuid="38030d50-df37-4284-80f9-2b0ac3622501">
      <a:target a:uuid="c69284d3-d8de-43f1-b50a-939abd97de3c" xsi:type="a:ProcessModel"/>
      <a:contextExpr>{
  record: rv!record,
  cancel: false()
}</a:contextExpr>
      <a:visibilityExpr>and(if(#"urn:appian:function:v1:a:isusermemberofgroup?okey=a!isUserMemberOfGroup"(loggedInUser(),#"_a-0000ec41-475a-8000-9caa-011c48011c48_281685"),false,true),not(rv!record[#"urn:appian:record-field:v1:e29ff48d-88a7-4b94-b317-2a3d3f8f9e4a/5d896fc6-4490-43da-b4f4-eb306a6e3cb4"]="Resolved Rejected",rv!record[#"urn:appian:record-field:v1:e29ff48d-88a7-4b94-b317-2a3d3f8f9e4a/5d896fc6-4490-43da-b4f4-eb306a6e3cb4"]="Closed"))</a:visibilityExpr>
      <a:iconId>f044</a:iconId>
      <a:refId>refId-38030d50-df37-4284-80f9-2b0ac3622501</a:refId>
      <a:staticTitleString>Update Request</a:staticTitleString>
      <a:staticDescriptionString>Action to update a Request</a:staticDescriptionString>
      <a:referenceKey>updateRequest1</a:referenceKey>
      <a:dialogSize>LARGE</a:dialogSize>
      <a:showInRecordList>false</a:showInRecordList>
      <a:recordUiSecurityType>EXPRESSION</a:recordUiSecurityType>
    </a:relatedActionCfg>
    <a:isSystem>false</a:isSystem>
    <a:dataSrcExpr/>
    <a:facetsListExpr/>
    <a:titleExpr>"Request ID "&amp;" " &amp; rv!record[#"urn:appian:record-field:v1:e29ff48d-88a7-4b94-b317-2a3d3f8f9e4a/0d8ee8a8-99f4-4cf1-9d88-8b16171934da"]</a:titleExpr>
    <a:defaultFiltersExpr/>
    <a:layoutType>GRID</a:layoutType>
    <a:security>16383</a:security>
    <a:hideLatestNews>false</a:hideLatestNews>
    <a:hideNewsView>true</a:hideNewsView>
    <a:hideRelatedActionsView>true</a:hideRelatedActionsView>
    <a:isExportable>true</a:isExportable>
    <a:listViewSrcExpr/>
    <a:recordViewSrcExpr/>
    <a:recordListActionCfg a:uuid="bc556dcb-4933-491b-9633-215b4f6ff3f3">
      <a:staticTitle>New Request</a:staticTitle>
      <a:staticDescription>Action to create a new Request</a:staticDescription>
      <a:iconId>f067</a:iconId>
      <a:target a:uuid="c6a4cebb-7969-4d3e-aed0-2f40591cfa01" xsi:type="a:ProcessModel"/>
      <a:visibilityExpr/>
      <a:referenceKey>newRequest</a:referenceKey>
      <a:dialogSize>LARGE</a:dialogSize>
      <a:showInRecordList>true</a:showInRecordList>
      <a:recordUiSecurityType>GUIDED</a:recordUiSecurityType>
      <a:securityCfg>
        <a:membershipFilter>{"type":"MEMBERSHIP_ALL","config":{"#v":[],"#t":"Variant?list"},"#t":"RecordRowLevelSecurityMembershipFilter"}</a:membershipFilter>
        <a:dataFilter>{"type":"ALLOW_ALL","config":{"#v":[],"#t":"Variant?list"},"#t":"RecordRowLevelSecurityDataFilter"}</a:dataFilter>
      </a:securityCfg>
    </a:recordListActionCfg>
    <a:recordRelationshipCfg>
      <uuid>9498e43f-67fb-4d47-ad24-2aa794e5ee19</uuid>
      <relationshipName>saCustomer</relationshipName>
      <targetRecordTypeUuid>826d8fe7-5a45-4699-b6f9-3c87219188b1</targetRecordTypeUuid>
      <relationshipType>MANY_TO_ONE</relationshipType>
      <relationshipData>{"sourceRecordTypeFieldUuid":"a39f236d-99cd-4494-8f9e-70f6e494107d","targetRecordTypeFieldUuid":"1a9e0b17-7436-44e6-a796-b29627a62548","relationshipOperator":"1","joinTableSourceField":"","joinTableTargetField":""}</relationshipData>
      <updateBehavior>NON_CASCADING</updateBehavior>
    </a:recordRelationshipCfg>
    <a:recordRelationshipCfg>
      <uuid>8df9b7cb-5f0a-4f2c-8ef0-54adf9eb9939</uuid>
      <relationshipName>saActivity</relationshipName>
      <targetRecordTypeUuid>3390fdfd-354c-4c45-8f06-a0e63d262086</targetRecordTypeUuid>
      <relationshipType>ONE_TO_MANY</relationshipType>
      <relationshipData>{"sourceRecordTypeFieldUuid":"0d8ee8a8-99f4-4cf1-9d88-8b16171934da","targetRecordTypeFieldUuid":"a073e862-1bf2-464c-a54d-de37377cecca","relationshipOperator":"1","joinTableSourceField":"","joinTableTargetField":""}</relationshipData>
      <updateBehavior>CASCADING</updateBehavior>
    </a:recordRelationshipCfg>
    <a:recordRelationshipCfg>
      <uuid>f6951b92-709e-4cbc-8524-d63f6ebcac81</uuid>
      <relationshipName>eventHistory</relationshipName>
      <targetRecordTypeUuid>cc0dd07e-b323-43e5-8f38-689662eae4e3</targetRecordTypeUuid>
      <relationshipType>ONE_TO_MANY</relationshipType>
      <relationshipData>{"sourceRecordTypeFieldUuid":"0d8ee8a8-99f4-4cf1-9d88-8b16171934da","targetRecordTypeFieldUuid":"38fe32f1-dbed-459f-b1a9-af3119ed22a3","relationshipOperator":"1","joinTableSourceField":"","joinTableTargetField":""}</relationshipData>
      <updateBehavior>CASCADING</updateBehavior>
    </a:recordRelationshipCfg>
    <a:recordRelationshipCfg>
      <uuid>490327a4-e41d-49bf-89ba-e8e740db2786</uuid>
      <relationshipName>saInvoice</relationshipName>
      <targetRecordTypeUuid>fb2b67b4-e555-44a1-b8e3-3f72ad1aec5b</targetRecordTypeUuid>
      <relationshipType>ONE_TO_ONE</relationshipType>
      <relationshipData>{"sourceRecordTypeFieldUuid":"0d8ee8a8-99f4-4cf1-9d88-8b16171934da","targetRecordTypeFieldUuid":"1531703b-602e-496e-b8eb-1522f7423223","relationshipOperator":"1","joinTableSourceField":"","joinTableTargetField":""}</relationshipData>
      <updateBehavior>NON_CASCADING</updateBehavior>
    </a:recordRelationshipCfg>
    <a:recordRowLevelSecurityCfg>
      <uuid>f09aa32b-3b6e-4bb3-961b-645601f32617</uuid>
      <membershipFilter>{"type":"GROUPS","config":{"uuids":["_e-0000ebfe-9746-8000-9bec-01075c01075c_1048"],"#t":"RecordRowLevelSecurityMembershipGroups"},"#t":"RecordRowLevelSecurityMembershipFilter"}</membershipFilter>
      <dataFilter>{"type":"ALLOW_WHEN","config":{"target":"cc07505a-baa5-43c8-b720-f12413639fce","operator":"=","value":{"type":"LITERAL","value":{"#v":"Marketing Executive","#t":"string"}},"#t":"RecordRowLevelSecurityDataCondition"},"#t":"RecordRowLevelSecurityDataFilter"}</dataFilter>
      <orderIdx>0</orderIdx>
      <isActive>false</isActive>
    </a:recordRowLevelSecurityCfg>
    <a:recordRowLevelSecurityCfg>
      <uuid>017a8266-c644-4f67-963f-01001570691a</uuid>
      <membershipFilter>{"type":"GROUPS","config":{"uuids":["_e-0000ebfe-9746-8000-9bec-01075c01075c_1059"],"#t":"RecordRowLevelSecurityMembershipGroups"},"#t":"RecordRowLevelSecurityMembershipFilter"}</membershipFilter>
      <dataFilter>{"type":"ALLOW_WHEN","config":{"target":"cc07505a-baa5-43c8-b720-f12413639fce","operator":"=","value":{"type":"LITERAL","value":{"#v":"Portal","#t":"string"}},"relationshipPath":[],"#t":"RecordRowLevelSecurityDataCondition"},"#t":"RecordRowLevelSecurityDataFilter"}</dataFilter>
      <orderIdx>1</orderIdx>
      <isActive>false</isActive>
    </a:recordRowLevelSecurityCfg>
    <a:recordRowLevelSecurityCfg>
      <uuid>5f1f91af-5f7d-4aa2-875b-c8d66376a4ae</uuid>
      <membershipFilter>{"type":"GROUPS","config":{"uuids":["_e-0000ebfe-9746-8000-9bec-01075c01075c_1057"],"#t":"RecordRowLevelSecurityMembershipGroups"},"#t":"RecordRowLevelSecurityMembershipFilter"}</membershipFilter>
      <dataFilter>{"type":"ALLOW_WHEN","config":{"target":"cc07505a-baa5-43c8-b720-f12413639fce","operator":"=","value":{"type":"LITERAL","value":{"#v":"Email","#t":"string"}},"#t":"RecordRowLevelSecurityDataCondition"},"#t":"RecordRowLevelSecurityDataFilter"}</dataFilter>
      <orderIdx>2</orderIdx>
      <isActive>false</isActive>
    </a:recordRowLevelSecurityCfg>
    <a:recordTypeSearchCfg>
      <searchFieldsSrc>DEFAULT</searchFieldsSrc>
      <placeholderSrc>DEFAULT</placeholderSrc>
      <placeholder/>
    </a:recordTypeSearchCfg>
    <a:iconId/>
    <a:listAutoRefreshInterval>0.0</a:listAutoRefreshInterval>
    <a:sourceConfiguration>
      <sourceUuid>SA_REQUEST@jdbc/Appian</sourceUuid>
      <sourceType>RDBMS_TABLE</sourceType>
      <sourceSubType>NONE</sourceSubType>
      <friendlyName>SA_REQUEST</friendlyName>
      <sourceFilterExpr/>
      <field>
        <uuid>0d8ee8a8-99f4-4cf1-9d88-8b16171934da</uuid>
        <type>{http://www.appian.com/ae/types/2009}Integer</type>
        <sourceFieldName>REQUEST_ID</sourceFieldName>
        <sourceFieldType>INTEGER</sourceFieldType>
        <fieldName>requestId</fieldName>
        <isRecordId>true</isRecordId>
        <isUnique>true</isUnique>
        <isCustomField>false</isCustomField>
        <customFieldExpr/>
        <customFieldDefaultValueStr>null</customFieldDefaultValueStr>
        <fieldCalculationType>NA</fieldCalculationType>
        <fieldTemplateType>NA</fieldTemplateType>
        <isRollingSyncSortField>false</isRollingSyncSortField>
      </field>
      <field>
        <uuid>a39f236d-99cd-4494-8f9e-70f6e494107d</uuid>
        <type>{http://www.appian.com/ae/types/2009}Integer</type>
        <sourceFieldName>CUSTOMER_ID</sourceFieldName>
        <sourceFieldType>INTEGER</sourceFieldType>
        <fieldName>customerId</fieldName>
        <isRecordId>false</isRecordId>
        <isUnique>false</isUnique>
        <isCustomField>false</isCustomField>
        <customFieldExpr/>
        <customFieldDefaultValueStr>null</customFieldDefaultValueStr>
        <fieldCalculationType>NA</fieldCalculationType>
        <fieldTemplateType>NA</fieldTemplateType>
        <isRollingSyncSortField>false</isRollingSyncSortField>
      </field>
      <field>
        <uuid>9503c12f-5408-4d44-8d15-f6f1530b81d9</uuid>
        <type>{http://www.appian.com/ae/types/2009}Text</type>
        <sourceFieldName>CUSTOMER_NEED</sourceFieldName>
        <sourceFieldType>VARCHAR(4000)</sourceFieldType>
        <fieldName>customerNeed</fieldName>
        <isRecordId>false</isRecordId>
        <isUnique>false</isUnique>
        <isCustomField>false</isCustomField>
        <customFieldExpr/>
        <customFieldDefaultValueStr>null</customFieldDefaultValueStr>
        <fieldCalculationType>NA</fieldCalculationType>
        <fieldTemplateType>NA</fieldTemplateType>
        <isRollingSyncSortField>false</isRollingSyncSortField>
      </field>
      <field>
        <uuid>3ac99b4f-ac7f-457d-a324-fdf312b35300</uuid>
        <type>{http://www.appian.com/ae/types/2009}Integer</type>
        <sourceFieldName>BUDGET</sourceFieldName>
        <sourceFieldType>INTEGER</sourceFieldType>
        <fieldName>budget</fieldName>
        <isRecordId>false</isRecordId>
        <isUnique>false</isUnique>
        <isCustomField>false</isCustomField>
        <customFieldExpr/>
        <customFieldDefaultValueStr>null</customFieldDefaultValueStr>
        <fieldCalculationType>NA</fieldCalculationType>
        <fieldTemplateType>NA</fieldTemplateType>
        <isRollingSyncSortField>false</isRollingSyncSortField>
      </field>
      <field>
        <uuid>4faed056-b251-44ee-a8ad-b7ec36e911dd</uuid>
        <type>{http://www.appian.com/ae/types/2009}Date</type>
        <sourceFieldName>TIMELINE</sourceFieldName>
        <sourceFieldType>DATE</sourceFieldType>
        <fieldName>timeline</fieldName>
        <isRecordId>false</isRecordId>
        <isUnique>false</isUnique>
        <isCustomField>false</isCustomField>
        <customFieldExpr/>
        <customFieldDefaultValueStr>null</customFieldDefaultValueStr>
        <fieldCalculationType>NA</fieldCalculationType>
        <fieldTemplateType>NA</fieldTemplateType>
        <isRollingSyncSortField>false</isRollingSyncSortField>
      </field>
      <field>
        <uuid>5407d62d-7e8b-4c11-9c4b-86c8a58ca007</uuid>
        <type>{http://www.appian.com/ae/types/2009}Text</type>
        <sourceFieldName>USER_COMMENTS</sourceFieldName>
        <sourceFieldType>VARCHAR(4000)</sourceFieldType>
        <fieldName>userComments</fieldName>
        <isRecordId>false</isRecordId>
        <isUnique>false</isUnique>
        <isCustomField>false</isCustomField>
        <customFieldExpr/>
        <customFieldDefaultValueStr>null</customFieldDefaultValueStr>
        <fieldCalculationType>NA</fieldCalculationType>
        <fieldTemplateType>NA</fieldTemplateType>
        <isRollingSyncSortField>false</isRollingSyncSortField>
      </field>
      <field>
        <uuid>0bec8d53-0f6d-4ad9-85eb-fb13af2fb09d</uuid>
        <type>{http://www.appian.com/ae/types/2009}Boolean</type>
        <sourceFieldName>QUALIFY_LEAD</sourceFieldName>
        <sourceFieldType>BIT</sourceFieldType>
        <fieldName>qualifyLead</fieldName>
        <isRecordId>false</isRecordId>
        <isUnique>false</isUnique>
        <isCustomField>false</isCustomField>
        <customFieldExpr/>
        <customFieldDefaultValueStr>null</customFieldDefaultValueStr>
        <fieldCalculationType>NA</fieldCalculationType>
        <fieldTemplateType>NA</fieldTemplateType>
        <isRollingSyncSortField>false</isRollingSyncSortField>
      </field>
      <field>
        <uuid>5d896fc6-4490-43da-b4f4-eb306a6e3cb4</uuid>
        <type>{http://www.appian.com/ae/types/2009}Text</type>
        <sourceFieldName>STATUS</sourceFieldName>
        <sourceFieldType>VARCHAR(255)</sourceFieldType>
        <fieldName>status</fieldName>
        <isRecordId>false</isRecordId>
        <isUnique>false</isUnique>
        <isCustomField>false</isCustomField>
        <customFieldExpr/>
        <customFieldDefaultValueStr>null</customFieldDefaultValueStr>
        <fieldCalculationType>NA</fieldCalculationType>
        <fieldTemplateType>NA</fieldTemplateType>
        <isRollingSyncSortField>false</isRollingSyncSortField>
      </field>
      <field>
        <uuid>34ecb62a-df27-485a-9080-07712561de57</uuid>
        <type>{http://www.appian.com/ae/types/2009}Text</type>
        <sourceFieldName>ASSIGNED_TO</sourceFieldName>
        <sourceFieldType>VARCHAR(255)</sourceFieldType>
        <fieldName>assignedTo</fieldName>
        <isRecordId>false</isRecordId>
        <isUnique>false</isUnique>
        <isCustomField>false</isCustomField>
        <customFieldExpr/>
        <customFieldDefaultValueStr>null</customFieldDefaultValueStr>
        <fieldCalculationType>NA</fieldCalculationType>
        <fieldTemplateType>NA</fieldTemplateType>
        <isRollingSyncSortField>false</isRollingSyncSortField>
      </field>
      <field>
        <uuid>cc07505a-baa5-43c8-b720-f12413639fce</uuid>
        <type>{http://www.appian.com/ae/types/2009}Text</type>
        <sourceFieldName>SOURCE_TYPE</sourceFieldName>
        <sourceFieldType>VARCHAR(255)</sourceFieldType>
        <fieldName>sourceType</fieldName>
        <isRecordId>false</isRecordId>
        <isUnique>false</isUnique>
        <isCustomField>false</isCustomField>
        <customFieldExpr/>
        <customFieldDefaultValueStr>null</customFieldDefaultValueStr>
        <fieldCalculationType>NA</fieldCalculationType>
        <fieldTemplateType>NA</fieldTemplateType>
        <isRollingSyncSortField>false</isRollingSyncSortField>
      </field>
      <field>
        <uuid>66ddebfc-bac9-4f5e-b984-4a850ffe1b45</uuid>
        <type>{http://www.appian.com/ae/types/2009}Integer</type>
        <sourceFieldName>SCORE</sourceFieldName>
        <sourceFieldType>INTEGER</sourceFieldType>
        <fieldName>score</fieldName>
        <isRecordId>false</isRecordId>
        <isUnique>false</isUnique>
        <isCustomField>false</isCustomField>
        <customFieldExpr/>
        <customFieldDefaultValueStr>null</customFieldDefaultValueStr>
        <fieldCalculationType>NA</fieldCalculationType>
        <fieldTemplateType>NA</fieldTemplateType>
        <isRollingSyncSortField>false</isRollingSyncSortField>
      </field>
      <field>
        <uuid>a19f4a1d-5dba-48cd-862c-ca336c136186</uuid>
        <type>{http://www.appian.com/ae/types/2009}Text</type>
        <sourceFieldName>CREATED_BY</sourceFieldName>
        <sourceFieldType>VARCHAR(255)</sourceFieldType>
        <fieldName>createdBy</fieldName>
        <isRecordId>false</isRecordId>
        <isUnique>false</isUnique>
        <isCustomField>false</isCustomField>
        <customFieldExpr/>
        <customFieldDefaultValueStr>null</customFieldDefaultValueStr>
        <fieldCalculationType>NA</fieldCalculationType>
        <fieldTemplateType>NA</fieldTemplateType>
        <isRollingSyncSortField>false</isRollingSyncSortField>
      </field>
      <field>
        <uuid>efd67d88-f072-41c9-b384-24367a488e35</uuid>
        <type>{http://www.appian.com/ae/types/2009}Datetime</type>
        <sourceFieldName>CREATED_ON</sourceFieldName>
        <sourceFieldType>TIMESTAMP</sourceFieldType>
        <fieldName>createdOn</fieldName>
        <isRecordId>false</isRecordId>
        <isUnique>false</isUnique>
        <isCustomField>false</isCustomField>
        <customFieldExpr/>
        <customFieldDefaultValueStr>null</customFieldDefaultValueStr>
        <fieldCalculationType>NA</fieldCalculationType>
        <fieldTemplateType>NA</fieldTemplateType>
        <isRollingSyncSortField>false</isRollingSyncSortField>
      </field>
      <field>
        <uuid>d3f0a4ea-875f-4ab8-ae2c-018c14e8a61e</uuid>
        <type>{http://www.appian.com/ae/types/2009}Text</type>
        <sourceFieldName>MODIFIED_BY</sourceFieldName>
        <sourceFieldType>VARCHAR(255)</sourceFieldType>
        <fieldName>modifiedBy</fieldName>
        <isRecordId>false</isRecordId>
        <isUnique>false</isUnique>
        <isCustomField>false</isCustomField>
        <customFieldExpr/>
        <customFieldDefaultValueStr>null</customFieldDefaultValueStr>
        <fieldCalculationType>NA</fieldCalculationType>
        <fieldTemplateType>NA</fieldTemplateType>
        <isRollingSyncSortField>false</isRollingSyncSortField>
      </field>
      <field>
        <uuid>c2c75b11-0264-4216-8d21-a1679409b341</uuid>
        <type>{http://www.appian.com/ae/types/2009}Datetime</type>
        <sourceFieldName>MODIFIED_ON</sourceFieldName>
        <sourceFieldType>TIMESTAMP</sourceFieldType>
        <fieldName>modifiedOn</fieldName>
        <isRecordId>false</isRecordId>
        <isUnique>false</isUnique>
        <isCustomField>false</isCustomField>
        <customFieldExpr/>
        <customFieldDefaultValueStr>null</customFieldDefaultValueStr>
        <fieldCalculationType>NA</fieldCalculationType>
        <fieldTemplateType>NA</fieldTemplateType>
        <isRollingSyncSortField>false</isRollingSyncSortField>
      </field>
      <field>
        <uuid>49786708-6ce1-44c5-a1ce-e537d808cead</uuid>
        <type>{http://www.appian.com/ae/types/2009}Boolean</type>
        <sourceFieldName>IS_ACTIVE</sourceFieldName>
        <sourceFieldType>BIT</sourceFieldType>
        <fieldName>isActive</fieldName>
        <isRecordId>false</isRecordId>
        <isUnique>false</isUnique>
        <isCustomField>false</isCustomField>
        <customFieldExpr/>
        <customFieldDefaultValueStr>null</customFieldDefaultValueStr>
        <fieldCalculationType>NA</fieldCalculationType>
        <fieldTemplateType>NA</fieldTemplateType>
        <isRollingSyncSortField>false</isRollingSyncSortField>
      </field>
      <uuid>1f47f5f8-ef70-4f23-a192-9f4c87772b04</uuid>
      <refreshSchedule>
        <frequency>DAILY</frequency>
        <value>{"hour":3,"minute":"00","amPM":"AM","timeZone":"IST","version":"v1"}</value>
        <activated>false</activated>
      </refreshSchedule>
      <skipFailureEnabled>true</skipFailureEnabled>
      <recordIdGeneratorUuid/>
    </a:sourceConfiguration>
    <a:enabledFeatures>255</a:enabledFeatures>
    <a:isVisibleInRecordTypeList>false</a:isVisibleInRecordTypeList>
    <a:recordActionLaunchType>DIALOG</a:recordActionLaunchType>
    <a:showSearchBox>true</a:showSearchBox>
    <a:recordEventsConfig>
      <uuid>a2177792-1351-46f3-beb8-c1fbedd556d2</uuid>
      <eventRecordTypeUuid>cc0dd07e-b323-43e5-8f38-689662eae4e3</eventRecordTypeUuid>
      <eventRelationshipUuid>f6951b92-709e-4cbc-8524-d63f6ebcac81</eventRelationshipUuid>
      <eventTypeRecordTypeUuid>3088fe02-f3d6-4dd5-b2f7-a122e37dd327</eventTypeRecordTypeUuid>
      <eventTypeRelationshipUuid>05b29676-4cb5-49b6-b124-fb5beb224f75</eventTypeRelationshipUuid>
      <eventTimestampFieldUuid>5a4ee889-c0fd-47b6-81e7-98f347602887</eventTimestampFieldUuid>
      <eventUserFieldUuid>17ba286d-8ac1-4bca-8c62-3d0a7049fa10</eventUserFieldUuid>
      <eventTypeValueFieldUuid>9e8ba36d-57a2-4bf9-80a7-08186b30a321</eventTypeValueFieldUuid>
      <generateCommonEvents>true</generateCommonEvents>
      <eventAutomationIdentifierFieldUuid>bbbba3be-7f70-4176-9601-dbd8507128b7</eventAutomationIdentifierFieldUuid>
    </a:recordEventsConfig>
    <a:isVisibleInDataFabric>true</a:isVisibleInDataFabric>
    <a:usesRollingSyncLimit>false</a:usesRollingSyncLimit>
  </recordType>
  <roleMap>
    <role name="record_type_administrator">
      <users/>
      <groups>
        <groupUuid>45cbc61c-0474-4c75-8505-796d36d8e26e</groupUuid>
      </groups>
    </role>
    <role name="record_type_viewer">
      <users/>
      <groups>
        <groupUuid>a1a3e2a1-e856-4284-a601-8360e1515230</groupUuid>
      </groups>
    </role>
  </roleMap>
  <history>
    <historyInfo versionUuid="dc000db5-78ab-4d5b-94f0-488183fadd8c"/>
    <historyInfo versionUuid="a0c21926-f0e3-42ab-91b4-d579ceaad663"/>
    <historyInfo versionUuid="15051a9e-b68b-4545-82de-4a4df0a5f2ad"/>
    <historyInfo versionUuid="1cd93d17-6987-494b-bb61-a58eebe38adf"/>
    <historyInfo versionUuid="8421cf57-98fa-4f73-b24e-54928ecce86f"/>
    <historyInfo versionUuid="e9aa029e-69d4-42d4-a0ef-0e7b3c5e4a8b"/>
    <historyInfo versionUuid="3b18f317-517f-4e25-a4c4-6299f796448e"/>
    <historyInfo versionUuid="caa8643a-cdc4-4ec1-b5a5-f8abf1b9a3f8"/>
    <historyInfo versionUuid="9a5ffe56-ef6f-41c5-b6ed-50df1509f68c"/>
    <historyInfo versionUuid="015d2fe4-f284-4b3b-a3cd-351411107ed1"/>
    <historyInfo versionUuid="de597217-7957-4b90-8a33-a15de86d625f"/>
    <historyInfo versionUuid="584ec8c9-1759-45f8-a730-ab8b1c9d415d"/>
    <historyInfo versionUuid="8a6a78b2-0469-4ec4-b3c0-850f8ddf65ab"/>
    <historyInfo versionUuid="a8893086-7776-44d6-bdda-f8a3dc581961"/>
    <historyInfo versionUuid="5c2f836e-c03f-4298-89b3-6ff29b7a2178"/>
    <historyInfo versionUuid="073b148a-becf-41a4-8a9e-c8756a4f33fd"/>
    <historyInfo versionUuid="e7ee86d6-1118-4a55-b869-724e496311c9"/>
    <historyInfo versionUuid="18c27e58-6be0-4f14-8b70-6dc0e0dfe67e"/>
    <historyInfo versionUuid="d064ac5c-2d43-4abe-aba3-0ae9257a24e3"/>
    <historyInfo versionUuid="aa498f72-3e5f-4fe5-b66f-41a4133da842"/>
    <historyInfo versionUuid="379f5a91-91fe-40c4-9997-1c57fc07c69e"/>
    <historyInfo versionUuid="1014de85-2d36-4cc1-8f32-bbf4b236841f"/>
    <historyInfo versionUuid="79311f5c-e116-4752-9617-fa7113745a94"/>
    <historyInfo versionUuid="f7308a6e-54a9-4aa4-9425-23b0a2cb63c3"/>
    <historyInfo versionUuid="644ed58f-dd20-41eb-9dcf-eb71357c6fae"/>
    <historyInfo versionUuid="dff613ed-ee95-4d07-945a-43923aff9932"/>
    <historyInfo versionUuid="06e2b84e-fdae-4759-8580-f64c81505a70"/>
    <historyInfo versionUuid="feccf8d6-b626-4865-b892-3ad28fcf9a3d"/>
    <historyInfo versionUuid="45189632-90b9-4dba-8438-19fc2ef965bf"/>
    <historyInfo versionUuid="3a79be9e-ee68-45d0-ac4c-0a6eb43f5881"/>
    <historyInfo versionUuid="fc7e7147-21ac-4951-a1cf-72254422695e"/>
    <historyInfo versionUuid="3175d9cb-cc9f-4a65-a914-09cdaad8d103"/>
    <historyInfo versionUuid="a1972b27-5163-4c04-9782-6bce23d1e135"/>
    <historyInfo versionUuid="e475b958-c7fd-4bf4-a565-186d6d5355d9"/>
    <historyInfo versionUuid="c2b83ee8-c2c8-40ae-956e-315738489c94"/>
    <historyInfo versionUuid="1e4a21ec-8bb3-4f98-ad56-ecfab5c29ec2"/>
    <historyInfo versionUuid="ed4ba61b-4e83-467e-ab37-6ed6b2e75fe2"/>
    <historyInfo versionUuid="2607140b-9486-4e40-8e0a-ab3fc8fb05d4"/>
    <historyInfo versionUuid="4851a050-7be3-40e2-9b16-b35b0c61f62d"/>
    <historyInfo versionUuid="109b6223-b0ce-4478-a97b-04760fb2862f"/>
    <historyInfo versionUuid="9dc33e55-9209-4821-ae71-c6463a244fc2"/>
    <historyInfo versionUuid="d4bf13b1-8469-4cc4-b1f3-5a39d19e5e8b"/>
    <historyInfo versionUuid="fa384874-8141-478b-ae26-b671842a142f"/>
    <historyInfo versionUuid="d8039288-7985-488d-ac02-8d657749e280"/>
    <historyInfo versionUuid="251efb9a-3e1e-4ea3-950f-8a45147b57d8"/>
    <historyInfo versionUuid="0ccc7dbf-9143-40dd-baa2-31dcc40c076d"/>
    <historyInfo versionUuid="766d99d6-57d5-479d-9590-5115b461dfd9"/>
    <historyInfo versionUuid="d5c6d6b6-f958-43c8-a721-2deb192f35af"/>
    <historyInfo versionUuid="a0acad4a-c19c-486c-9949-1ad769e34aef"/>
    <historyInfo versionUuid="a44fd264-3f35-41be-8d8f-2714e006b684"/>
    <historyInfo versionUuid="17f5677b-ad8f-4816-8ff5-650d2d6fe320"/>
    <historyInfo versionUuid="ca0b9e32-545c-4c58-9fec-ed2813250adb"/>
    <historyInfo versionUuid="ac12e6af-9fbe-4c51-ba74-3a65a87f0197"/>
    <historyInfo versionUuid="ae8afd7a-2171-4160-ad85-8d42e9911ce2"/>
    <historyInfo versionUuid="9bb45675-47d4-4b25-ba55-b53da0f0fffe"/>
    <historyInfo versionUuid="52cafed1-7e84-4024-902c-5f65696ac7b8"/>
    <historyInfo versionUuid="91f35573-cc65-4641-9bca-594404b59b67"/>
    <historyInfo versionUuid="a7b3842a-c16b-446a-8a3e-e7c96ad70522"/>
    <historyInfo versionUuid="9c76d14e-583f-4344-bccd-2059e09ed99f"/>
    <historyInfo versionUuid="58d41a3f-ca11-4a74-982b-6e441411b735"/>
    <historyInfo versionUuid="069273e5-57bd-4961-bfcd-1ca4f712da42"/>
    <historyInfo versionUuid="31a8ed3b-36df-4b6b-bb2e-61dc9bb4fca8"/>
    <historyInfo versionUuid="6c3a598b-194d-41e2-adad-c6533dacb344"/>
    <historyInfo versionUuid="8799b1ff-eee8-49b5-8b9e-e4eaf27fce20"/>
    <historyInfo versionUuid="9a6fad8d-a7aa-459f-b2b2-93b206386700"/>
    <historyInfo versionUuid="28a2b34c-db0f-4916-9007-40833b0f6e8e"/>
    <historyInfo versionUuid="f997e884-acc0-4cba-a607-7df0b1396208"/>
    <historyInfo versionUuid="1af4be99-e090-4f69-ab47-bb3485ffd3b4"/>
    <historyInfo versionUuid="17e7c7a2-5188-4f82-a3e2-3ead28fe5b5b"/>
    <historyInfo versionUuid="e094f15c-e5d1-4bd2-97df-ddd2499a4638"/>
    <historyInfo versionUuid="74795021-be03-40c7-a52e-b99e3f26983d"/>
    <historyInfo versionUuid="1ceaeab4-7ad1-415b-a71c-200f789863e4"/>
    <historyInfo versionUuid="ed68899e-1732-4ba0-8316-9917257f48a3"/>
    <historyInfo versionUuid="b77a8791-c47f-4e84-afb8-2a5ea53f63a8"/>
    <historyInfo versionUuid="499d61b8-3269-4d70-94d7-a46b49462289"/>
    <historyInfo versionUuid="89f900b9-54b4-452a-a4b5-1cfa2850e972"/>
    <historyInfo versionUuid="efa73024-a9ca-4b80-812d-7b3d614ba7cc"/>
    <historyInfo versionUuid="92cc72ed-c765-4928-b467-8d6c977aa748"/>
    <historyInfo versionUuid="d8320093-085a-4561-8a26-1f5d9b5e06d7"/>
    <historyInfo versionUuid="e75d12da-268e-4d56-a6de-fe09ca7fc986"/>
    <historyInfo versionUuid="3b5317b9-1ee2-4eec-b7f2-e8ea16e350e4"/>
    <historyInfo versionUuid="cdb0150e-ad42-4a14-8cfd-d943b52230fa"/>
    <historyInfo versionUuid="9b11f062-52a6-44a9-84d9-08b03c048b31"/>
    <historyInfo versionUuid="ebdce83c-2b53-497c-90c6-e4a26baddbb2"/>
    <historyInfo versionUuid="64d1d4d6-07d4-4bec-b8bb-59729fbded1f"/>
    <historyInfo versionUuid="542872b0-ecd6-4960-b262-c9bf0e997217"/>
    <historyInfo versionUuid="92623d76-411f-4565-9a1a-12cc9ea0796a"/>
    <historyInfo versionUuid="0b4df302-679d-4114-af34-1d48b12a979b"/>
    <historyInfo versionUuid="0c1585bc-1b0a-4ea7-9a1d-88fb44b828db"/>
    <historyInfo versionUuid="62379086-dbb7-4d83-a6d5-7a0b7409f14a"/>
    <historyInfo versionUuid="80bda6f6-3a3a-4fd7-8b74-b55158e023ba"/>
    <historyInfo versionUuid="b0b1e941-70ae-4b74-b5eb-396215948333"/>
    <historyInfo versionUuid="6e76ee10-36bb-4db9-9d62-f4b604bc7aa7"/>
    <historyInfo versionUuid="ec85c715-6af1-4280-9ba6-c6536c37aa9d"/>
    <historyInfo versionUuid="398b9794-de70-417e-9115-c29abd90c641"/>
    <historyInfo versionUuid="af2a9ba9-2b44-4428-9a54-2c02504c95eb"/>
    <historyInfo versionUuid="bfaed540-9641-466f-8862-b6f8f91179f9"/>
    <historyInfo versionUuid="1bc43a06-6f3d-4a76-964e-0b292228dd3e"/>
    <historyInfo versionUuid="0eec0aa1-7f74-4de3-874d-4ff61d00ba28"/>
    <historyInfo versionUuid="61e4ea0c-8467-4b45-a236-9cd6f411bb1b"/>
    <historyInfo versionUuid="67919110-a3a2-4d46-b3e0-c31a1014d319"/>
    <historyInfo versionUuid="a3b8d5c3-5cd0-4546-abf5-5f5ef215d528"/>
    <historyInfo versionUuid="3c4bd535-3d5b-4b9d-9687-d8840f733e7a"/>
  </history>
  <migrationVersion>1</migrationVersion>
</recordTypeHaul>
