<?xml version="1.0" encoding="UTF-8"?>
<recordTypeHaul xmlns:a="http://www.appian.com/ae/types/2009" xmlns:xsi="http://www.w3.org/2001/XMLSchema-instance">
  <versionUuid>585dc647-2c5c-4575-b561-5d5d91a94a9d</versionUuid>
  <recordType a:uuid="fb2b67b4-e555-44a1-b8e3-3f72ad1aec5b" name="SA Invoice">
    <a:pluralName>Invoices</a:pluralName>
    <a:description>This table is used for storing the invoices related data. </a:description>
    <a:urlStub>SjQ4Qg</a:urlStub>
    <a:source xsi:type="a:RecordsReplica"/>
    <a:listViewTemplateExpr>#"SYSTEM_SYSRULES_recordGridField"(
  columns: {
    #"SYSTEM_SYSRULES_gridColumn"(
      label: "Invoice ID",
      sortField: 'recordType!{fb2b67b4-e555-44a1-b8e3-3f72ad1aec5b}SA Invoice.fields.{1531703b-602e-496e-b8eb-1522f7423223}invoiceID',
      value: fv!row['recordType!{fb2b67b4-e555-44a1-b8e3-3f72ad1aec5b}SA Invoice.fields.{1531703b-602e-496e-b8eb-1522f7423223}invoiceID'],
      align: "END"
    ),
    #"SYSTEM_SYSRULES_gridColumn"(
      label: "Customer",
      sortField: 'recordType!{fb2b67b4-e555-44a1-b8e3-3f72ad1aec5b}.relationships.{e4cff487-1a07-412b-bc93-06c89d7ceb97}.fields.{433c15ec-ae2a-4124-8cca-dca38ffb8874}',
      value: #"SYSTEM_SYSRULES_linkField"(
        links: {
          #"SYSTEM_SYSRULES_recordLink"(
            label: fv!row['recordType!{fb2b67b4-e555-44a1-b8e3-3f72ad1aec5b}.relationships.{e4cff487-1a07-412b-bc93-06c89d7ceb97}.fields.{433c15ec-ae2a-4124-8cca-dca38ffb8874}'],
            recordType: #"urn:appian:record-type:v1:fb2b67b4-e555-44a1-b8e3-3f72ad1aec5b",
            identifier: fv!identifier
          )
        }
      ),
      align: "END"
    ),
    #"SYSTEM_SYSRULES_gridColumn"(
      label: "Request Id",
      sortField: 'recordType!{fb2b67b4-e555-44a1-b8e3-3f72ad1aec5b}SA Invoice.fields.{a22bbea4-b029-49dd-af9d-601292925708}requestId',
      value: fv!row['recordType!{fb2b67b4-e555-44a1-b8e3-3f72ad1aec5b}SA Invoice.fields.{a22bbea4-b029-49dd-af9d-601292925708}requestId'],
      align: "END"
    ),
    #"SYSTEM_SYSRULES_gridColumn"(
      label: "Amount",
      sortField: 'recordType!{fb2b67b4-e555-44a1-b8e3-3f72ad1aec5b}SA Invoice.fields.{31369e45-2166-4cfe-894e-b9ebfe57f4d6}amount',
      value: if(
      isnull(fv!row['recordType!{fb2b67b4-e555-44a1-b8e3-3f72ad1aec5b}SA Invoice.fields.{31369e45-2166-4cfe-894e-b9ebfe57f4d6}amount']),
      fv!row['recordType!{fb2b67b4-e555-44a1-b8e3-3f72ad1aec5b}SA Invoice.fields.{31369e45-2166-4cfe-894e-b9ebfe57f4d6}amount'],
      fixed(fv!row['recordType!{fb2b67b4-e555-44a1-b8e3-3f72ad1aec5b}SA Invoice.fields.{31369e45-2166-4cfe-894e-b9ebfe57f4d6}amount'], 2)
      ),
      align: "END"
    ),
    #"SYSTEM_SYSRULES_gridColumn"(
      label: "Mode Of Payment",
      sortField: 'recordType!{fb2b67b4-e555-44a1-b8e3-3f72ad1aec5b}SA Invoice.fields.{2f530d41-5914-493c-82ce-c7d69f649a2b}modeOfPayment',
      value: fv!row['recordType!{fb2b67b4-e555-44a1-b8e3-3f72ad1aec5b}SA Invoice.fields.{2f530d41-5914-493c-82ce-c7d69f649a2b}modeOfPayment']
    ),
    #"SYSTEM_SYSRULES_gridColumn"(
      label: "Payment Status",
      sortField: 'recordType!{fb2b67b4-e555-44a1-b8e3-3f72ad1aec5b}SA Invoice.fields.{3fc5dd80-117a-4e75-9873-879dfcc678bd}paymentStatus',
      value: fv!row['recordType!{fb2b67b4-e555-44a1-b8e3-3f72ad1aec5b}SA Invoice.fields.{3fc5dd80-117a-4e75-9873-879dfcc678bd}paymentStatus']
    ),
    #"SYSTEM_SYSRULES_gridColumn"(
      label: "Created By",
      sortField: 'recordType!{fb2b67b4-e555-44a1-b8e3-3f72ad1aec5b}SA Invoice.fields.{f770c117-8a73-496b-b1cc-55319836d26f}createdBy',
      value: fv!row['recordType!{fb2b67b4-e555-44a1-b8e3-3f72ad1aec5b}SA Invoice.fields.{f770c117-8a73-496b-b1cc-55319836d26f}createdBy']
    ),
    #"SYSTEM_SYSRULES_gridColumn"(
      label: "Created On",
      sortField: 'recordType!{fb2b67b4-e555-44a1-b8e3-3f72ad1aec5b}SA Invoice.fields.{cf09b4ff-60eb-495b-8fc9-7138768009da}createdOn',
      value: if(
      isnull(fv!row['recordType!{fb2b67b4-e555-44a1-b8e3-3f72ad1aec5b}SA Invoice.fields.{cf09b4ff-60eb-495b-8fc9-7138768009da}createdOn']),
      fv!row['recordType!{fb2b67b4-e555-44a1-b8e3-3f72ad1aec5b}SA Invoice.fields.{cf09b4ff-60eb-495b-8fc9-7138768009da}createdOn'],
      datetext(fv!row['recordType!{fb2b67b4-e555-44a1-b8e3-3f72ad1aec5b}SA Invoice.fields.{cf09b4ff-60eb-495b-8fc9-7138768009da}createdOn'], "default")
      ),
      align: "END"
    ),
    #"SYSTEM_SYSRULES_gridColumn"(
      label: "Modified By",
      sortField: 'recordType!{fb2b67b4-e555-44a1-b8e3-3f72ad1aec5b}SA Invoice.fields.{1576add4-0355-4748-8985-863b798b38ee}modifiedBy',
      value: fv!row['recordType!{fb2b67b4-e555-44a1-b8e3-3f72ad1aec5b}SA Invoice.fields.{1576add4-0355-4748-8985-863b798b38ee}modifiedBy']
    ),
    #"SYSTEM_SYSRULES_gridColumn"(
      label: "Modified On",
      sortField: 'recordType!{fb2b67b4-e555-44a1-b8e3-3f72ad1aec5b}SA Invoice.fields.{61013fa7-9254-468c-b37b-c79fa15d13b6}modifiedOn',
      value: if(
      isnull(fv!row['recordType!{fb2b67b4-e555-44a1-b8e3-3f72ad1aec5b}SA Invoice.fields.{61013fa7-9254-468c-b37b-c79fa15d13b6}modifiedOn']),
      fv!row['recordType!{fb2b67b4-e555-44a1-b8e3-3f72ad1aec5b}SA Invoice.fields.{61013fa7-9254-468c-b37b-c79fa15d13b6}modifiedOn'],
      datetext(fv!row['recordType!{fb2b67b4-e555-44a1-b8e3-3f72ad1aec5b}SA Invoice.fields.{61013fa7-9254-468c-b37b-c79fa15d13b6}modifiedOn'], "default")
      ),
      align: "END"
    )
  },
  pageSize: 50,
  shadeAlternateRows: true
)</a:listViewTemplateExpr>
    <a:fieldCfg a:uuid="faffffb5-b278-4997-af1a-c4a8a71b6f91" name="SA Customer">
      <a:description/>
      <a:sourceRef>e4cff487-1a07-412b-bc93-06c89d7ceb97/433c15ec-ae2a-4124-8cca-dca38ffb8874</a:sourceRef>
      <a:isSortable>false</a:isSortable>
      <a:isSearchable>false</a:isSearchable>
      <a:isFacet>true</a:isFacet>
      <a:facetType>CUSTOM_BUCKETS_CLOSED</a:facetType>
      <a:isExclusiveFacet>true</a:isExclusiveFacet>
      <a:facetLabelExpr>"Customer"</a:facetLabelExpr>
      <a:sortOrderIndex>0</a:sortOrderIndex>
      <a:facetOrderIndex>0</a:facetOrderIndex>
      <a:visibilityExpr/>
      <a:defaultOptionExpr/>
      <a:allowMultipleSelections>true</a:allowMultipleSelections>
      <a:relatedRecordFieldUuid>e4cff487-1a07-412b-bc93-06c89d7ceb97/433c15ec-ae2a-4124-8cca-dca38ffb8874</a:relatedRecordFieldUuid>
    </a:fieldCfg>
    <a:detailViewCfg>
      <a:nameExpr>#"SYSTEM_SYSRULES_rtd_getDefaultSummaryViewName"()</a:nameExpr>
      <a:uiExpr/>
      <a:visibilityExpr>=true()</a:visibilityExpr>
      <a:urlStub>summary</a:urlStub>
      <a:headerExpr/>
      <a:recordActionLaunchType>DIALOG</a:recordActionLaunchType>
      <a:recordUiSecurityType>EXPRESSION</a:recordUiSecurityType>
    </a:detailViewCfg>
    <a:isSystem>false</a:isSystem>
    <a:dataSrcExpr/>
    <a:facetsListExpr/>
    <a:titleExpr>rv!record[#"urn:appian:record-field:v1:fb2b67b4-e555-44a1-b8e3-3f72ad1aec5b/2f530d41-5914-493c-82ce-c7d69f649a2b"]</a:titleExpr>
    <a:defaultFiltersExpr/>
    <a:layoutType>GRID</a:layoutType>
    <a:security>16383</a:security>
    <a:hideLatestNews>false</a:hideLatestNews>
    <a:hideNewsView>false</a:hideNewsView>
    <a:hideRelatedActionsView>false</a:hideRelatedActionsView>
    <a:isExportable>true</a:isExportable>
    <a:listViewSrcExpr/>
    <a:recordViewSrcExpr/>
    <a:recordRelationshipCfg>
      <uuid>e4cff487-1a07-412b-bc93-06c89d7ceb97</uuid>
      <relationshipName>customer</relationshipName>
      <targetRecordTypeUuid>826d8fe7-5a45-4699-b6f9-3c87219188b1</targetRecordTypeUuid>
      <relationshipType>MANY_TO_ONE</relationshipType>
      <relationshipData>{"sourceRecordTypeFieldUuid":"92a7a4b4-df02-47fa-bad0-0bb1afb68e9f","targetRecordTypeFieldUuid":"1a9e0b17-7436-44e6-a796-b29627a62548","relationshipOperator":"1","joinTableSourceField":"","joinTableTargetField":""}</relationshipData>
      <updateBehavior>NON_CASCADING</updateBehavior>
    </a:recordRelationshipCfg>
    <a:recordRelationshipCfg>
      <uuid>3599a688-4c84-49c2-a9db-d27a88fbee68</uuid>
      <relationshipName>request</relationshipName>
      <targetRecordTypeUuid>e29ff48d-88a7-4b94-b317-2a3d3f8f9e4a</targetRecordTypeUuid>
      <relationshipType>ONE_TO_ONE</relationshipType>
      <relationshipData>{"sourceRecordTypeFieldUuid":"1531703b-602e-496e-b8eb-1522f7423223","targetRecordTypeFieldUuid":"0d8ee8a8-99f4-4cf1-9d88-8b16171934da","relationshipOperator":"1","joinTableSourceField":"","joinTableTargetField":""}</relationshipData>
      <updateBehavior>NON_CASCADING</updateBehavior>
    </a:recordRelationshipCfg>
    <a:recordTypeSearchCfg>
      <searchFieldsSrc>DEFAULT</searchFieldsSrc>
      <placeholderSrc>DEFAULT</placeholderSrc>
      <placeholder/>
    </a:recordTypeSearchCfg>
    <a:iconId/>
    <a:listAutoRefreshInterval>0.0</a:listAutoRefreshInterval>
    <a:sourceConfiguration>
      <sourceUuid>SA_INVOICE@jdbc/Appian</sourceUuid>
      <sourceType>RDBMS_TABLE</sourceType>
      <sourceSubType>NONE</sourceSubType>
      <friendlyName>SA_INVOICE</friendlyName>
      <sourceFilterExpr/>
      <field>
        <uuid>1531703b-602e-496e-b8eb-1522f7423223</uuid>
        <type>{http://www.appian.com/ae/types/2009}Integer</type>
        <sourceFieldName>INVOICE_ID</sourceFieldName>
        <sourceFieldType>INTEGER</sourceFieldType>
        <fieldName>invoiceID</fieldName>
        <isRecordId>true</isRecordId>
        <isUnique>true</isUnique>
        <isCustomField>false</isCustomField>
        <customFieldExpr/>
        <customFieldDefaultValueStr>null</customFieldDefaultValueStr>
        <fieldCalculationType>NA</fieldCalculationType>
        <fieldTemplateType>NA</fieldTemplateType>
        <isRollingSyncSortField>false</isRollingSyncSortField>
      </field>
      <field>
        <uuid>92a7a4b4-df02-47fa-bad0-0bb1afb68e9f</uuid>
        <type>{http://www.appian.com/ae/types/2009}Integer</type>
        <sourceFieldName>CUSTOMER_ID</sourceFieldName>
        <sourceFieldType>INTEGER</sourceFieldType>
        <fieldName>customerId</fieldName>
        <isRecordId>false</isRecordId>
        <isUnique>false</isUnique>
        <isCustomField>false</isCustomField>
        <customFieldExpr/>
        <customFieldDefaultValueStr>null</customFieldDefaultValueStr>
        <fieldCalculationType>NA</fieldCalculationType>
        <fieldTemplateType>NA</fieldTemplateType>
        <isRollingSyncSortField>false</isRollingSyncSortField>
      </field>
      <field>
        <uuid>a22bbea4-b029-49dd-af9d-601292925708</uuid>
        <type>{http://www.appian.com/ae/types/2009}Integer</type>
        <sourceFieldName>REQUEST_ID</sourceFieldName>
        <sourceFieldType>INTEGER</sourceFieldType>
        <fieldName>requestId</fieldName>
        <isRecordId>false</isRecordId>
        <isUnique>false</isUnique>
        <isCustomField>false</isCustomField>
        <customFieldExpr/>
        <customFieldDefaultValueStr>null</customFieldDefaultValueStr>
        <fieldCalculationType>NA</fieldCalculationType>
        <fieldTemplateType>NA</fieldTemplateType>
        <isRollingSyncSortField>false</isRollingSyncSortField>
      </field>
      <field>
        <uuid>31369e45-2166-4cfe-894e-b9ebfe57f4d6</uuid>
        <type>{http://www.appian.com/ae/types/2009}Decimal</type>
        <sourceFieldName>AMOUNT</sourceFieldName>
        <sourceFieldType>DOUBLE</sourceFieldType>
        <fieldName>amount</fieldName>
        <isRecordId>false</isRecordId>
        <isUnique>false</isUnique>
        <isCustomField>false</isCustomField>
        <customFieldExpr/>
        <customFieldDefaultValueStr>null</customFieldDefaultValueStr>
        <fieldCalculationType>NA</fieldCalculationType>
        <fieldTemplateType>NA</fieldTemplateType>
        <isRollingSyncSortField>false</isRollingSyncSortField>
      </field>
      <field>
        <uuid>2f530d41-5914-493c-82ce-c7d69f649a2b</uuid>
        <type>{http://www.appian.com/ae/types/2009}Text</type>
        <sourceFieldName>MODE_OF_PAYMENT</sourceFieldName>
        <sourceFieldType>VARCHAR(255)</sourceFieldType>
        <fieldName>modeOfPayment</fieldName>
        <isRecordId>false</isRecordId>
        <isUnique>false</isUnique>
        <isCustomField>false</isCustomField>
        <customFieldExpr/>
        <customFieldDefaultValueStr>null</customFieldDefaultValueStr>
        <fieldCalculationType>NA</fieldCalculationType>
        <fieldTemplateType>NA</fieldTemplateType>
        <isRollingSyncSortField>false</isRollingSyncSortField>
      </field>
      <field>
        <uuid>3fc5dd80-117a-4e75-9873-879dfcc678bd</uuid>
        <type>{http://www.appian.com/ae/types/2009}Text</type>
        <sourceFieldName>PAYMENT_STATUS</sourceFieldName>
        <sourceFieldType>VARCHAR(255)</sourceFieldType>
        <fieldName>paymentStatus</fieldName>
        <isRecordId>false</isRecordId>
        <isUnique>false</isUnique>
        <isCustomField>false</isCustomField>
        <customFieldExpr/>
        <customFieldDefaultValueStr>null</customFieldDefaultValueStr>
        <fieldCalculationType>NA</fieldCalculationType>
        <fieldTemplateType>NA</fieldTemplateType>
        <isRollingSyncSortField>false</isRollingSyncSortField>
      </field>
      <field>
        <uuid>f770c117-8a73-496b-b1cc-55319836d26f</uuid>
        <type>{http://www.appian.com/ae/types/2009}Text</type>
        <sourceFieldName>CREATED_BY</sourceFieldName>
        <sourceFieldType>VARCHAR(255)</sourceFieldType>
        <fieldName>createdBy</fieldName>
        <isRecordId>false</isRecordId>
        <isUnique>false</isUnique>
        <isCustomField>false</isCustomField>
        <customFieldExpr/>
        <customFieldDefaultValueStr>null</customFieldDefaultValueStr>
        <fieldCalculationType>NA</fieldCalculationType>
        <fieldTemplateType>NA</fieldTemplateType>
        <isRollingSyncSortField>false</isRollingSyncSortField>
      </field>
      <field>
        <uuid>cf09b4ff-60eb-495b-8fc9-7138768009da</uuid>
        <type>{http://www.appian.com/ae/types/2009}Datetime</type>
        <sourceFieldName>CREATED_ON</sourceFieldName>
        <sourceFieldType>TIMESTAMP</sourceFieldType>
        <fieldName>createdOn</fieldName>
        <isRecordId>false</isRecordId>
        <isUnique>false</isUnique>
        <isCustomField>false</isCustomField>
        <customFieldExpr/>
        <customFieldDefaultValueStr>null</customFieldDefaultValueStr>
        <fieldCalculationType>NA</fieldCalculationType>
        <fieldTemplateType>NA</fieldTemplateType>
        <isRollingSyncSortField>false</isRollingSyncSortField>
      </field>
      <field>
        <uuid>1576add4-0355-4748-8985-863b798b38ee</uuid>
        <type>{http://www.appian.com/ae/types/2009}Text</type>
        <sourceFieldName>MODIFIED_BY</sourceFieldName>
        <sourceFieldType>VARCHAR(255)</sourceFieldType>
        <fieldName>modifiedBy</fieldName>
        <isRecordId>false</isRecordId>
        <isUnique>false</isUnique>
        <isCustomField>false</isCustomField>
        <customFieldExpr/>
        <customFieldDefaultValueStr>null</customFieldDefaultValueStr>
        <fieldCalculationType>NA</fieldCalculationType>
        <fieldTemplateType>NA</fieldTemplateType>
        <isRollingSyncSortField>false</isRollingSyncSortField>
      </field>
      <field>
        <uuid>61013fa7-9254-468c-b37b-c79fa15d13b6</uuid>
        <type>{http://www.appian.com/ae/types/2009}Datetime</type>
        <sourceFieldName>MODIFIED_ON</sourceFieldName>
        <sourceFieldType>TIMESTAMP</sourceFieldType>
        <fieldName>modifiedOn</fieldName>
        <isRecordId>false</isRecordId>
        <isUnique>false</isUnique>
        <isCustomField>false</isCustomField>
        <customFieldExpr/>
        <customFieldDefaultValueStr>null</customFieldDefaultValueStr>
        <fieldCalculationType>NA</fieldCalculationType>
        <fieldTemplateType>NA</fieldTemplateType>
        <isRollingSyncSortField>false</isRollingSyncSortField>
      </field>
      <field>
        <uuid>57684990-1c2e-4ce6-aa70-e00804e0bece</uuid>
        <type>{http://www.appian.com/ae/types/2009}Boolean</type>
        <sourceFieldName>IS_ACTIVE</sourceFieldName>
        <sourceFieldType>BIT</sourceFieldType>
        <fieldName>isActive</fieldName>
        <isRecordId>false</isRecordId>
        <isUnique>false</isUnique>
        <isCustomField>false</isCustomField>
        <customFieldExpr/>
        <customFieldDefaultValueStr>null</customFieldDefaultValueStr>
        <fieldCalculationType>NA</fieldCalculationType>
        <fieldTemplateType>NA</fieldTemplateType>
        <isRollingSyncSortField>false</isRollingSyncSortField>
      </field>
      <uuid>d95bf9b3-a23b-4a49-98cb-8a69f01f9383</uuid>
      <refreshSchedule>
        <frequency>DAILY</frequency>
        <value>{"hour":3,"minute":"00","amPM":"AM","timeZone":"IST","version":"v1"}</value>
        <activated>false</activated>
      </refreshSchedule>
      <skipFailureEnabled>true</skipFailureEnabled>
      <recordIdGeneratorUuid/>
    </a:sourceConfiguration>
    <a:enabledFeatures>255</a:enabledFeatures>
    <a:isVisibleInRecordTypeList>false</a:isVisibleInRecordTypeList>
    <a:recordActionLaunchType>DIALOG</a:recordActionLaunchType>
    <a:showSearchBox>true</a:showSearchBox>
    <a:isVisibleInDataFabric>false</a:isVisibleInDataFabric>
    <a:usesRollingSyncLimit>false</a:usesRollingSyncLimit>
  </recordType>
  <roleMap>
    <role name="record_type_administrator">
      <users/>
      <groups>
        <groupUuid>45cbc61c-0474-4c75-8505-796d36d8e26e</groupUuid>
      </groups>
    </role>
    <role name="record_type_viewer">
      <users/>
      <groups>
        <groupUuid>a1a3e2a1-e856-4284-a601-8360e1515230</groupUuid>
      </groups>
    </role>
  </roleMap>
  <history>
    <historyInfo versionUuid="1d3ebb24-1abb-4ba0-88f8-c3884f4e1dcd"/>
    <historyInfo versionUuid="585dc647-2c5c-4575-b561-5d5d91a94a9d"/>
  </history>
  <migrationVersion>1</migrationVersion>
</recordTypeHaul>
