<?xml version="1.0" encoding="UTF-8" standalone="yes"?>
<connectedSystemHaul xmlns:a="http://www.appian.com/ae/types/2009">
    <versionUuid>_a-0000ec41-475a-8000-9caa-011c48011c48_276356</versionUuid>
    <connectedSystem>
        <name>SA Authorize.Net CS</name>
        <uuid>_a-0000ec41-475a-8000-9caa-011c48011c48_275165</uuid>
        <description>Authorize.Net Connected Systems</description>
        <visibility>
            <advertise>false</advertise>
            <hierarchy>true</hierarchy>
            <indexable>true</indexable>
            <quota>false</quota>
            <searchable>true</searchable>
            <system>false</system>
            <unlogged>false</unlogged>
        </visibility>
        <sharedConfigParameters>
            <a:Dictionary xmlns:xsd="http://www.w3.org/2001/XMLSchema" xmlns:xsi="http://www.w3.org/2001/XMLSchema-instance">
                <configurationDescriptor xsi:type="xsd:string"/>
                <url xsi:type="xsd:string"/>
                <isInheritedUrlOptionSelected xsi:type="xsd:boolean">false</isInheritedUrlOptionSelected>
                <baseUrl xsi:type="xsd:string">https://apitest.authorize.net/xml/v1/request.api</baseUrl>
                <authType xsi:type="xsd:string">None</authType>
                <authDetails xsi:type="xsd:string"/>
            </a:Dictionary>
        </sharedConfigParameters>
        <logoChoice>DOCUMENT</logoChoice>
        <logoUuid>_a-0000ec41-475a-8000-9caa-011c48011c48_275159</logoUuid>
        <integrationType>system.http</integrationType>
    </connectedSystem>
    <roleMap public="true">
        <role inherit="false" allowForAll="false" name="readers">
            <users/>
            <groups>
                <groupUuid>a1a3e2a1-e856-4284-a601-8360e1515230</groupUuid>
            </groups>
        </role>
        <role inherit="false" allowForAll="false" name="authors">
            <users/>
            <groups/>
        </role>
        <role inherit="false" allowForAll="false" name="administrators">
            <users/>
            <groups>
                <groupUuid>45cbc61c-0474-4c75-8505-796d36d8e26e</groupUuid>
            </groups>
        </role>
        <role inherit="false" allowForAll="false" name="denyReaders">
            <users/>
            <groups/>
        </role>
        <role inherit="false" allowForAll="false" name="denyAuthors">
            <users/>
            <groups/>
        </role>
        <role inherit="false" allowForAll="false" name="denyAdministrators">
            <users/>
            <groups/>
        </role>
    </roleMap>
    <history>
        <historyInfo versionUuid="_a-0000ec41-475a-8000-9caa-011c48011c48_276356"/>
    </history>
</connectedSystemHaul>
