<?xml version="1.0" encoding="UTF-8" standalone="yes"?>
<connectedSystemHaul xmlns:a="http://www.appian.com/ae/types/2009">
    <versionUuid>_a-0000ec5b-a51d-8000-9cae-011c48011c48_294791</versionUuid>
    <connectedSystem>
        <name>SA GoogleMeet_CS</name>
        <uuid>_a-0000ec26-e8e9-8000-9ca6-011c48011c48_264319</uuid>
        <description>GoogleMeet_ Connected Systems</description>
        <visibility>
            <advertise>false</advertise>
            <hierarchy>true</hierarchy>
            <indexable>true</indexable>
            <quota>false</quota>
            <searchable>true</searchable>
            <system>false</system>
            <unlogged>false</unlogged>
        </visibility>
        <sharedConfigParameters>
            <a:Dictionary xmlns:xsd="http://www.w3.org/2001/XMLSchema" xmlns:xsi="http://www.w3.org/2001/XMLSchema-instance">
                <configurationDescriptor xsi:type="xsd:string"/>
                <url xsi:type="xsd:string"/>
                <isInheritedUrlOptionSelected xsi:type="xsd:boolean">false</isInheritedUrlOptionSelected>
                <baseUrl xsi:type="xsd:string">https://www.googleapis.com/calendar/v3/calendars</baseUrl>
                <authType xsi:type="xsd:string">OAuth 2.0</authType>
                <authDetails xsi:type="a:Dictionary">
                    <clientSecret xsi:type="a:EncryptedText"/>
                    <clientId xsi:type="xsd:string"/>
                    <tokenUrl xsi:type="xsd:string">https://accounts.google.com/o/oauth2/token</tokenUrl>
                    <authUrl xsi:type="xsd:string">https://accounts.google.com/o/oauth2/auth</authUrl>
                    <scope xsi:type="xsd:string">https://www.googleapis.com/auth/calendar</scope>
                </authDetails>
            </a:Dictionary>
        </sharedConfigParameters>
        <logoChoice></logoChoice>
        <integrationType>system.http</integrationType>
    </connectedSystem>
    <roleMap public="true">
        <role inherit="false" allowForAll="false" name="readers">
            <users/>
            <groups>
                <groupUuid>a1a3e2a1-e856-4284-a601-8360e1515230</groupUuid>
            </groups>
        </role>
        <role inherit="false" allowForAll="false" name="authors">
            <users/>
            <groups/>
        </role>
        <role inherit="false" allowForAll="false" name="administrators">
            <users/>
            <groups>
                <groupUuid>45cbc61c-0474-4c75-8505-796d36d8e26e</groupUuid>
            </groups>
        </role>
        <role inherit="false" allowForAll="false" name="denyReaders">
            <users/>
            <groups/>
        </role>
        <role inherit="false" allowForAll="false" name="denyAuthors">
            <users/>
            <groups/>
        </role>
        <role inherit="false" allowForAll="false" name="denyAdministrators">
            <users/>
            <groups/>
        </role>
    </roleMap>
    <history>
        <historyInfo versionUuid="_a-0000ec5b-a51d-8000-9cae-011c48011c48_294791"/>
    </history>
</connectedSystemHaul>
