<?xml version="1.0" encoding="UTF-8" standalone="yes"?>
<connectedSystemHaul xmlns:a="http://www.appian.com/ae/types/2009">
    <versionUuid>_a-0000ec5b-a51d-8000-9cae-011c48011c48_295194</versionUuid>
    <connectedSystem>
        <name>SA Docusign</name>
        <uuid>_a-0000ec34-17d1-8000-9ca8-011c48011c48_271024</uuid>
        <description></description>
        <visibility>
            <advertise>false</advertise>
            <hierarchy>true</hierarchy>
            <indexable>true</indexable>
            <quota>false</quota>
            <searchable>true</searchable>
            <system>false</system>
            <unlogged>false</unlogged>
        </visibility>
        <sharedConfigParameters>
            <a:Dictionary xmlns:xsd="http://www.w3.org/2001/XMLSchema" xmlns:xsi="http://www.w3.org/2001/XMLSchema-instance">
                <configurationDescriptor xsi:type="a:Dictionary">
                    <types xsi:type="a:Dictionary">
                        <RootType xsi:type="a:Dictionary">
                            <properties xsi:type="a:Dictionary?list">
<item>
    <description xsi:nil="true" xsi:type="a:Null"/>
    <refresh xsi:type="xsd:string">NEVER</refresh>
    <placeholder xsi:nil="true" xsi:type="a:Null"/>
    <isImportCustomizable xsi:type="xsd:boolean">false</isImportCustomizable>
    <instructionText xsi:nil="true" xsi:type="a:Null"/>
    <isExpressionable xsi:type="xsd:boolean">false</isExpressionable>
    <label xsi:type="xsd:string">Authentication Information</label>
    <isRequired xsi:type="xsd:boolean">false</isRequired>
    <displayHint xsi:type="xsd:string">NORMAL</displayHint>
    <hasTransientChoices xsi:type="xsd:boolean">false</hasTransientChoices>
    <key xsi:type="xsd:string">authInfo</key>
    <isHidden xsi:type="xsd:boolean">false</isHidden>
    <isMasked xsi:type="xsd:boolean">false</isMasked>
    <isReadOnly xsi:type="xsd:boolean">true</isReadOnly>
    <type xsi:type="xsd:string">STRING</type>
</item>
<item>
    <description xsi:nil="true" xsi:type="a:Null"/>
    <refresh xsi:type="xsd:string">NEVER</refresh>
    <placeholder xsi:nil="true" xsi:type="a:Null"/>
    <isImportCustomizable xsi:type="xsd:boolean">false</isImportCustomizable>
    <instructionText xsi:nil="true" xsi:type="a:Null"/>
    <isExpressionable xsi:type="xsd:boolean">false</isExpressionable>
    <label xsi:type="xsd:string">Callback URL Instructions</label>
    <isRequired xsi:type="xsd:boolean">false</isRequired>
    <displayHint xsi:type="xsd:string">NORMAL</displayHint>
    <hasTransientChoices xsi:type="xsd:boolean">false</hasTransientChoices>
    <key xsi:type="xsd:string">callbackURLInstructions</key>
    <isHidden xsi:type="xsd:boolean">false</isHidden>
    <isMasked xsi:type="xsd:boolean">false</isMasked>
    <isReadOnly xsi:type="xsd:boolean">true</isReadOnly>
    <type xsi:type="xsd:string">STRING</type>
</item>
<item>
    <description xsi:nil="true" xsi:type="a:Null"/>
    <refresh xsi:type="xsd:string">NEVER</refresh>
    <placeholder xsi:type="xsd:string">https://demo.docusign.net</placeholder>
    <isImportCustomizable xsi:type="xsd:boolean">true</isImportCustomizable>
    <instructionText xsi:nil="true" xsi:type="a:Null"/>
    <isExpressionable xsi:type="xsd:boolean">false</isExpressionable>
    <label xsi:type="xsd:string">Instance URL</label>
    <isRequired xsi:type="xsd:boolean">true</isRequired>
    <displayHint xsi:type="xsd:string">NORMAL</displayHint>
    <hasTransientChoices xsi:type="xsd:boolean">false</hasTransientChoices>
    <key xsi:type="xsd:string">instanceURL</key>
    <isHidden xsi:type="xsd:boolean">false</isHidden>
    <isMasked xsi:type="xsd:boolean">false</isMasked>
    <isReadOnly xsi:type="xsd:boolean">false</isReadOnly>
    <type xsi:type="xsd:string">STRING</type>
</item>
<item>
    <description xsi:nil="true" xsi:type="a:Null"/>
    <refresh xsi:type="xsd:string">NEVER</refresh>
    <placeholder xsi:nil="true" xsi:type="a:Null"/>
    <isImportCustomizable xsi:type="xsd:boolean">true</isImportCustomizable>
    <instructionText xsi:type="xsd:string">To find the API Account ID, from the Account screen, under "Integrations" click "Apps and Keys."</instructionText>
    <isExpressionable xsi:type="xsd:boolean">false</isExpressionable>
    <label xsi:type="xsd:string">API Account ID</label>
    <isRequired xsi:type="xsd:boolean">true</isRequired>
    <displayHint xsi:type="xsd:string">NORMAL</displayHint>
    <hasTransientChoices xsi:type="xsd:boolean">false</hasTransientChoices>
    <key xsi:type="xsd:string">accountID</key>
    <isHidden xsi:type="xsd:boolean">false</isHidden>
    <isMasked xsi:type="xsd:boolean">false</isMasked>
    <isReadOnly xsi:type="xsd:boolean">false</isReadOnly>
    <type xsi:type="xsd:string">STRING</type>
</item>
<item>
    <description xsi:nil="true" xsi:type="a:Null"/>
    <refresh xsi:type="xsd:string">NEVER</refresh>
    <placeholder xsi:nil="true" xsi:type="a:Null"/>
    <isImportCustomizable xsi:type="xsd:boolean">true</isImportCustomizable>
    <instructionText xsi:type="xsd:string">To find the Integration Key, from the account screen,  under "Integrations," select "Apps and Keys." Then select your "App Name."</instructionText>
    <isExpressionable xsi:type="xsd:boolean">false</isExpressionable>
    <label xsi:type="xsd:string">Integration Key</label>
    <isRequired xsi:type="xsd:boolean">true</isRequired>
    <displayHint xsi:type="xsd:string">NORMAL</displayHint>
    <hasTransientChoices xsi:type="xsd:boolean">false</hasTransientChoices>
    <key xsi:type="xsd:string">integrationKey</key>
    <isHidden xsi:type="xsd:boolean">false</isHidden>
    <isMasked xsi:type="xsd:boolean">false</isMasked>
    <isReadOnly xsi:type="xsd:boolean">false</isReadOnly>
    <type xsi:type="xsd:string">STRING</type>
</item>
<item>
    <description xsi:nil="true" xsi:type="a:Null"/>
    <refresh xsi:type="xsd:string">NEVER</refresh>
    <placeholder xsi:nil="true" xsi:type="a:Null"/>
    <isImportCustomizable xsi:type="xsd:boolean">true</isImportCustomizable>
    <instructionText xsi:type="xsd:string">From the "Apps and Keys" page for your app, under "Authentication", select "Authorization Code Grant", and click "ADD SECRET KEY".</instructionText>
    <isExpressionable xsi:type="xsd:boolean">false</isExpressionable>
    <label xsi:type="xsd:string">Secret Key</label>
    <isRequired xsi:type="xsd:boolean">true</isRequired>
    <displayHint xsi:type="xsd:string">NORMAL</displayHint>
    <key xsi:type="xsd:string">clientSecretKey</key>
    <isHidden xsi:type="xsd:boolean">false</isHidden>
    <isMasked xsi:type="xsd:boolean">true</isMasked>
    <isReadOnly xsi:type="xsd:boolean">false</isReadOnly>
    <type xsi:type="xsd:string">ENCRYPTED</type>
</item>
<item>
    <description xsi:nil="true" xsi:type="a:Null"/>
    <refresh xsi:type="xsd:string">NEVER</refresh>
    <placeholder xsi:type="xsd:string">Select a Value</placeholder>
    <isImportCustomizable xsi:type="xsd:boolean">true</isImportCustomizable>
    <instructionText xsi:nil="true" xsi:type="a:Null"/>
    <isExpressionable xsi:type="xsd:boolean">false</isExpressionable>
    <choices xsi:type="a:Dictionary?list">
        <item>
            <name xsi:type="xsd:string">Development (https://account-d.docusign.com)</name>
            <value xsi:type="xsd:string">https://account-d.docusign.com/oauth</value>
        </item>
        <item>
            <name xsi:type="xsd:string">Production (https://account.docusign.com)</name>
            <value xsi:type="xsd:string">https://account.docusign.com/oauth</value>
        </item>
    </choices>
    <label xsi:type="xsd:string">DocuSign Environment</label>
    <isRequired xsi:type="xsd:boolean">true</isRequired>
    <displayHint xsi:type="xsd:string">NORMAL</displayHint>
    <hasTransientChoices xsi:type="xsd:boolean">false</hasTransientChoices>
    <key xsi:type="xsd:string">environmentKey</key>
    <isHidden xsi:type="xsd:boolean">false</isHidden>
    <isMasked xsi:type="xsd:boolean">false</isMasked>
    <isReadOnly xsi:type="xsd:boolean">false</isReadOnly>
    <type xsi:type="xsd:string">STRING</type>
</item>
                            </properties>
                            <name xsi:type="xsd:string">RootType</name>
                        </RootType>
                    </types>
                    <state xsi:type="a:Dictionary">
                        <a:entry key="#t" xsi:type="xsd:string">#/types/RootType</a:entry>
                        <accountID xsi:type="xsd:string">2d973533-9af8-4523-afde-e086bac41007</accountID>
                        <integrationKey xsi:type="xsd:string">f8f3ee9d-999d-4e1d-8796-95dc58d829fe</integrationKey>
                        <authInfo xsi:type="xsd:string">The following authentication information can be found in the "Apps and Keys" page for your app. From your DocuSign instance, go to the Admin site. Then click "Accounts" and select your account.  From the account screen,  under "Integrations," select "Apps and Keys." Then select your "App Name."</authInfo>
                        <environmentKey xsi:type="xsd:string">https://account-d.docusign.com/oauth</environmentKey>
                        <clientSecretKey xsi:type="a:EncryptedText"/>
                        <callbackURLInstructions xsi:type="xsd:string">From the "Apps and Keys" page for your app, under "Additional settings", add the Redirect URI.</callbackURLInstructions>
                        <instanceURL xsi:type="xsd:string">https://demo.docusign.net</instanceURL>
                    </state>
                    <connectedSystemTemplateKey xsi:type="xsd:string">DocuSignOAuthConnectedSystem</connectedSystemTemplateKey>
                </configurationDescriptor>
                <url xsi:type="xsd:string"/>
                <isInheritedUrlOptionSelected xsi:type="xsd:boolean">false</isInheritedUrlOptionSelected>
                <isCstOAuth xsi:type="xsd:boolean">true</isCstOAuth>
                <authType xsi:type="xsd:string">CSTF Auth</authType>
                <authDetails xsi:type="a:Dictionary">
                    <clientSecret xsi:type="a:EncryptedText">ww0ECQMCJBGnSnam2JIB0k0BoTGfKEdOZgDlpaaybnsaG9YyoIYZOWi2vc68SVlrE-RRPN-5Y7yhxI72UvRNEq-trlI_r0rpjpLM2auKRHVRi4UcgEanVPdoqCUkVw</clientSecret>
                    <clientId xsi:type="xsd:string">f8f3ee9d-999d-4e1d-8796-95dc58d829fe</clientId>
                    <tokenUrl xsi:type="xsd:string">https://account-d.docusign.com/oauth/token</tokenUrl>
                    <authUrl xsi:type="xsd:string">https://account-d.docusign.com/oauth/auth</authUrl>
                    <scope xsi:type="xsd:string">signature</scope>
                </authDetails>
            </a:Dictionary>
        </sharedConfigParameters>
        <logoChoice></logoChoice>
        <integrationType>plugin.[DocuSignMultiAuth].[DocuSignConnectedSystem]</integrationType>
    </connectedSystem>
    <roleMap public="true">
        <role inherit="false" allowForAll="false" name="readers">
            <users/>
            <groups>
                <groupUuid>a1a3e2a1-e856-4284-a601-8360e1515230</groupUuid>
            </groups>
        </role>
        <role inherit="false" allowForAll="false" name="authors">
            <users/>
            <groups/>
        </role>
        <role inherit="false" allowForAll="false" name="administrators">
            <users/>
            <groups>
                <groupUuid>45cbc61c-0474-4c75-8505-796d36d8e26e</groupUuid>
            </groups>
        </role>
        <role inherit="false" allowForAll="false" name="denyReaders">
            <users/>
            <groups/>
        </role>
        <role inherit="false" allowForAll="false" name="denyAuthors">
            <users/>
            <groups/>
        </role>
        <role inherit="false" allowForAll="false" name="denyAdministrators">
            <users/>
            <groups/>
        </role>
    </roleMap>
    <history>
        <historyInfo versionUuid="_a-0000ec5b-a51d-8000-9cae-011c48011c48_295194"/>
    </history>
</connectedSystemHaul>
