<?xml version="1.0" encoding="UTF-8" standalone="yes"?>
<applicationHaul xmlns:a="http://www.appian.com/ae/types/2009">
    <versionUuid>_a-0000ec7c-6038-8000-9cb4-011c48011c48_315877</versionUuid>
    <application>
        <name>Sales Automation</name>
        <uuid>71a920be-3397-439b-b88f-653a1ba1e1bc</uuid>
        <description>This application used to streamline and automate various aspects of the sales process</description>
        <parentUuid>SYSTEM_APPLICATIONS_ROOT</parentUuid>
        <visibility>
            <advertise>false</advertise>
            <hierarchy>true</hierarchy>
            <indexable>true</indexable>
            <quota>false</quota>
            <searchable>true</searchable>
            <system>false</system>
            <unlogged>false</unlogged>
        </visibility>
        <urlIdentifier>rUt8ng</urlIdentifier>
        <published>false</published>
        <public>false</public>
        <prefix>SA</prefix>
        <associatedObjects>
            <globalIdMap>
                <item>
                    <type>datatype</type>
                    <uuids/>
                </item>
                <item>
                    <type>dataStore</type>
                    <uuids/>
                </item>
                <item>
                    <type>user</type>
                    <uuids/>
                </item>
                <item>
                    <type>groupType</type>
                    <uuids/>
                </item>
                <item>
                    <type>group</type>
                    <uuids>
                        <uuid>45cbc61c-0474-4c75-8505-796d36d8e26e</uuid>
                        <uuid>a1a3e2a1-e856-4284-a601-8360e1515230</uuid>
                        <uuid>_e-0000ebfe-9746-8000-9bec-01075c01075c_1048</uuid>
                        <uuid>_e-0000ebfe-9746-8000-9bec-01075c01075c_1051</uuid>
                        <uuid>_e-0000ebfe-9746-8000-9bec-01075c01075c_1053</uuid>
                        <uuid>_e-0000ebfe-9746-8000-9bec-01075c01075c_1055</uuid>
                        <uuid>_e-0000ebfe-9746-8000-9bec-01075c01075c_1057</uuid>
                        <uuid>_e-0000ebfe-9746-8000-9bec-01075c01075c_1059</uuid>
                        <uuid>_e-0000ebfe-9746-8000-9bec-01075c01075c_1061</uuid>
                        <uuid>_e-0000ebfe-9746-8000-9bec-01075c01075c_1063</uuid>
                        <uuid>_e-0000ec0c-8ad6-8000-9bee-01075c01075c_1065</uuid>
                    </uuids>
                </item>
                <item>
                    <type>content</type>
                    <uuids>
                        <uuid>29340692-c7e4-416d-b9f2-435df57cdc04</uuid>
                        <uuid>163478f9-8d81-47bc-b6d0-8185f0e22d4a</uuid>
                        <uuid>842c222b-e376-48dd-bc34-6dcad5567830</uuid>
                        <uuid>2b9d503e-28f3-42b2-b390-87109aae9d1c</uuid>
                        <uuid>_a-0000ebfe-97a0-8000-9ca0-011c48011c48_254288</uuid>
                        <uuid>_a-0000ebfe-97a0-8000-9ca0-011c48011c48_254323</uuid>
                        <uuid>_a-0000ebfe-97a0-8000-9ca0-011c48011c48_254357</uuid>
                        <uuid>974f246d-6b67-417c-8c55-d1ede9fe8d84</uuid>
                        <uuid>_a-0000ebfe-97a0-8000-9ca0-011c48011c48_254429</uuid>
                        <uuid>_a-0000ebfe-97a0-8000-9ca0-011c48011c48_254451</uuid>
                        <uuid>_a-0000ebfe-97a0-8000-9ca0-011c48011c48_254614</uuid>
                        <uuid>_a-0000ebfe-97a0-8000-9ca0-011c48011c48_254653</uuid>
                        <uuid>_a-0000ec0c-8b27-8000-9ca2-011c48011c48_254694</uuid>
                        <uuid>_a-0000ec0c-8b27-8000-9ca2-011c48011c48_254700</uuid>
                        <uuid>_a-0000ec0c-8b27-8000-9ca2-011c48011c48_255183</uuid>
                        <uuid>_a-0000ec0c-8b27-8000-9ca2-011c48011c48_255307</uuid>
                        <uuid>_a-0000ec0c-8b27-8000-9ca2-011c48011c48_255436</uuid>
                        <uuid>_a-0000ec0c-8b27-8000-9ca2-011c48011c48_255460</uuid>
                        <uuid>_a-0000ec0c-8b27-8000-9ca2-011c48011c48_255851</uuid>
                        <uuid>_a-0000ec0c-8b27-8000-9ca2-011c48011c48_255944</uuid>
                        <uuid>_a-0000ec19-b9d1-8000-9ca4-011c48011c48_256376</uuid>
                        <uuid>_a-0000ec19-b9d1-8000-9ca4-011c48011c48_256383</uuid>
                        <uuid>_a-0000ec19-b9d1-8000-9ca4-011c48011c48_256433</uuid>
                        <uuid>_a-0000ec19-b9d1-8000-9ca4-011c48011c48_256933</uuid>
                        <uuid>_a-0000ec19-b9d1-8000-9ca4-011c48011c48_256939</uuid>
                        <uuid>_a-0000ec19-b9d1-8000-9ca4-011c48011c48_257049</uuid>
                        <uuid>_a-0000ec19-b9d1-8000-9ca4-011c48011c48_257181</uuid>
                        <uuid>_a-0000ec19-b9d1-8000-9ca4-011c48011c48_257212</uuid>
                        <uuid>_a-0000ec19-b9d1-8000-9ca4-011c48011c48_257477</uuid>
                        <uuid>_a-0000ec19-b9d1-8000-9ca4-011c48011c48_257640</uuid>
                        <uuid>_a-0000ec19-b9d1-8000-9ca4-011c48011c48_258127</uuid>
                        <uuid>_a-0000ec19-b9d1-8000-9ca4-011c48011c48_258862</uuid>
                        <uuid>_a-0000ec19-b9d1-8000-9ca4-011c48011c48_259573</uuid>
                        <uuid>_a-0000ec19-b9d1-8000-9ca4-011c48011c48_260524</uuid>
                        <uuid>_a-0000ec19-b9d1-8000-9ca4-011c48011c48_260744</uuid>
                        <uuid>_a-0000ec26-e8e9-8000-9ca6-011c48011c48_262405</uuid>
                        <uuid>c8dacbf8-6773-4d27-9ec8-3963211e46ec</uuid>
                        <uuid>_a-0000ec26-e8e9-8000-9ca6-011c48011c48_262624</uuid>
                        <uuid>_a-0000ec26-e8e9-8000-9ca6-011c48011c48_262903</uuid>
                        <uuid>_a-0000ec26-e8e9-8000-9ca6-011c48011c48_262928</uuid>
                        <uuid>_a-0000ec26-e8e9-8000-9ca6-011c48011c48_262934</uuid>
                        <uuid>5d8d75da-0f08-435e-8247-aa814b003ab4</uuid>
                        <uuid>_a-0000ec26-e8e9-8000-9ca6-011c48011c48_263454</uuid>
                        <uuid>_a-0000ec26-e8e9-8000-9ca6-011c48011c48_263460</uuid>
                        <uuid>_a-0000ec26-e8e9-8000-9ca6-011c48011c48_263493</uuid>
                        <uuid>_a-0000ec26-e8e9-8000-9ca6-011c48011c48_263492</uuid>
                        <uuid>_a-0000ec26-e8e9-8000-9ca6-011c48011c48_263504</uuid>
                        <uuid>_a-0000ec26-e8e9-8000-9ca6-011c48011c48_264289</uuid>
                        <uuid>_a-0000ec26-e8e9-8000-9ca6-011c48011c48_264295</uuid>
                        <uuid>cb083bf1-428f-4b08-9f24-d3e4c1d31993</uuid>
                        <uuid>_a-0000ec26-e8e9-8000-9ca6-011c48011c48_264594</uuid>
                        <uuid>_a-0000ec26-e8e9-8000-9ca6-011c48011c48_264601</uuid>
                        <uuid>_a-0000ec26-e8e9-8000-9ca6-011c48011c48_264625</uuid>
                        <uuid>_a-0000ec26-e8e9-8000-9ca6-011c48011c48_264637</uuid>
                        <uuid>_a-0000ec26-e8e9-8000-9ca6-011c48011c48_264649</uuid>
                        <uuid>_a-0000ec26-e8e9-8000-9ca6-011c48011c48_264661</uuid>
                        <uuid>_a-0000ec26-e8e9-8000-9ca6-011c48011c48_264667</uuid>
                        <uuid>_a-0000ec26-e8e9-8000-9ca6-011c48011c48_264706</uuid>
                        <uuid>_a-0000ec26-e8e9-8000-9ca6-011c48011c48_264712</uuid>
                        <uuid>_a-0000ec26-e8e9-8000-9ca6-011c48011c48_264747</uuid>
                        <uuid>_a-0000ec26-e8e9-8000-9ca6-011c48011c48_264753</uuid>
                        <uuid>_a-0000ec26-e8e9-8000-9ca6-011c48011c48_264870</uuid>
                        <uuid>_a-0000ec26-e8e9-8000-9ca6-011c48011c48_264872</uuid>
                        <uuid>_a-0000ec26-e8e9-8000-9ca6-011c48011c48_264879</uuid>
                        <uuid>_a-0000ec26-e8e9-8000-9ca6-011c48011c48_264893</uuid>
                        <uuid>_a-0000ec26-e8e9-8000-9ca6-011c48011c48_264899</uuid>
                        <uuid>_a-0000ec26-e8e9-8000-9ca6-011c48011c48_264905</uuid>
                        <uuid>dea40970-c1e9-4774-a425-3445b050536e</uuid>
                        <uuid>_a-0000ec26-e8e9-8000-9ca6-011c48011c48_266692</uuid>
                        <uuid>_a-0000ec26-e8e9-8000-9ca6-011c48011c48_267565</uuid>
                        <uuid>_a-0000ec26-e8e9-8000-9ca6-011c48011c48_267721</uuid>
                        <uuid>_a-0000ec26-e8e9-8000-9ca6-011c48011c48_267727</uuid>
                        <uuid>_a-0000ec26-e8e9-8000-9ca6-011c48011c48_267847</uuid>
                        <uuid>_a-0000ec26-e8e9-8000-9ca6-011c48011c48_267974</uuid>
                        <uuid>_a-0000ec26-e8e9-8000-9ca6-011c48011c48_267980</uuid>
                        <uuid>_a-0000ec26-e8e9-8000-9ca6-011c48011c48_268006</uuid>
                        <uuid>_a-0000ec26-e8e9-8000-9ca6-011c48011c48_268012</uuid>
                        <uuid>_a-0000ec26-e8e9-8000-9ca6-011c48011c48_268058</uuid>
                        <uuid>_a-0000ec26-e8e9-8000-9ca6-011c48011c48_268064</uuid>
                        <uuid>_a-0000ec26-e8e9-8000-9ca6-011c48011c48_268089</uuid>
                        <uuid>_a-0000ec26-e8e9-8000-9ca6-011c48011c48_268317</uuid>
                        <uuid>_a-0000ec26-e8e9-8000-9ca6-011c48011c48_268323</uuid>
                        <uuid>_a-0000ec26-e8e9-8000-9ca6-011c48011c48_268363</uuid>
                        <uuid>_a-0000ec26-e8e9-8000-9ca6-011c48011c48_269464</uuid>
                        <uuid>_a-0000ec26-e8e9-8000-9ca6-011c48011c48_269743</uuid>
                        <uuid>_a-0000ec26-e8e9-8000-9ca6-011c48011c48_269749</uuid>
                        <uuid>_a-0000ec26-e8e9-8000-9ca6-011c48011c48_270634</uuid>
                        <uuid>_a-0000ec26-e8e9-8000-9ca6-011c48011c48_270780</uuid>
                        <uuid>_a-0000ec26-e8e9-8000-9ca6-011c48011c48_270786</uuid>
                        <uuid>88d7c1ca-5236-486e-9296-a96b9ec53f03</uuid>
                        <uuid>_a-0000ec34-17d1-8000-9ca8-011c48011c48_271170</uuid>
                        <uuid>_a-0000ec34-17d1-8000-9ca8-011c48011c48_271212</uuid>
                        <uuid>_a-0000ec34-17d1-8000-9ca8-011c48011c48_271218</uuid>
                        <uuid>_a-0000ec34-17d1-8000-9ca8-011c48011c48_271224</uuid>
                        <uuid>_a-0000ec34-17d1-8000-9ca8-011c48011c48_271288</uuid>
                        <uuid>_a-0000ec34-17d1-8000-9ca8-011c48011c48_271301</uuid>
                        <uuid>_a-0000ec34-17d1-8000-9ca8-011c48011c48_271307</uuid>
                        <uuid>_a-0000ec34-17d1-8000-9ca8-011c48011c48_271338</uuid>
                        <uuid>_a-0000ec34-17d1-8000-9ca8-011c48011c48_271350</uuid>
                        <uuid>_a-0000ec34-17d1-8000-9ca8-011c48011c48_271369</uuid>
                        <uuid>_a-0000ec34-17d1-8000-9ca8-011c48011c48_271805</uuid>
                        <uuid>_a-0000ec34-17d1-8000-9ca8-011c48011c48_271811</uuid>
                        <uuid>_a-0000ec34-17d1-8000-9ca8-011c48011c48_272253</uuid>
                        <uuid>_a-0000ec34-17d1-8000-9ca8-011c48011c48_273692</uuid>
                        <uuid>_a-0000ec34-17d1-8000-9ca8-011c48011c48_273775</uuid>
                        <uuid>_a-0000ec34-17d1-8000-9ca8-011c48011c48_274171</uuid>
                        <uuid>84189a72-5d80-4d8a-85f9-844d2db7b233</uuid>
                        <uuid>_a-0000ec34-17d1-8000-9ca8-011c48011c48_274364</uuid>
                        <uuid>d90d4a6e-71d2-4099-a090-283cd7765077</uuid>
                        <uuid>_a-0000ec34-17d1-8000-9ca8-011c48011c48_274552</uuid>
                        <uuid>_a-0000ec34-17d1-8000-9ca8-011c48011c48_274688</uuid>
                        <uuid>_a-0000ec34-17d1-8000-9ca8-011c48011c48_275019</uuid>
                        <uuid>3aafde17-e196-48c8-8ddb-ceed9493d1cb</uuid>
                        <uuid>69a1f493-7237-4680-a1e0-666410afa72c</uuid>
                        <uuid>260244b2-a166-45ff-94bf-9330001a61d0</uuid>
                        <uuid>ffaa4c8d-1092-4e98-929e-f3384e5c3520</uuid>
                        <uuid>_a-0000ec41-475a-8000-9caa-011c48011c48_275159</uuid>
                        <uuid>302f69ed-f372-4d26-be2a-0a363e2e555b</uuid>
                        <uuid>e3207121-7908-4d3d-8957-46c42b5e4273</uuid>
                        <uuid>_a-0000ec41-475a-8000-9caa-011c48011c48_275607</uuid>
                        <uuid>_a-0000ec41-475a-8000-9caa-011c48011c48_275609</uuid>
                        <uuid>_a-0000ec41-475a-8000-9caa-011c48011c48_275611</uuid>
                        <uuid>_a-0000ec41-475a-8000-9caa-011c48011c48_275625</uuid>
                        <uuid>_a-0000ec41-475a-8000-9caa-011c48011c48_275631</uuid>
                        <uuid>_a-0000ec41-475a-8000-9caa-011c48011c48_275637</uuid>
                        <uuid>_a-0000ec41-475a-8000-9caa-011c48011c48_275844</uuid>
                        <uuid>_a-0000ec41-475a-8000-9caa-011c48011c48_275871</uuid>
                        <uuid>_a-0000ec41-475a-8000-9caa-011c48011c48_275877</uuid>
                        <uuid>_a-0000ec41-475a-8000-9caa-011c48011c48_275931</uuid>
                        <uuid>_a-0000ec41-475a-8000-9caa-011c48011c48_276599</uuid>
                        <uuid>_a-0000ec41-475a-8000-9caa-011c48011c48_276605</uuid>
                        <uuid>_a-0000ec41-475a-8000-9caa-011c48011c48_277125</uuid>
                        <uuid>_a-0000ec41-475a-8000-9caa-011c48011c48_277275</uuid>
                        <uuid>_a-0000ec41-475a-8000-9caa-011c48011c48_277281</uuid>
                        <uuid>_a-0000ec41-475a-8000-9caa-011c48011c48_277293</uuid>
                        <uuid>_a-0000ec41-475a-8000-9caa-011c48011c48_277299</uuid>
                        <uuid>_a-0000ec41-475a-8000-9caa-011c48011c48_277342</uuid>
                        <uuid>_a-0000ec41-475a-8000-9caa-011c48011c48_277348</uuid>
                        <uuid>_a-0000ec41-475a-8000-9caa-011c48011c48_277397</uuid>
                        <uuid>_a-0000ec41-475a-8000-9caa-011c48011c48_277493</uuid>
                        <uuid>_a-0000ec41-475a-8000-9caa-011c48011c48_277579</uuid>
                        <uuid>_a-0000ec41-475a-8000-9caa-011c48011c48_277585</uuid>
                        <uuid>_a-0000ec41-475a-8000-9caa-011c48011c48_277603</uuid>
                        <uuid>_a-0000ec41-475a-8000-9caa-011c48011c48_277609</uuid>
                        <uuid>c1046541-6d4d-4ec5-a9cc-4f6ef40e3425</uuid>
                        <uuid>_a-0000ec41-475a-8000-9caa-011c48011c48_279332</uuid>
                        <uuid>_a-0000ec41-475a-8000-9caa-011c48011c48_279901</uuid>
                        <uuid>_a-0000ec41-475a-8000-9caa-011c48011c48_279907</uuid>
                        <uuid>_a-0000ec41-475a-8000-9caa-011c48011c48_280136</uuid>
                        <uuid>_a-0000ec41-475a-8000-9caa-011c48011c48_281614</uuid>
                        <uuid>_a-0000ec41-475a-8000-9caa-011c48011c48_281685</uuid>
                        <uuid>_a-0000ec4e-764a-8000-9cac-011c48011c48_284015</uuid>
                        <uuid>_a-0000ec4e-764a-8000-9cac-011c48011c48_284285</uuid>
                        <uuid>_a-0000ec4e-764a-8000-9cac-011c48011c48_284297</uuid>
                        <uuid>_a-0000ec4e-764a-8000-9cac-011c48011c48_284303</uuid>
                        <uuid>_a-0000ec4e-764a-8000-9cac-011c48011c48_284334</uuid>
                        <uuid>_a-0000ec4e-764a-8000-9cac-011c48011c48_285668</uuid>
                        <uuid>_a-0000ec4e-764a-8000-9cac-011c48011c48_285709</uuid>
                        <uuid>f18e1e0a-0e95-461b-ba11-b3e5d06d7090</uuid>
                        <uuid>_a-0000ec4e-764a-8000-9cac-011c48011c48_286726</uuid>
                        <uuid>_a-0000ec4e-764a-8000-9cac-011c48011c48_288090</uuid>
                        <uuid>864bc90a-3f6c-4daf-a61b-ae8f00c5ab47</uuid>
                        <uuid>b374f6a1-99e9-454a-9adc-1b0081ebb109</uuid>
                        <uuid>b250cf6c-c7aa-442c-9228-1529f2fac5a7</uuid>
                        <uuid>_a-0000ec4e-764a-8000-9cac-011c48011c48_293207</uuid>
                        <uuid>_a-0000ec4e-764a-8000-9cac-011c48011c48_293939</uuid>
                        <uuid>_a-0000ec76-0292-8000-9cb2-011c48011c48_314826</uuid>
                        <uuid>_a-0000ec76-0292-8000-9cb2-011c48011c48_314847</uuid>
                        <uuid>_a-0000ec76-0292-8000-9cb2-011c48011c48_314860</uuid>
                    </uuids>
                </item>
                <item>
                    <type>forum</type>
                    <uuids/>
                </item>
                <item>
                    <type>processModelFolder</type>
                    <uuids>
                        <uuid>19054fee-2cbb-49f5-800d-d9fdfbb66a54</uuid>
                    </uuids>
                </item>
                <item>
                    <type>processModel</type>
                    <uuids>
                        <uuid>0002ec0b-d90f-8000-11ea-7f0000014e7a</uuid>
                        <uuid>0002ec11-06a5-8000-11f5-7f0000014e7a</uuid>
                        <uuid>0002ec12-6fec-8000-11fa-7f0000014e7a</uuid>
                        <uuid>0002ec1e-60a4-8000-126a-7f0000014e7a</uuid>
                        <uuid>c6a4cebb-7969-4d3e-aed0-2f40591cfa01</uuid>
                        <uuid>0002ec2f-4c9b-8000-12ef-7f0000014e7a</uuid>
                        <uuid>0002ec2f-8b72-8000-12f8-7f0000014e7a</uuid>
                        <uuid>eae28c07-893f-45b7-9faa-1bc0848d08e0</uuid>
                        <uuid>33a925b0-fa62-4ac0-9fd3-9b8bfe21b774</uuid>
                        <uuid>0302ac45-c8d0-40cb-ae2f-d6ee2d17de18</uuid>
                        <uuid>0002ec49-9f2a-8000-1386-7f0000014e7a</uuid>
                        <uuid>0002ec4b-2a07-8000-13d0-7f0000014e7a</uuid>
                        <uuid>0002ec4c-6504-8000-1404-7f0000014e7a</uuid>
                        <uuid>0002ec51-d322-8000-143e-7f0000014e7a</uuid>
                        <uuid>0002ec54-302d-8000-1467-7f0000014e7a</uuid>
                        <uuid>0003ec49-b7da-8000-1391-7f0000014e7a</uuid>
                        <uuid>c69284d3-d8de-43f1-b50a-939abd97de3c</uuid>
                        <uuid>0002ec77-fc0c-8000-164b-7f0000014e7a</uuid>
                    </uuids>
                </item>
                <item>
                    <type>portlet</type>
                    <uuids/>
                </item>
                <item>
                    <type>page</type>
                    <uuids/>
                </item>
                <item>
                    <type>application</type>
                    <uuids/>
                </item>
                <item>
                    <type>tempoFeed</type>
                    <uuids/>
                </item>
                <item>
                    <type>recordType</type>
                    <uuids>
                        <uuid>e29ff48d-88a7-4b94-b317-2a3d3f8f9e4a</uuid>
                        <uuid>826d8fe7-5a45-4699-b6f9-3c87219188b1</uuid>
                        <uuid>3390fdfd-354c-4c45-8f06-a0e63d262086</uuid>
                        <uuid>fb2b67b4-e555-44a1-b8e3-3f72ad1aec5b</uuid>
                        <uuid>a31f8c42-9352-427d-b6aa-99bb0f2147cf</uuid>
                        <uuid>6d0ba720-6b97-4329-b058-9d3da769299d</uuid>
                        <uuid>1c2f650b-ac49-4aac-ae9e-964bc6fd7ef0</uuid>
                        <uuid>dd71dbd9-d1b3-482b-91ee-9535d64e72e9</uuid>
                        <uuid>7093b921-3c13-468a-903a-343bd17a2a53</uuid>
                        <uuid>ced67f35-eb65-455a-a3a3-9ed2485a7aa6</uuid>
                        <uuid>3088fe02-f3d6-4dd5-b2f7-a122e37dd327</uuid>
                        <uuid>cc0dd07e-b323-43e5-8f38-689662eae4e3</uuid>
                        <uuid>b759976b-2457-4ac2-8fa2-c68e6a797d71</uuid>
                        <uuid>81a8a1cf-13ec-4fff-92ee-0150ee790558</uuid>
                        <uuid>083ce750-7fcc-4389-b2c7-f44ea00b8829</uuid>
                    </uuids>
                </item>
                <item>
                    <type>recordField</type>
                    <uuids/>
                </item>
                <item>
                    <type>recordRelationship</type>
                    <uuids/>
                </item>
                <item>
                    <type>tempoReport</type>
                    <uuids/>
                </item>
                <item>
                    <type>taskReport</type>
                    <uuids>
                        <uuid>d1f13c6e-336c-411c-93b3-fcee25a588fb</uuid>
                    </uuids>
                </item>
                <item>
                    <type>webApi</type>
                    <uuids>
                        <uuid>a60f5c29-6c26-4f76-a9d4-07b07d72dc6d</uuid>
                        <uuid>e03b4ca3-adfb-475c-bc85-de3917697a46</uuid>
                        <uuid>e9d1e213-29a9-4e86-89fa-ea9c1ebcfee1</uuid>
                        <uuid>73de7902-c830-4fc6-b018-a522c09214aa</uuid>
                        <uuid>fca2fc01-1f2d-4c02-bf1c-ed6ea592ee92</uuid>
                    </uuids>
                </item>
                <item>
                    <type>site</type>
                    <uuids>
                        <uuid>11a14ea4-399d-4268-b3ea-ad8f752ff94e</uuid>
                    </uuids>
                </item>
                <item>
                    <type>adminSetting</type>
                    <uuids/>
                </item>
                <item>
                    <type>thirdPartyCredentials</type>
                    <uuids/>
                </item>
                <item>
                    <type>dataSource</type>
                    <uuids/>
                </item>
                <item>
                    <type>embeddedSailTheme</type>
                    <uuids/>
                </item>
                <item>
                    <type>connectedSystem</type>
                    <uuids>
                        <uuid>_a-0000ec26-e8e9-8000-9ca6-011c48011c48_264319</uuid>
                        <uuid>_a-0000ec34-17d1-8000-9ca8-011c48011c48_271024</uuid>
                        <uuid>_a-0000ec41-475a-8000-9caa-011c48011c48_275165</uuid>
                    </uuids>
                </item>
                <item>
                    <type>pluginInfo</type>
                    <uuids/>
                </item>
                <item>
                    <type>featureFlag</type>
                    <uuids/>
                </item>
                <item>
                    <type>designObjectReferenceImplementation</type>
                    <uuids/>
                </item>
                <item>
                    <type>aiSkill</type>
                    <uuids/>
                </item>
                <item>
                    <type>roboticTaskDesignObject</type>
                    <uuids/>
                </item>
                <item>
                    <type>robotPoolDesignObject</type>
                    <uuids/>
                </item>
                <item>
                    <type>portal</type>
                    <uuids>
                        <uuid>c00911df-9f16-48ff-8040-8b93b046415c</uuid>
                        <uuid>c404cca2-f702-4c65-a988-2723731d20ea</uuid>
                    </uuids>
                </item>
                <item>
                    <type>translationSet</type>
                    <uuids/>
                </item>
                <item>
                    <type>translationString</type>
                    <uuids/>
                </item>
                <item>
                    <type>translationVariable</type>
                    <uuids/>
                </item>
            </globalIdMap>
        </associatedObjects>
        <applicationNavigation/>
        <applicationActions/>
        <associatedApplications>
            <globalIdMap>
                <item>
                    <type>datatype</type>
                    <uuids/>
                </item>
                <item>
                    <type>dataStore</type>
                    <uuids/>
                </item>
                <item>
                    <type>user</type>
                    <uuids/>
                </item>
                <item>
                    <type>groupType</type>
                    <uuids/>
                </item>
                <item>
                    <type>group</type>
                    <uuids/>
                </item>
                <item>
                    <type>content</type>
                    <uuids/>
                </item>
                <item>
                    <type>forum</type>
                    <uuids/>
                </item>
                <item>
                    <type>processModelFolder</type>
                    <uuids/>
                </item>
                <item>
                    <type>processModel</type>
                    <uuids/>
                </item>
                <item>
                    <type>portlet</type>
                    <uuids/>
                </item>
                <item>
                    <type>page</type>
                    <uuids/>
                </item>
                <item>
                    <type>application</type>
                    <uuids/>
                </item>
                <item>
                    <type>tempoFeed</type>
                    <uuids/>
                </item>
                <item>
                    <type>recordType</type>
                    <uuids/>
                </item>
                <item>
                    <type>recordField</type>
                    <uuids/>
                </item>
                <item>
                    <type>recordRelationship</type>
                    <uuids/>
                </item>
                <item>
                    <type>tempoReport</type>
                    <uuids/>
                </item>
                <item>
                    <type>taskReport</type>
                    <uuids/>
                </item>
                <item>
                    <type>webApi</type>
                    <uuids/>
                </item>
                <item>
                    <type>site</type>
                    <uuids/>
                </item>
                <item>
                    <type>adminSetting</type>
                    <uuids/>
                </item>
                <item>
                    <type>thirdPartyCredentials</type>
                    <uuids/>
                </item>
                <item>
                    <type>dataSource</type>
                    <uuids/>
                </item>
                <item>
                    <type>embeddedSailTheme</type>
                    <uuids/>
                </item>
                <item>
                    <type>connectedSystem</type>
                    <uuids/>
                </item>
                <item>
                    <type>pluginInfo</type>
                    <uuids/>
                </item>
                <item>
                    <type>featureFlag</type>
                    <uuids/>
                </item>
                <item>
                    <type>designObjectReferenceImplementation</type>
                    <uuids/>
                </item>
                <item>
                    <type>aiSkill</type>
                    <uuids/>
                </item>
                <item>
                    <type>roboticTaskDesignObject</type>
                    <uuids/>
                </item>
                <item>
                    <type>robotPoolDesignObject</type>
                    <uuids/>
                </item>
                <item>
                    <type>portal</type>
                    <uuids/>
                </item>
                <item>
                    <type>translationSet</type>
                    <uuids/>
                </item>
                <item>
                    <type>translationString</type>
                    <uuids/>
                </item>
                <item>
                    <type>translationVariable</type>
                    <uuids/>
                </item>
            </globalIdMap>
        </associatedApplications>
    </application>
    <roleMap>
        <contentRoleMap public="true">
            <role inherit="false" allowForAll="false" name="readers">
                <users/>
                <groups>
                    <groupUuid>a1a3e2a1-e856-4284-a601-8360e1515230</groupUuid>
                </groups>
            </role>
            <role inherit="false" allowForAll="false" name="authors">
                <users/>
                <groups/>
            </role>
            <role inherit="false" allowForAll="false" name="administrators">
                <users/>
                <groups>
                    <groupUuid>45cbc61c-0474-4c75-8505-796d36d8e26e</groupUuid>
                </groups>
            </role>
            <role inherit="false" allowForAll="false" name="denyReaders">
                <users/>
                <groups/>
            </role>
            <role inherit="false" allowForAll="false" name="denyAuthors">
                <users/>
                <groups/>
            </role>
            <role inherit="false" allowForAll="false" name="denyAdministrators">
                <users/>
                <groups/>
            </role>
        </contentRoleMap>
    </roleMap>
    <defaultApplicationObjects>
        <object>
            <objectKey>defaultAdminsGroup</objectKey>
            <objectType>group</objectType>
            <objectUuid>45cbc61c-0474-4c75-8505-796d36d8e26e</objectUuid>
        </object>
        <object>
            <objectKey>defaultUsersGroup</objectKey>
            <objectType>group</objectType>
            <objectUuid>a1a3e2a1-e856-4284-a601-8360e1515230</objectUuid>
        </object>
    </defaultApplicationObjects>
    <applicationDocumentation/>
    <history>
        <historyInfo versionUuid="71a920be-3397-439b-b88f-653a1ba1e1bc"/>
        <historyInfo versionUuid="_a-0000ec7c-6038-8000-9cb4-011c48011c48_315877"/>
    </history>
    <postDeploymentProcessData/>
</applicationHaul>
