<?xml version="1.0" encoding="UTF-8" standalone="yes"?>
<contentHaul xmlns:a="http://www.appian.com/ae/types/2009">
    <versionUuid>1f5599aa-e219-411e-b8f3-2979d4a8e0c6</versionUuid>
    <interface>
        <name>SA_RequestRequestRelatedActivities</name>
        <uuid>260244b2-a166-45ff-94bf-9330001a61d0</uuid>
        <description>The interface used for your record view</description>
        <parentUuid>29340692-c7e4-416d-b9f2-435df57cdc04</parentUuid>
        <visibility>
            <advertise>false</advertise>
            <hierarchy>true</hierarchy>
            <indexable>true</indexable>
            <quota>false</quota>
            <searchable>true</searchable>
            <system>false</system>
            <unlogged>false</unlogged>
        </visibility>
        <definition>{
  #"SYSTEM_SYSRULES_columnsLayout"(
    columns: {
      #"SYSTEM_SYSRULES_columnLayout"(
        contents: {
          #"SYSTEM_SYSRULES_sectionLayout_v1"(
            label: "Request",
            contents: {
              #"SYSTEM_SYSRULES_columnsLayout"(
                columns: {
                  #"SYSTEM_SYSRULES_columnLayout"(
                    contents: {
                      #"SYSTEM_SYSRULES_textField"(
                        label: "Sacustomer",
                        labelPosition: "JUSTIFIED",
                        value: a!defaultValue(
                          if(
                            isnull(
                              ri!record[#"urn:appian:record-field:v1:e29ff48d-88a7-4b94-b317-2a3d3f8f9e4a/a39f236d-99cd-4494-8f9e-70f6e494107d"]
                            ),
                            "–",
                            index(
                              #"SYSTEM_SYSRULES_queryRecordType_v1"(
                                recordType: #"urn:appian:record-type:v1:826d8fe7-5a45-4699-b6f9-3c87219188b1",
                                fields: #"urn:appian:record-field:v1:826d8fe7-5a45-4699-b6f9-3c87219188b1/433c15ec-ae2a-4124-8cca-dca38ffb8874",
                                pagingInfo: #"SYSTEM_SYSRULES_pagingInfo"(startIndex: 1, batchSize: 1),
                                filters: #"SYSTEM_SYSRULES_queryFilter"(
                                  field: #"urn:appian:record-field:v1:826d8fe7-5a45-4699-b6f9-3c87219188b1/1a9e0b17-7436-44e6-a796-b29627a62548",
                                  operator: "=",
                                  value: ri!record[#"urn:appian:record-field:v1:e29ff48d-88a7-4b94-b317-2a3d3f8f9e4a/a39f236d-99cd-4494-8f9e-70f6e494107d"]
                                )
                              ).data,
                              1,
                              #"urn:appian:record-field:v1:826d8fe7-5a45-4699-b6f9-3c87219188b1/433c15ec-ae2a-4124-8cca-dca38ffb8874",
                              null
                            )
                          ),
                          "–"
                        ),
                        readOnly: true
                      ),
                      #"SYSTEM_SYSRULES_textField"(
                        label: "Budget",
                        labelPosition: "JUSTIFIED",
                        value: a!defaultValue(
                          ri!record[#"urn:appian:record-field:v1:e29ff48d-88a7-4b94-b317-2a3d3f8f9e4a/3ac99b4f-ac7f-457d-a324-fdf312b35300"],
                          "–"
                        ),
                        readOnly: true
                      ),
                      #"SYSTEM_SYSRULES_textField"(
                        label: "User Comments",
                        labelPosition: "JUSTIFIED",
                        value: a!defaultValue(
                          ri!record[#"urn:appian:record-field:v1:e29ff48d-88a7-4b94-b317-2a3d3f8f9e4a/5407d62d-7e8b-4c11-9c4b-86c8a58ca007"],
                          "–"
                        ),
                        readOnly: true
                      ),
                      #"SYSTEM_SYSRULES_textField"(
                        label: "Status",
                        labelPosition: "JUSTIFIED",
                        value: a!defaultValue(
                          ri!record[#"urn:appian:record-field:v1:e29ff48d-88a7-4b94-b317-2a3d3f8f9e4a/5d896fc6-4490-43da-b4f4-eb306a6e3cb4"],
                          "–"
                        ),
                        readOnly: true
                      ),
                      #"SYSTEM_SYSRULES_textField"(
                        label: "Source Type",
                        labelPosition: "JUSTIFIED",
                        value: a!defaultValue(
                          ri!record[#"urn:appian:record-field:v1:e29ff48d-88a7-4b94-b317-2a3d3f8f9e4a/cc07505a-baa5-43c8-b720-f12413639fce"],
                          "–"
                        ),
                        readOnly: true
                      ),
                      #"SYSTEM_SYSRULES_textField"(
                        label: "Created By",
                        labelPosition: "JUSTIFIED",
                        value: a!defaultValue(
                          ri!record[#"urn:appian:record-field:v1:e29ff48d-88a7-4b94-b317-2a3d3f8f9e4a/a19f4a1d-5dba-48cd-862c-ca336c136186"],
                          "–"
                        ),
                        readOnly: true
                      ),
                      #"SYSTEM_SYSRULES_textField"(
                        label: "Modified By",
                        labelPosition: "JUSTIFIED",
                        value: a!defaultValue(
                          ri!record[#"urn:appian:record-field:v1:e29ff48d-88a7-4b94-b317-2a3d3f8f9e4a/d3f0a4ea-875f-4ab8-ae2c-018c14e8a61e"],
                          "–"
                        ),
                        readOnly: true
                      ),
                      #"SYSTEM_SYSRULES_richTextDisplayField"(
                        label: "Is Active",
                        labelPosition: "JUSTIFIED",
                        value: if(
                          isnull(
                            ri!record[#"urn:appian:record-field:v1:e29ff48d-88a7-4b94-b317-2a3d3f8f9e4a/49786708-6ce1-44c5-a1ce-e537d808cead"]
                          ),
                          "–",
                          {
                            #"SYSTEM_SYSRULES_richTextIcon"(
                              icon: if(
                                ri!record[#"urn:appian:record-field:v1:e29ff48d-88a7-4b94-b317-2a3d3f8f9e4a/49786708-6ce1-44c5-a1ce-e537d808cead"],
                                "check-circle",
                                "times-circle"
                              ),
                              color: if(
                                ri!record[#"urn:appian:record-field:v1:e29ff48d-88a7-4b94-b317-2a3d3f8f9e4a/49786708-6ce1-44c5-a1ce-e537d808cead"],
                                "POSITIVE",
                                "NEGATIVE"
                              )
                            ),
                            if(
                              ri!record[#"urn:appian:record-field:v1:e29ff48d-88a7-4b94-b317-2a3d3f8f9e4a/49786708-6ce1-44c5-a1ce-e537d808cead"],
                              " Yes",
                              " No"
                            )
                          }
                        )
                      )
                    }
                  ),
                  #"SYSTEM_SYSRULES_columnLayout"(
                    contents: {
                      #"SYSTEM_SYSRULES_textField"(
                        label: "Customer Need",
                        labelPosition: "JUSTIFIED",
                        value: a!defaultValue(
                          ri!record[#"urn:appian:record-field:v1:e29ff48d-88a7-4b94-b317-2a3d3f8f9e4a/9503c12f-5408-4d44-8d15-f6f1530b81d9"],
                          "–"
                        ),
                        readOnly: true
                      ),
                      #"SYSTEM_SYSRULES_richTextDisplayField"(
                        label: "Timeline",
                        labelPosition: "JUSTIFIED",
                        value: if(
                          isnull(
                            ri!record[#"urn:appian:record-field:v1:e29ff48d-88a7-4b94-b317-2a3d3f8f9e4a/4faed056-b251-44ee-a8ad-b7ec36e911dd"]
                          ),
                          "–",
                          {
                            #"SYSTEM_SYSRULES_richTextIcon"(
                              icon: "calendar",
                              color: "SECONDARY"
                            ),
                            " ",
                            #"SYSTEM_SYSRULES_richTextItem_v1"(
                              text: text(
                                ri!record[#"urn:appian:record-field:v1:e29ff48d-88a7-4b94-b317-2a3d3f8f9e4a/4faed056-b251-44ee-a8ad-b7ec36e911dd"],
                                "mmmm d, yyyy"
                              )
                            )
                          }
                        )
                      ),
                      #"SYSTEM_SYSRULES_richTextDisplayField"(
                        label: "Qualify Lead",
                        labelPosition: "JUSTIFIED",
                        value: if(
                          isnull(
                            ri!record[#"urn:appian:record-field:v1:e29ff48d-88a7-4b94-b317-2a3d3f8f9e4a/0bec8d53-0f6d-4ad9-85eb-fb13af2fb09d"]
                          ),
                          "–",
                          {
                            #"SYSTEM_SYSRULES_richTextIcon"(
                              icon: if(
                                ri!record[#"urn:appian:record-field:v1:e29ff48d-88a7-4b94-b317-2a3d3f8f9e4a/0bec8d53-0f6d-4ad9-85eb-fb13af2fb09d"],
                                "check-circle",
                                "times-circle"
                              ),
                              color: if(
                                ri!record[#"urn:appian:record-field:v1:e29ff48d-88a7-4b94-b317-2a3d3f8f9e4a/0bec8d53-0f6d-4ad9-85eb-fb13af2fb09d"],
                                "POSITIVE",
                                "NEGATIVE"
                              )
                            ),
                            if(
                              ri!record[#"urn:appian:record-field:v1:e29ff48d-88a7-4b94-b317-2a3d3f8f9e4a/0bec8d53-0f6d-4ad9-85eb-fb13af2fb09d"],
                              " Yes",
                              " No"
                            )
                          }
                        )
                      ),
                      #"SYSTEM_SYSRULES_textField"(
                        label: "Assigned To",
                        labelPosition: "JUSTIFIED",
                        value: a!defaultValue(
                          ri!record[#"urn:appian:record-field:v1:e29ff48d-88a7-4b94-b317-2a3d3f8f9e4a/34ecb62a-df27-485a-9080-07712561de57"],
                          "–"
                        ),
                        readOnly: true
                      ),
                      #"SYSTEM_SYSRULES_textField"(
                        label: "Score",
                        labelPosition: "JUSTIFIED",
                        value: a!defaultValue(
                          ri!record[#"urn:appian:record-field:v1:e29ff48d-88a7-4b94-b317-2a3d3f8f9e4a/66ddebfc-bac9-4f5e-b984-4a850ffe1b45"],
                          "–"
                        ),
                        readOnly: true
                      ),
                      #"SYSTEM_SYSRULES_richTextDisplayField"(
                        label: "Created On",
                        labelPosition: "JUSTIFIED",
                        value: if(
                          isnull(
                            ri!record[#"urn:appian:record-field:v1:e29ff48d-88a7-4b94-b317-2a3d3f8f9e4a/efd67d88-f072-41c9-b384-24367a488e35"]
                          ),
                          "–",
                          {
                            #"SYSTEM_SYSRULES_richTextIcon"(
                              icon: "calendar-o",
                              color: "SECONDARY"
                            ),
                            " ",
                            #"SYSTEM_SYSRULES_richTextItem_v1"(
                              text: text(
                                ri!record[#"urn:appian:record-field:v1:e29ff48d-88a7-4b94-b317-2a3d3f8f9e4a/efd67d88-f072-41c9-b384-24367a488e35"],
                                "mmmm d, yyyy h:mm AM/PM"
                              )
                            )
                          }
                        )
                      ),
                      #"SYSTEM_SYSRULES_richTextDisplayField"(
                        label: "Modified On",
                        labelPosition: "JUSTIFIED",
                        value: if(
                          isnull(
                            ri!record[#"urn:appian:record-field:v1:e29ff48d-88a7-4b94-b317-2a3d3f8f9e4a/c2c75b11-0264-4216-8d21-a1679409b341"]
                          ),
                          "–",
                          {
                            #"SYSTEM_SYSRULES_richTextIcon"(
                              icon: "calendar-o",
                              color: "SECONDARY"
                            ),
                            " ",
                            #"SYSTEM_SYSRULES_richTextItem_v1"(
                              text: text(
                                ri!record[#"urn:appian:record-field:v1:e29ff48d-88a7-4b94-b317-2a3d3f8f9e4a/c2c75b11-0264-4216-8d21-a1679409b341"],
                                "mmmm d, yyyy h:mm AM/PM"
                              )
                            )
                          }
                        )
                      )
                    }
                  )
                }
              )
            },
            labelSize: "MEDIUM",
            labelColor: "STANDARD",
            labelHeadingTag: "H2",
            divider: "ABOVE",
            marginAbove: "STANDARD",
            marginBelow: "MORE"
          ),
          #"SYSTEM_SYSRULES_sectionLayout_v1"(
            label: "Activity",
            contents: {
              #"SYSTEM_SYSRULES_gridField_v1"(
                data: #"SYSTEM_SYSRULES_recordData"(
                  recordType: #"urn:appian:record-type:v1:3390fdfd-354c-4c45-8f06-a0e63d262086",
                  filters: #"SYSTEM_SYSRULES_queryLogicalExpression"(
                    operator: "AND",
                    filters: {
                      #"SYSTEM_SYSRULES_queryFilter"(
                        field: #"urn:appian:record-field:v1:3390fdfd-354c-4c45-8f06-a0e63d262086/a073e862-1bf2-464c-a54d-de37377cecca",
                        operator: "=",
                        value: ri!record[#"urn:appian:record-field:v1:e29ff48d-88a7-4b94-b317-2a3d3f8f9e4a/0d8ee8a8-99f4-4cf1-9d88-8b16171934da"]
                      )
                    },
                    ignoreFiltersWithEmptyValues: true
                  )
                ),
                columns: {
                  #"SYSTEM_SYSRULES_gridColumn"(
                    label: "Id",
                    sortField: #"urn:appian:record-field:v1:3390fdfd-354c-4c45-8f06-a0e63d262086/5ac92a98-f9a0-481a-b594-29961fc15398",
                    value: fv!row[#"urn:appian:record-field:v1:3390fdfd-354c-4c45-8f06-a0e63d262086/5ac92a98-f9a0-481a-b594-29961fc15398"],
                    align: "END"
                  ),
                  #"SYSTEM_SYSRULES_gridColumn"(
                    label: "Customer Id",
                    sortField: #"urn:appian:record-field:v1:3390fdfd-354c-4c45-8f06-a0e63d262086/a1d7fb81-1fd3-40ed-872b-b8a50028c234",
                    value: #"SYSTEM_SYSRULES_linkField"(
                      links: {
                        #"SYSTEM_SYSRULES_recordLink"(
                          label: fv!row[#"urn:appian:record-field:v1:3390fdfd-354c-4c45-8f06-a0e63d262086/a1d7fb81-1fd3-40ed-872b-b8a50028c234"],
                          recordType: #"urn:appian:record-type:v1:3390fdfd-354c-4c45-8f06-a0e63d262086",
                          identifier: fv!identifier
                        )
                      }
                    ),
                    align: "END"
                  ),
                  #"SYSTEM_SYSRULES_gridColumn"(
                    label: "Subject",
                    sortField: #"urn:appian:record-field:v1:3390fdfd-354c-4c45-8f06-a0e63d262086/8ed07354-ecb4-4fe3-a0d0-4373cb0ed6a1",
                    value: fv!row[#"urn:appian:record-field:v1:3390fdfd-354c-4c45-8f06-a0e63d262086/8ed07354-ecb4-4fe3-a0d0-4373cb0ed6a1"]
                  ),
                  #"SYSTEM_SYSRULES_gridColumn"(
                    label: "Interaction Outcome",
                    sortField: #"urn:appian:record-field:v1:3390fdfd-354c-4c45-8f06-a0e63d262086/a4d8e977-66d0-439d-926a-871b068228f3",
                    value: fv!row[#"urn:appian:record-field:v1:3390fdfd-354c-4c45-8f06-a0e63d262086/a4d8e977-66d0-439d-926a-871b068228f3"]
                  ),
                  #"SYSTEM_SYSRULES_gridColumn"(
                    label: "Communication Type",
                    sortField: #"urn:appian:record-field:v1:3390fdfd-354c-4c45-8f06-a0e63d262086/f7b2cd32-8dba-456d-a6a9-ce6407a63096",
                    value: fv!row[#"urn:appian:record-field:v1:3390fdfd-354c-4c45-8f06-a0e63d262086/f7b2cd32-8dba-456d-a6a9-ce6407a63096"]
                  ),
                  #"SYSTEM_SYSRULES_gridColumn"(
                    label: "Appointment",
                    sortField: #"urn:appian:record-field:v1:3390fdfd-354c-4c45-8f06-a0e63d262086/5aaaa892-ecc0-4cc2-843c-2c8013027006",
                    value: if(
                    isnull(fv!row[#"urn:appian:record-field:v1:3390fdfd-354c-4c45-8f06-a0e63d262086/5aaaa892-ecc0-4cc2-843c-2c8013027006"]),
                    fv!row[#"urn:appian:record-field:v1:3390fdfd-354c-4c45-8f06-a0e63d262086/5aaaa892-ecc0-4cc2-843c-2c8013027006"],
                    datetext(fv!row[#"urn:appian:record-field:v1:3390fdfd-354c-4c45-8f06-a0e63d262086/5aaaa892-ecc0-4cc2-843c-2c8013027006"], "default")
                    ),
                    align: "END"
                  ),
                  #"SYSTEM_SYSRULES_gridColumn"(
                    label: "Created By",
                    sortField: #"urn:appian:record-field:v1:3390fdfd-354c-4c45-8f06-a0e63d262086/12f66364-1330-40b6-8b42-09142196a5ac",
                    value: fv!row[#"urn:appian:record-field:v1:3390fdfd-354c-4c45-8f06-a0e63d262086/12f66364-1330-40b6-8b42-09142196a5ac"]
                  ),
                  #"SYSTEM_SYSRULES_gridColumn"(
                    label: "Created On",
                    sortField: #"urn:appian:record-field:v1:3390fdfd-354c-4c45-8f06-a0e63d262086/395a4141-5873-4c19-8fab-9f606248388b",
                    value: if(
                    isnull(fv!row[#"urn:appian:record-field:v1:3390fdfd-354c-4c45-8f06-a0e63d262086/395a4141-5873-4c19-8fab-9f606248388b"]),
                    fv!row[#"urn:appian:record-field:v1:3390fdfd-354c-4c45-8f06-a0e63d262086/395a4141-5873-4c19-8fab-9f606248388b"],
                    datetext(fv!row[#"urn:appian:record-field:v1:3390fdfd-354c-4c45-8f06-a0e63d262086/395a4141-5873-4c19-8fab-9f606248388b"], "default")
                    ),
                    align: "END"
                  ),
                  #"SYSTEM_SYSRULES_gridColumn"(
                    label: "Modified By",
                    sortField: #"urn:appian:record-field:v1:3390fdfd-354c-4c45-8f06-a0e63d262086/89255aaa-40d0-4e9d-8a7c-cc55d515c69e",
                    value: fv!row[#"urn:appian:record-field:v1:3390fdfd-354c-4c45-8f06-a0e63d262086/89255aaa-40d0-4e9d-8a7c-cc55d515c69e"]
                  ),
                  #"SYSTEM_SYSRULES_gridColumn"(
                    label: "Modified On",
                    sortField: #"urn:appian:record-field:v1:3390fdfd-354c-4c45-8f06-a0e63d262086/5bbc4f17-5bce-4ac4-b59c-cb219812a968",
                    value: if(
                    isnull(fv!row[#"urn:appian:record-field:v1:3390fdfd-354c-4c45-8f06-a0e63d262086/5bbc4f17-5bce-4ac4-b59c-cb219812a968"]),
                    fv!row[#"urn:appian:record-field:v1:3390fdfd-354c-4c45-8f06-a0e63d262086/5bbc4f17-5bce-4ac4-b59c-cb219812a968"],
                    datetext(fv!row[#"urn:appian:record-field:v1:3390fdfd-354c-4c45-8f06-a0e63d262086/5bbc4f17-5bce-4ac4-b59c-cb219812a968"], "default")
                    ),
                    align: "END"
                  )
                },
                pageSize: 5,
                rowHeader: 1,
                showSearchBox: false,
                showRefreshButton: false
              )
            },
            labelSize: "MEDIUM",
            labelColor: "STANDARD",
            labelHeadingTag: "H2",
            marginAbove: "STANDARD",
            marginBelow: "MORE"
          )
        }
      ),
      #"SYSTEM_SYSRULES_columnLayout"(
        contents: {
          #"SYSTEM_SYSRULES_sectionLayout_v1"(
            label: "Event History",
            labelSize: "MEDIUM",
            labelHeadingTag: "H2",
            labelColor: "STANDARD",
            contents: {
              #"SYSTEM_SYSRULES_eventHistoryListField"(
                eventStyle: "PREVIEW_LIST",
                previewListPageSize: 10,
                displayUser: "IMAGE",
                eventData: #"SYSTEM_SYSRULES_eventData"(
                  recordType: #"urn:appian:record-type:v1:cc0dd07e-b323-43e5-8f38-689662eae4e3",
                  user: #"urn:appian:record-field:v1:cc0dd07e-b323-43e5-8f38-689662eae4e3/17ba286d-8ac1-4bca-8c62-3d0a7049fa10",
                  timestamp: #"urn:appian:record-field:v1:cc0dd07e-b323-43e5-8f38-689662eae4e3/5a4ee889-c0fd-47b6-81e7-98f347602887",
                  eventTypeName: fv!data[#"urn:appian:record-field:v1:cc0dd07e-b323-43e5-8f38-689662eae4e3/05b29676-4cb5-49b6-b124-fb5beb224f75/9e8ba36d-57a2-4bf9-80a7-08186b30a321"],
                  filters: #"SYSTEM_SYSRULES_queryLogicalExpression"(
                    operator: "AND",
                    filters: {
                      #"SYSTEM_SYSRULES_queryFilter"(
                        field: #"urn:appian:record-field:v1:cc0dd07e-b323-43e5-8f38-689662eae4e3/38fe32f1-dbed-459f-b1a9-af3119ed22a3",
                        operator: "=",
                        value: ri!record[#"urn:appian:record-field:v1:e29ff48d-88a7-4b94-b317-2a3d3f8f9e4a/0d8ee8a8-99f4-4cf1-9d88-8b16171934da"]
                      )
                    },
                    ignoreFiltersWithEmptyValues: true
                  )
                )
              )
            },
            divider: "ABOVE",
            marginAbove: "STANDARD"
          )
        },
        width: "MEDIUM"
      )
    },
    spacing: "SPARSE",
    showDividers: true
  )
}</definition>
        <namedTypedValue>
            <name>record</name>
            <type>
                <name>e29ff48d-88a7-4b94-b317-2a3d3f8f9e4a</name>
                <namespace>urn:com:appian:recordtype:datatype</namespace>
            </type>
        </namedTypedValue>
        <preferredEditor>interface</preferredEditor>
        <offlineEnabled>false</offlineEnabled>
        <isCustom>false</isCustom>
    </interface>
    <roleMap public="true">
        <role inherit="true" allowForAll="false" name="readers">
            <users/>
            <groups/>
        </role>
        <role inherit="true" allowForAll="false" name="authors">
            <users/>
            <groups/>
        </role>
        <role inherit="true" allowForAll="false" name="administrators">
            <users/>
            <groups/>
        </role>
        <role inherit="false" allowForAll="false" name="denyReaders">
            <users/>
            <groups/>
        </role>
        <role inherit="false" allowForAll="false" name="denyAuthors">
            <users/>
            <groups/>
        </role>
        <role inherit="false" allowForAll="false" name="denyAdministrators">
            <users/>
            <groups/>
        </role>
    </roleMap>
    <typedValue>
        <type>
            <name>RuleTestConfig?list</name>
            <namespace>http://www.appian.com/ae/types/2009</namespace>
        </type>
        <value>
            <el>
                <a:name/>
                <a:ruleInputTestConfigs>
                    <a:value xmlns:xsi="http://www.w3.org/2001/XMLSchema-instance" xsi:type="a:Expression">#"SYSTEM_SYSRULES_queryRecordType_v1"(
  recordType: #"urn:appian:record-type:v1:e29ff48d-88a7-4b94-b317-2a3d3f8f9e4a",
  fields: {},
  pagingInfo: #"SYSTEM_SYSRULES_pagingInfo"(
    startIndex: 1,
    batchSize: 1
  )
).data</a:value>
                    <a:nameRef>record</a:nameRef>
                    <a:id>1</a:id>
                </a:ruleInputTestConfigs>
                <a:assertions xmlns:xsi="http://www.w3.org/2001/XMLSchema-instance" xsi:nil="true"/>
            </el>
        </value>
    </typedValue>
    <history>
        <historyInfo versionUuid="1f5599aa-e219-411e-b8f3-2979d4a8e0c6"/>
    </history>
</contentHaul>
