<?xml version="1.0" encoding="UTF-8" standalone="yes"?>
<contentHaul xmlns:a="http://www.appian.com/ae/types/2009">
    <versionUuid>_a-0000ec34-17d1-8000-9ca8-011c48011c48_271709</versionUuid>
    <communityKnowledgeCenter>
        <name>SA Knowledge Center</name>
        <uuid>2b9d503e-28f3-42b2-b390-87109aae9d1c</uuid>
        <description>Stores document folders and files for the application</description>
        <parentUuid>SYSTEM_COMMUNITY_ROOT</parentUuid>
        <visibility>
            <advertise>true</advertise>
            <hierarchy>true</hierarchy>
            <indexable>true</indexable>
            <quota>false</quota>
            <searchable>true</searchable>
            <system>false</system>
            <unlogged>false</unlogged>
        </visibility>
        <expirationDays>0</expirationDays>
    </communityKnowledgeCenter>
    <roleMap public="true">
        <role inherit="false" allowForAll="false" name="readers">
            <users/>
            <groups>
                <groupUuid>a1a3e2a1-e856-4284-a601-8360e1515230</groupUuid>
            </groups>
        </role>
        <role inherit="false" allowForAll="false" name="authors">
            <users/>
            <groups>
                <groupUuid>_e-0000ebfe-9746-8000-9bec-01075c01075c_1061</groupUuid>
            </groups>
        </role>
        <role inherit="false" allowForAll="false" name="administrators">
            <users/>
            <groups>
                <groupUuid>45cbc61c-0474-4c75-8505-796d36d8e26e</groupUuid>
            </groups>
        </role>
        <role inherit="false" allowForAll="false" name="denyReaders">
            <users/>
            <groups/>
        </role>
        <role inherit="false" allowForAll="false" name="denyAuthors">
            <users/>
            <groups/>
        </role>
        <role inherit="false" allowForAll="false" name="denyAdministrators">
            <users/>
            <groups/>
        </role>
    </roleMap>
    <history>
        <historyInfo versionUuid="5b567131-fa10-43be-b3e7-94ab144db304"/>
        <historyInfo versionUuid="_a-0000ec34-17d1-8000-9ca8-011c48011c48_271693"/>
        <historyInfo versionUuid="_a-0000ec34-17d1-8000-9ca8-011c48011c48_271709"/>
    </history>
</contentHaul>
