<?xml version="1.0" encoding="UTF-8" standalone="yes"?>
<contentHaul xmlns:a="http://www.appian.com/ae/types/2009">
    <versionUuid>_a-0000ec4e-764a-8000-9cac-011c48011c48_285150</versionUuid>
    <outboundIntegration>
        <name>SA_authorize_Int</name>
        <uuid>302f69ed-f372-4d26-be2a-0a363e2e555b</uuid>
        <description>SA_authorize_Int</description>
        <parentUuid>29340692-c7e4-416d-b9f2-435df57cdc04</parentUuid>
        <visibility>
            <advertise>false</advertise>
            <hierarchy>true</hierarchy>
            <indexable>true</indexable>
            <quota>false</quota>
            <searchable>true</searchable>
            <system>false</system>
            <unlogged>false</unlogged>
        </visibility>
        <definition></definition>
        <namedTypedValue>
            <name>cardNumber</name>
            <type>
                <name>string</name>
                <namespace>http://www.w3.org/2001/XMLSchema</namespace>
            </type>
            <value/>
        </namedTypedValue>
        <namedTypedValue>
            <name>expirationDate</name>
            <type>
                <name>int</name>
                <namespace>http://www.w3.org/2001/XMLSchema</namespace>
            </type>
        </namedTypedValue>
        <namedTypedValue>
            <name>cardCode</name>
            <type>
                <name>int</name>
                <namespace>http://www.w3.org/2001/XMLSchema</namespace>
            </type>
        </namedTypedValue>
        <namedTypedValue>
            <name>amount</name>
            <type>
                <name>double</name>
                <namespace>http://www.w3.org/2001/XMLSchema</namespace>
            </type>
        </namedTypedValue>
        <namedTypedValue>
            <name>expiryMonth</name>
            <type>
                <name>int</name>
                <namespace>http://www.w3.org/2001/XMLSchema</namespace>
            </type>
        </namedTypedValue>
        <namedTypedValue>
            <name>onSuccess</name>
            <description>A list of saves or an HTTP response to execute after the smart service executes successfully. Created with a!save() or a!httpResponse(). The result of the request is available in the function variable fv!result.</description>
            <type>
                <name>Variant</name>
                <namespace>http://www.appian.com/ae/types/2009</namespace>
            </type>
        </namedTypedValue>
        <namedTypedValue>
            <name>onError</name>
            <description>A list of saves or an HTTP response to execute after the smart service does not execute successfully. Created with a!save() or a!httpResponse(). The result of the request is available in the function variable fv!result. Information about the error is available in the function variable fv!error. If using a Connected System that uses OAuth, whenever there is an error due to missing user authorization, the Connected System will be available in the function variable fv!connectedSystem. The Connected System can be used with the a!authorizationLink function to generate a link end users can click to perform the authorization.</description>
            <type>
                <name>Variant</name>
                <namespace>http://www.appian.com/ae/types/2009</namespace>
            </type>
        </namedTypedValue>
        <metadataExpr>{
deferredRuleInputs: {
    onSuccess: {
      "fv!result": 'type!{http://www.appian.com/ae/types/2009}Dictionary'
    },
    onError: {
      "fv!result": 'type!{http://www.appian.com/ae/types/2009}Dictionary',
      "fv!error": 'type!{http://www.appian.com/ae/types/2009}Dictionary',
      "fv!connectedSystem": 'type!{http://www.appian.com/ae/types/2009}ConnectedSystem'
    }
  }
}</metadataExpr>
        <preferredEditor>legacy</preferredEditor>
        <offlineEnabled>false</offlineEnabled>
        <sharedConfigParameters>
            <a:Dictionary xmlns:xsd="http://www.w3.org/2001/XMLSchema" xmlns:xsi="http://www.w3.org/2001/XMLSchema-instance">
                <url xsi:type="xsd:string"/>
                <isInheritedUrlOptionSelected xsi:type="xsd:boolean">true</isInheritedUrlOptionSelected>
                <relativePath xsi:type="xsd:string"/>
                <authType xsi:type="xsd:string">None</authType>
                <authDetails xsi:type="xsd:string"/>
            </a:Dictionary>
        </sharedConfigParameters>
        <configParameters>
            <a:Dictionary xmlns:xsd="http://www.w3.org/2001/XMLSchema" xmlns:xsi="http://www.w3.org/2001/XMLSchema-instance">
                <contentType xsi:type="xsd:string">application/json</contentType>
                <automaticallyConvert xsi:type="xsd:boolean">true</automaticallyConvert>
                <shouldReceiveDocuments xsi:type="xsd:boolean">false</shouldReceiveDocuments>
                <jsonSchema xsi:nil="true" xsi:type="a:NestedChoice?list"/>
                <receiveFolderConfig xsi:type="a:Dictionary">
                    <asExpr xsi:type="xsd:boolean">false</asExpr>
                    <value xsi:type="a:Variant?list"/>
                </receiveFolderConfig>
                <bodyParseType xsi:type="xsd:string">application/json+19.3</bodyParseType>
                <parameters xsi:type="a:NameValue?list"/>
                <removeNullOrEmptyJsonFields xsi:type="xsd:boolean">true</removeNullOrEmptyJsonFields>
                <method xsi:type="xsd:string">POST</method>
                <headers xsi:type="a:NameValue?list"/>
                <excludeNullHeaders xsi:type="xsd:boolean">true</excludeNullHeaders>
                <shouldOverrideErrorHandling xsi:type="xsd:boolean">true</shouldOverrideErrorHandling>
                <documentConfig xsi:type="xsd:string"/>
                <excludeNullParams xsi:type="xsd:boolean">true</excludeNullParams>
                <featureVersion xsi:type="xsd:int">1</featureVersion>
                <timeout xsi:type="xsd:int">10</timeout>
                <body xsi:type="a:Expression">{
  "createTransactionRequest": {
    "merchantAuthentication": {
      "name": "5KP3u95bQpv",
      "transactionKey": "346HZ32z3fP4hTG2"
    },
    "transactionRequest": {
      "transactionType": "authCaptureTransaction",
      "amount":tostring(ri!amount) ,
      "payment": {
        "creditCard": {
          "cardNumber": ri!cardNumber,
          "expirationDate": concat(ri!expirationDate,"-",ri!expiryMonth),
          "cardCode": tostring(ri!cardCode)
        }
      }
    }
  }
}</body>
                <flattenedJsonSchema xsi:nil="true" xsi:type="a:Text?list"/>
            </a:Dictionary>
        </configParameters>
        <isWrite>true</isWrite>
        <integrationType>system.http</integrationType>
        <connectedSystemUuid>_a-0000ec41-475a-8000-9caa-011c48011c48_275165</connectedSystemUuid>
        <isConnectedSystemConnectionOptionSelected>true</isConnectedSystemConnectionOptionSelected>
        <integrationOutputs>
            <a:Dictionary xmlns:xsd="http://www.w3.org/2001/XMLSchema" xmlns:xsi="http://www.w3.org/2001/XMLSchema-instance">
                <outputs xsi:type="a:IntegrationOutput?list">
                    <item>
                        <a:name>success</a:name>
                        <a:type a:uuid="{http://www.appian.com/ae/types/2009}Boolean"/>
                        <a:expression>if(
  fv!success,
  if(
    /*In the response, if the resultCode parameter is "Error,"
    or the errors parameter is not null,
    return false*/
    or(fv!result.body.messages.resultCode = "Error", not(isnull(fv!result.body.transactionResponse.errors))),
    false,
    true
  ),
  false
)</a:expression>
                    </item>
                    <item>
                        <a:name>result</a:name>
                        <a:type a:uuid="{http://www.appian.com/ae/types/2009}HttpResponse"/>
                        <a:expression>=fv!result</a:expression>
                    </item>
                    <item>
                        <a:name>error</a:name>
                        <a:type a:uuid="{http://www.appian.com/ae/types/2009}IntegrationError"/>
                        <a:expression>if(
  /*In the response, if the statusCode parameter is 200,
return "Transaction Could not be Completed"
and the value of the first errorText parameter*/
  fv!result.statusCode = 200,
  #"SYSTEM_SYSRULES_integrationError"(
    title: "Transaction Could not be Completed",
    message: fv!result.body.transactionResponse.errors[1].errorText
  ),
  /*Otherwise, return the title, message, and detail of the IntegrationError*/
  #"SYSTEM_SYSRULES_integrationError"(
    title: fv!error.title,
    message: fv!error.message,
    detail: fv!error.detail
  )
)</a:expression>
                    </item>
                </outputs>
            </a:Dictionary>
        </integrationOutputs>
        <isRequestResponseLoggingEnabled>false</isRequestResponseLoggingEnabled>
    </outboundIntegration>
    <roleMap public="true">
        <role inherit="true" allowForAll="false" name="readers">
            <users/>
            <groups/>
        </role>
        <role inherit="true" allowForAll="false" name="authors">
            <users/>
            <groups/>
        </role>
        <role inherit="true" allowForAll="false" name="administrators">
            <users/>
            <groups/>
        </role>
        <role inherit="false" allowForAll="false" name="denyReaders">
            <users/>
            <groups/>
        </role>
        <role inherit="false" allowForAll="false" name="denyAuthors">
            <users/>
            <groups/>
        </role>
        <role inherit="false" allowForAll="false" name="denyAdministrators">
            <users/>
            <groups/>
        </role>
    </roleMap>
    <typedValue>
        <type>
            <name>RuleTestConfig?list</name>
            <namespace>http://www.appian.com/ae/types/2009</namespace>
        </type>
        <value>
            <el>
                <a:name/>
                <a:ruleInputTestConfigs>
                    <a:value xmlns:xsd="http://www.w3.org/2001/XMLSchema" xmlns:xsi="http://www.w3.org/2001/XMLSchema-instance" xsi:type="xsd:string">4111111111111111</a:value>
                    <a:nameRef>cardNumber</a:nameRef>
                    <a:id/>
                </a:ruleInputTestConfigs>
                <a:ruleInputTestConfigs>
                    <a:value xmlns:xsd="http://www.w3.org/2001/XMLSchema" xmlns:xsi="http://www.w3.org/2001/XMLSchema-instance" xsi:type="xsd:int">2026</a:value>
                    <a:nameRef>expirationDate</a:nameRef>
                    <a:id/>
                </a:ruleInputTestConfigs>
                <a:ruleInputTestConfigs>
                    <a:value xmlns:xsd="http://www.w3.org/2001/XMLSchema" xmlns:xsi="http://www.w3.org/2001/XMLSchema-instance" xsi:type="xsd:int">321</a:value>
                    <a:nameRef>cardCode</a:nameRef>
                    <a:id/>
                </a:ruleInputTestConfigs>
                <a:ruleInputTestConfigs>
                    <a:value xmlns:xsd="http://www.w3.org/2001/XMLSchema" xmlns:xsi="http://www.w3.org/2001/XMLSchema-instance" xsi:type="xsd:double">100.0</a:value>
                    <a:nameRef>amount</a:nameRef>
                    <a:id/>
                </a:ruleInputTestConfigs>
                <a:ruleInputTestConfigs>
                    <a:value xmlns:xsd="http://www.w3.org/2001/XMLSchema" xmlns:xsi="http://www.w3.org/2001/XMLSchema-instance" xsi:type="xsd:int">12</a:value>
                    <a:nameRef>expiryMonth</a:nameRef>
                    <a:id/>
                </a:ruleInputTestConfigs>
                <a:ruleInputTestConfigs>
                    <a:value xmlns:xsi="http://www.w3.org/2001/XMLSchema-instance" xsi:type="a:Expression">null</a:value>
                    <a:nameRef>onSuccess</a:nameRef>
                    <a:id/>
                </a:ruleInputTestConfigs>
                <a:ruleInputTestConfigs>
                    <a:value xmlns:xsi="http://www.w3.org/2001/XMLSchema-instance" xsi:type="a:Expression">null</a:value>
                    <a:nameRef>onError</a:nameRef>
                    <a:id/>
                </a:ruleInputTestConfigs>
                <a:assertions xmlns:xsi="http://www.w3.org/2001/XMLSchema-instance" xsi:nil="true"/>
            </el>
        </value>
    </typedValue>
    <history>
        <historyInfo versionUuid="_a-0000ec4e-764a-8000-9cac-011c48011c48_285150"/>
    </history>
</contentHaul>
