<?xml version="1.0" encoding="UTF-8" standalone="yes"?>
<contentHaul xmlns:a="http://www.appian.com/ae/types/2009">
    <versionUuid>87767c76-02f8-4441-b0bf-525661b5cd44</versionUuid>
    <interface>
        <name>SA_CustomerAllInOne</name>
        <uuid>3aafde17-e196-48c8-8ddb-ceed9493d1cb</uuid>
        <description>The interface used for your record view</description>
        <parentUuid>29340692-c7e4-416d-b9f2-435df57cdc04</parentUuid>
        <visibility>
            <advertise>false</advertise>
            <hierarchy>true</hierarchy>
            <indexable>true</indexable>
            <quota>false</quota>
            <searchable>true</searchable>
            <system>false</system>
            <unlogged>false</unlogged>
        </visibility>
        <definition>{
  #"SYSTEM_SYSRULES_columnsLayout"(
    columns: {
      #"SYSTEM_SYSRULES_columnLayout"(
        contents: {
          #"SYSTEM_SYSRULES_sectionLayout_v1"(
            label: "Customer",
            contents: {
              #"SYSTEM_SYSRULES_columnsLayout"(
                columns: {
                  #"SYSTEM_SYSRULES_columnLayout"(
                    contents: {
                      #"SYSTEM_SYSRULES_richTextDisplayField"(
                        label: "Dob",
                        labelPosition: "JUSTIFIED",
                        value: if(
                          isnull(
                            ri!record[#"urn:appian:record-field:v1:826d8fe7-5a45-4699-b6f9-3c87219188b1/9f192029-7f04-49ba-b621-111f1cfae4d7"]
                          ),
                          "–",
                          {
                            #"SYSTEM_SYSRULES_richTextIcon"(
                              icon: "calendar",
                              color: "SECONDARY"
                            ),
                            " ",
                            #"SYSTEM_SYSRULES_richTextItem_v1"(
                              text: text(
                                ri!record[#"urn:appian:record-field:v1:826d8fe7-5a45-4699-b6f9-3c87219188b1/9f192029-7f04-49ba-b621-111f1cfae4d7"],
                                "mmmm d, yyyy"
                              )
                            )
                          }
                        )
                      ),
                      #"SYSTEM_SYSRULES_textField"(
                        label: "Phone Number",
                        labelPosition: "JUSTIFIED",
                        value: a!defaultValue(
                          ri!record[#"urn:appian:record-field:v1:826d8fe7-5a45-4699-b6f9-3c87219188b1/47d28317-7644-4620-a7a8-9842e513980f"],
                          "–"
                        ),
                        readOnly: true
                      ),
                      #"SYSTEM_SYSRULES_textField"(
                        label: "Address",
                        labelPosition: "JUSTIFIED",
                        value: a!defaultValue(
                          ri!record[#"urn:appian:record-field:v1:826d8fe7-5a45-4699-b6f9-3c87219188b1/b09331a5-2365-4b62-ba44-d3e51093c3c2"],
                          "–"
                        ),
                        readOnly: true
                      ),
                      #"SYSTEM_SYSRULES_textField"(
                        label: "Last Name",
                        labelPosition: "JUSTIFIED",
                        value: a!defaultValue(
                          ri!record[#"urn:appian:record-field:v1:826d8fe7-5a45-4699-b6f9-3c87219188b1/4f49b7d0-7f7a-4c62-8cd7-df382708b3ad"],
                          "–"
                        ),
                        readOnly: true
                      ),
                      #"SYSTEM_SYSRULES_textField"(
                        label: "Created By",
                        labelPosition: "JUSTIFIED",
                        value: a!defaultValue(
                          ri!record[#"urn:appian:record-field:v1:826d8fe7-5a45-4699-b6f9-3c87219188b1/014215be-7d33-4cde-900f-010b57fe8586"],
                          "–"
                        ),
                        readOnly: true
                      ),
                      #"SYSTEM_SYSRULES_textField"(
                        label: "Modified By",
                        labelPosition: "JUSTIFIED",
                        value: a!defaultValue(
                          ri!record[#"urn:appian:record-field:v1:826d8fe7-5a45-4699-b6f9-3c87219188b1/e15fe805-82cc-4fe4-a634-840d34b5ef8d"],
                          "–"
                        ),
                        readOnly: true
                      )
                    }
                  ),
                  #"SYSTEM_SYSRULES_columnLayout"(
                    contents: {
                      #"SYSTEM_SYSRULES_textField"(
                        label: "Gender",
                        labelPosition: "JUSTIFIED",
                        value: a!defaultValue(
                          ri!record[#"urn:appian:record-field:v1:826d8fe7-5a45-4699-b6f9-3c87219188b1/433c15ec-ae2a-4124-8cca-dca38ffb8874"],
                          "–"
                        ),
                        readOnly: true
                      ),
                      #"SYSTEM_SYSRULES_textField"(
                        label: "Email Id",
                        labelPosition: "JUSTIFIED",
                        value: a!defaultValue(
                          ri!record[#"urn:appian:record-field:v1:826d8fe7-5a45-4699-b6f9-3c87219188b1/a57139dc-5a70-4734-be15-515a09c7ef03"],
                          "–"
                        ),
                        readOnly: true
                      ),
                      #"SYSTEM_SYSRULES_textField"(
                        label: "First Name",
                        labelPosition: "JUSTIFIED",
                        value: a!defaultValue(
                          ri!record[#"urn:appian:record-field:v1:826d8fe7-5a45-4699-b6f9-3c87219188b1/7ade2570-b8f3-49e2-bca3-3d032ef8ff7c"],
                          "–"
                        ),
                        readOnly: true
                      ),
                      #"SYSTEM_SYSRULES_richTextDisplayField"(
                        label: "Is Active",
                        labelPosition: "JUSTIFIED",
                        value: if(
                          isnull(
                            ri!record[#"urn:appian:record-field:v1:826d8fe7-5a45-4699-b6f9-3c87219188b1/460204ab-f1e3-4ea6-8b77-cb85c9f89602"]
                          ),
                          "–",
                          {
                            #"SYSTEM_SYSRULES_richTextIcon"(
                              icon: if(
                                ri!record[#"urn:appian:record-field:v1:826d8fe7-5a45-4699-b6f9-3c87219188b1/460204ab-f1e3-4ea6-8b77-cb85c9f89602"],
                                "check-circle",
                                "times-circle"
                              ),
                              color: if(
                                ri!record[#"urn:appian:record-field:v1:826d8fe7-5a45-4699-b6f9-3c87219188b1/460204ab-f1e3-4ea6-8b77-cb85c9f89602"],
                                "POSITIVE",
                                "NEGATIVE"
                              )
                            ),
                            if(
                              ri!record[#"urn:appian:record-field:v1:826d8fe7-5a45-4699-b6f9-3c87219188b1/460204ab-f1e3-4ea6-8b77-cb85c9f89602"],
                              " Yes",
                              " No"
                            )
                          }
                        )
                      ),
                      #"SYSTEM_SYSRULES_richTextDisplayField"(
                        label: "Created On",
                        labelPosition: "JUSTIFIED",
                        value: if(
                          isnull(
                            ri!record[#"urn:appian:record-field:v1:826d8fe7-5a45-4699-b6f9-3c87219188b1/74b5bb15-96c5-4016-855b-2ff0d2793f94"]
                          ),
                          "–",
                          {
                            #"SYSTEM_SYSRULES_richTextIcon"(
                              icon: "calendar-o",
                              color: "SECONDARY"
                            ),
                            " ",
                            #"SYSTEM_SYSRULES_richTextItem_v1"(
                              text: text(
                                ri!record[#"urn:appian:record-field:v1:826d8fe7-5a45-4699-b6f9-3c87219188b1/74b5bb15-96c5-4016-855b-2ff0d2793f94"],
                                "mmmm d, yyyy h:mm AM/PM"
                              )
                            )
                          }
                        )
                      ),
                      #"SYSTEM_SYSRULES_richTextDisplayField"(
                        label: "Modified On",
                        labelPosition: "JUSTIFIED",
                        value: if(
                          isnull(
                            ri!record[#"urn:appian:record-field:v1:826d8fe7-5a45-4699-b6f9-3c87219188b1/857ee604-e0b6-4798-91e8-6f3338d28e54"]
                          ),
                          "–",
                          {
                            #"SYSTEM_SYSRULES_richTextIcon"(
                              icon: "calendar-o",
                              color: "SECONDARY"
                            ),
                            " ",
                            #"SYSTEM_SYSRULES_richTextItem_v1"(
                              text: text(
                                ri!record[#"urn:appian:record-field:v1:826d8fe7-5a45-4699-b6f9-3c87219188b1/857ee604-e0b6-4798-91e8-6f3338d28e54"],
                                "mmmm d, yyyy h:mm AM/PM"
                              )
                            )
                          }
                        )
                      )
                    }
                  )
                }
              )
            },
            labelSize: "MEDIUM",
            labelColor: "STANDARD",
            labelHeadingTag: "H2",
            divider: "ABOVE",
            marginAbove: "STANDARD",
            marginBelow: "MORE"
          ),
          #"SYSTEM_SYSRULES_sectionLayout_v1"(
            label: "Request",
            contents: {
              #"SYSTEM_SYSRULES_gridField_v1"(
                data: #"SYSTEM_SYSRULES_recordData"(
                  recordType: #"urn:appian:record-type:v1:e29ff48d-88a7-4b94-b317-2a3d3f8f9e4a",
                  filters: #"SYSTEM_SYSRULES_queryLogicalExpression"(
                    operator: "AND",
                    filters: {
                      #"SYSTEM_SYSRULES_queryFilter"(
                        field: #"urn:appian:record-field:v1:e29ff48d-88a7-4b94-b317-2a3d3f8f9e4a/a39f236d-99cd-4494-8f9e-70f6e494107d",
                        operator: "=",
                        value: ri!record[#"urn:appian:record-field:v1:826d8fe7-5a45-4699-b6f9-3c87219188b1/1a9e0b17-7436-44e6-a796-b29627a62548"]
                      )
                    },
                    ignoreFiltersWithEmptyValues: true
                  )
                ),
                columns: {
                  #"SYSTEM_SYSRULES_gridColumn"(
                    label: "Request Id",
                    sortField: #"urn:appian:record-field:v1:e29ff48d-88a7-4b94-b317-2a3d3f8f9e4a/0d8ee8a8-99f4-4cf1-9d88-8b16171934da",
                    value: #"SYSTEM_SYSRULES_linkField"(
                      links: {
                        #"SYSTEM_SYSRULES_recordLink"(
                          label: fv!row[#"urn:appian:record-field:v1:e29ff48d-88a7-4b94-b317-2a3d3f8f9e4a/0d8ee8a8-99f4-4cf1-9d88-8b16171934da"],
                          recordType: #"urn:appian:record-type:v1:e29ff48d-88a7-4b94-b317-2a3d3f8f9e4a",
                          identifier: fv!identifier
                        )
                      }
                    ),
                    align: "END"
                  ),
                  #"SYSTEM_SYSRULES_gridColumn"(
                    label: "Customer Id",
                    sortField: #"urn:appian:record-field:v1:e29ff48d-88a7-4b94-b317-2a3d3f8f9e4a/a39f236d-99cd-4494-8f9e-70f6e494107d",
                    value: fv!row[#"urn:appian:record-field:v1:e29ff48d-88a7-4b94-b317-2a3d3f8f9e4a/a39f236d-99cd-4494-8f9e-70f6e494107d"],
                    align: "END"
                  ),
                  #"SYSTEM_SYSRULES_gridColumn"(
                    label: "Customer Need",
                    sortField: #"urn:appian:record-field:v1:e29ff48d-88a7-4b94-b317-2a3d3f8f9e4a/9503c12f-5408-4d44-8d15-f6f1530b81d9",
                    value: fv!row[#"urn:appian:record-field:v1:e29ff48d-88a7-4b94-b317-2a3d3f8f9e4a/9503c12f-5408-4d44-8d15-f6f1530b81d9"]
                  ),
                  #"SYSTEM_SYSRULES_gridColumn"(
                    label: "Budget",
                    sortField: #"urn:appian:record-field:v1:e29ff48d-88a7-4b94-b317-2a3d3f8f9e4a/3ac99b4f-ac7f-457d-a324-fdf312b35300",
                    value: fv!row[#"urn:appian:record-field:v1:e29ff48d-88a7-4b94-b317-2a3d3f8f9e4a/3ac99b4f-ac7f-457d-a324-fdf312b35300"],
                    align: "END"
                  ),
                  #"SYSTEM_SYSRULES_gridColumn"(
                    label: "Timeline",
                    sortField: #"urn:appian:record-field:v1:e29ff48d-88a7-4b94-b317-2a3d3f8f9e4a/4faed056-b251-44ee-a8ad-b7ec36e911dd",
                    value: fv!row[#"urn:appian:record-field:v1:e29ff48d-88a7-4b94-b317-2a3d3f8f9e4a/4faed056-b251-44ee-a8ad-b7ec36e911dd"],
                    align: "END"
                  ),
                  #"SYSTEM_SYSRULES_gridColumn"(
                    label: "Qualify Lead",
                    sortField: #"urn:appian:record-field:v1:e29ff48d-88a7-4b94-b317-2a3d3f8f9e4a/0bec8d53-0f6d-4ad9-85eb-fb13af2fb09d",
                    value: fv!row[#"urn:appian:record-field:v1:e29ff48d-88a7-4b94-b317-2a3d3f8f9e4a/0bec8d53-0f6d-4ad9-85eb-fb13af2fb09d"]
                  ),
                  #"SYSTEM_SYSRULES_gridColumn"(
                    label: "Status",
                    sortField: #"urn:appian:record-field:v1:e29ff48d-88a7-4b94-b317-2a3d3f8f9e4a/5d896fc6-4490-43da-b4f4-eb306a6e3cb4",
                    value: fv!row[#"urn:appian:record-field:v1:e29ff48d-88a7-4b94-b317-2a3d3f8f9e4a/5d896fc6-4490-43da-b4f4-eb306a6e3cb4"]
                  ),
                  #"SYSTEM_SYSRULES_gridColumn"(
                    label: "Assigned To",
                    sortField: #"urn:appian:record-field:v1:e29ff48d-88a7-4b94-b317-2a3d3f8f9e4a/34ecb62a-df27-485a-9080-07712561de57",
                    value: fv!row[#"urn:appian:record-field:v1:e29ff48d-88a7-4b94-b317-2a3d3f8f9e4a/34ecb62a-df27-485a-9080-07712561de57"]
                  ),
                  #"SYSTEM_SYSRULES_gridColumn"(
                    label: "Source Type",
                    sortField: #"urn:appian:record-field:v1:e29ff48d-88a7-4b94-b317-2a3d3f8f9e4a/cc07505a-baa5-43c8-b720-f12413639fce",
                    value: fv!row[#"urn:appian:record-field:v1:e29ff48d-88a7-4b94-b317-2a3d3f8f9e4a/cc07505a-baa5-43c8-b720-f12413639fce"]
                  ),
                  #"SYSTEM_SYSRULES_gridColumn"(
                    label: "Score",
                    sortField: #"urn:appian:record-field:v1:e29ff48d-88a7-4b94-b317-2a3d3f8f9e4a/66ddebfc-bac9-4f5e-b984-4a850ffe1b45",
                    value: fv!row[#"urn:appian:record-field:v1:e29ff48d-88a7-4b94-b317-2a3d3f8f9e4a/66ddebfc-bac9-4f5e-b984-4a850ffe1b45"],
                    align: "END"
                  ),
                  #"SYSTEM_SYSRULES_gridColumn"(
                    label: "Created By",
                    sortField: #"urn:appian:record-field:v1:e29ff48d-88a7-4b94-b317-2a3d3f8f9e4a/a19f4a1d-5dba-48cd-862c-ca336c136186",
                    value: fv!row[#"urn:appian:record-field:v1:e29ff48d-88a7-4b94-b317-2a3d3f8f9e4a/a19f4a1d-5dba-48cd-862c-ca336c136186"]
                  ),
                  #"SYSTEM_SYSRULES_gridColumn"(
                    label: "Created On",
                    sortField: #"urn:appian:record-field:v1:e29ff48d-88a7-4b94-b317-2a3d3f8f9e4a/efd67d88-f072-41c9-b384-24367a488e35",
                    value: if(
                    isnull(fv!row[#"urn:appian:record-field:v1:e29ff48d-88a7-4b94-b317-2a3d3f8f9e4a/efd67d88-f072-41c9-b384-24367a488e35"]),
                    fv!row[#"urn:appian:record-field:v1:e29ff48d-88a7-4b94-b317-2a3d3f8f9e4a/efd67d88-f072-41c9-b384-24367a488e35"],
                    datetext(fv!row[#"urn:appian:record-field:v1:e29ff48d-88a7-4b94-b317-2a3d3f8f9e4a/efd67d88-f072-41c9-b384-24367a488e35"], "default")
                    ),
                    align: "END"
                  ),
                  #"SYSTEM_SYSRULES_gridColumn"(
                    label: "Modified By",
                    sortField: #"urn:appian:record-field:v1:e29ff48d-88a7-4b94-b317-2a3d3f8f9e4a/d3f0a4ea-875f-4ab8-ae2c-018c14e8a61e",
                    value: fv!row[#"urn:appian:record-field:v1:e29ff48d-88a7-4b94-b317-2a3d3f8f9e4a/d3f0a4ea-875f-4ab8-ae2c-018c14e8a61e"]
                  ),
                  #"SYSTEM_SYSRULES_gridColumn"(
                    label: "Modified On",
                    sortField: #"urn:appian:record-field:v1:e29ff48d-88a7-4b94-b317-2a3d3f8f9e4a/c2c75b11-0264-4216-8d21-a1679409b341",
                    value: if(
                    isnull(fv!row[#"urn:appian:record-field:v1:e29ff48d-88a7-4b94-b317-2a3d3f8f9e4a/c2c75b11-0264-4216-8d21-a1679409b341"]),
                    fv!row[#"urn:appian:record-field:v1:e29ff48d-88a7-4b94-b317-2a3d3f8f9e4a/c2c75b11-0264-4216-8d21-a1679409b341"],
                    datetext(fv!row[#"urn:appian:record-field:v1:e29ff48d-88a7-4b94-b317-2a3d3f8f9e4a/c2c75b11-0264-4216-8d21-a1679409b341"], "default")
                    ),
                    align: "END"
                  ),
                  #"SYSTEM_SYSRULES_gridColumn"(
                    label: "User Comments",
                    value:fv!row[#"urn:appian:record-field:v1:e29ff48d-88a7-4b94-b317-2a3d3f8f9e4a/5407d62d-7e8b-4c11-9c4b-86c8a58ca007"]
                  )
                },
                pageSize: 5,
                rowHeader: 1,
                showSearchBox: false,
                showRefreshButton: false
              )
            },
            labelSize: "MEDIUM",
            labelColor: "STANDARD",
            labelHeadingTag: "H2",
            marginAbove: "STANDARD",
            marginBelow: "MORE"
          ),
          #"SYSTEM_SYSRULES_sectionLayout_v1"(
            label: "Activity",
            contents: {
              #"SYSTEM_SYSRULES_gridField_v1"(
                data: #"SYSTEM_SYSRULES_recordData"(
                  recordType: #"urn:appian:record-type:v1:3390fdfd-354c-4c45-8f06-a0e63d262086",
                  filters: #"SYSTEM_SYSRULES_queryLogicalExpression"(
                    operator: "AND",
                    filters: {
                      #"SYSTEM_SYSRULES_queryFilter"(
                        field: #"urn:appian:record-field:v1:3390fdfd-354c-4c45-8f06-a0e63d262086/a1d7fb81-1fd3-40ed-872b-b8a50028c234",
                        operator: "=",
                        value: ri!record[#"urn:appian:record-field:v1:826d8fe7-5a45-4699-b6f9-3c87219188b1/1a9e0b17-7436-44e6-a796-b29627a62548"]
                      )
                    },
                    ignoreFiltersWithEmptyValues: true
                  )
                ),
                columns: {
                  #"SYSTEM_SYSRULES_gridColumn"(
                    label: "Id",
                    sortField: #"urn:appian:record-field:v1:3390fdfd-354c-4c45-8f06-a0e63d262086/5ac92a98-f9a0-481a-b594-29961fc15398",
                    value: fv!row[#"urn:appian:record-field:v1:3390fdfd-354c-4c45-8f06-a0e63d262086/5ac92a98-f9a0-481a-b594-29961fc15398"],
                    align: "END"
                  ),
                  #"SYSTEM_SYSRULES_gridColumn"(
                    label: "Customer Id",
                    sortField: #"urn:appian:record-field:v1:3390fdfd-354c-4c45-8f06-a0e63d262086/a1d7fb81-1fd3-40ed-872b-b8a50028c234",
                    value: #"SYSTEM_SYSRULES_linkField"(
                      links: {
                        #"SYSTEM_SYSRULES_recordLink"(
                          label: fv!row[#"urn:appian:record-field:v1:3390fdfd-354c-4c45-8f06-a0e63d262086/a1d7fb81-1fd3-40ed-872b-b8a50028c234"],
                          recordType: #"urn:appian:record-type:v1:3390fdfd-354c-4c45-8f06-a0e63d262086",
                          identifier: fv!identifier
                        )
                      }
                    ),
                    align: "END"
                  ),
                  #"SYSTEM_SYSRULES_gridColumn"(
                    label: "Subject",
                    sortField: #"urn:appian:record-field:v1:3390fdfd-354c-4c45-8f06-a0e63d262086/8ed07354-ecb4-4fe3-a0d0-4373cb0ed6a1",
                    value: fv!row[#"urn:appian:record-field:v1:3390fdfd-354c-4c45-8f06-a0e63d262086/8ed07354-ecb4-4fe3-a0d0-4373cb0ed6a1"]
                  ),
                  #"SYSTEM_SYSRULES_gridColumn"(
                    label: "Interaction Outcome",
                    sortField: #"urn:appian:record-field:v1:3390fdfd-354c-4c45-8f06-a0e63d262086/a4d8e977-66d0-439d-926a-871b068228f3",
                    value: fv!row[#"urn:appian:record-field:v1:3390fdfd-354c-4c45-8f06-a0e63d262086/a4d8e977-66d0-439d-926a-871b068228f3"]
                  ),
                  #"SYSTEM_SYSRULES_gridColumn"(
                    label: "Communication Type",
                    sortField: #"urn:appian:record-field:v1:3390fdfd-354c-4c45-8f06-a0e63d262086/f7b2cd32-8dba-456d-a6a9-ce6407a63096",
                    value: fv!row[#"urn:appian:record-field:v1:3390fdfd-354c-4c45-8f06-a0e63d262086/f7b2cd32-8dba-456d-a6a9-ce6407a63096"]
                  ),
                  #"SYSTEM_SYSRULES_gridColumn"(
                    label: "Appointment",
                    sortField: #"urn:appian:record-field:v1:3390fdfd-354c-4c45-8f06-a0e63d262086/5aaaa892-ecc0-4cc2-843c-2c8013027006",
                    value: if(
                    isnull(fv!row[#"urn:appian:record-field:v1:3390fdfd-354c-4c45-8f06-a0e63d262086/5aaaa892-ecc0-4cc2-843c-2c8013027006"]),
                    fv!row[#"urn:appian:record-field:v1:3390fdfd-354c-4c45-8f06-a0e63d262086/5aaaa892-ecc0-4cc2-843c-2c8013027006"],
                    datetext(fv!row[#"urn:appian:record-field:v1:3390fdfd-354c-4c45-8f06-a0e63d262086/5aaaa892-ecc0-4cc2-843c-2c8013027006"], "default")
                    ),
                    align: "END"
                  ),
                  #"SYSTEM_SYSRULES_gridColumn"(
                    label: "Created By",
                    sortField: #"urn:appian:record-field:v1:3390fdfd-354c-4c45-8f06-a0e63d262086/12f66364-1330-40b6-8b42-09142196a5ac",
                    value: fv!row[#"urn:appian:record-field:v1:3390fdfd-354c-4c45-8f06-a0e63d262086/12f66364-1330-40b6-8b42-09142196a5ac"]
                  ),
                  #"SYSTEM_SYSRULES_gridColumn"(
                    label: "Created On",
                    sortField: #"urn:appian:record-field:v1:3390fdfd-354c-4c45-8f06-a0e63d262086/395a4141-5873-4c19-8fab-9f606248388b",
                    value: if(
                    isnull(fv!row[#"urn:appian:record-field:v1:3390fdfd-354c-4c45-8f06-a0e63d262086/395a4141-5873-4c19-8fab-9f606248388b"]),
                    fv!row[#"urn:appian:record-field:v1:3390fdfd-354c-4c45-8f06-a0e63d262086/395a4141-5873-4c19-8fab-9f606248388b"],
                    datetext(fv!row[#"urn:appian:record-field:v1:3390fdfd-354c-4c45-8f06-a0e63d262086/395a4141-5873-4c19-8fab-9f606248388b"], "default")
                    ),
                    align: "END"
                  ),
                  #"SYSTEM_SYSRULES_gridColumn"(
                    label: "Modified By",
                    sortField: #"urn:appian:record-field:v1:3390fdfd-354c-4c45-8f06-a0e63d262086/89255aaa-40d0-4e9d-8a7c-cc55d515c69e",
                    value: fv!row[#"urn:appian:record-field:v1:3390fdfd-354c-4c45-8f06-a0e63d262086/89255aaa-40d0-4e9d-8a7c-cc55d515c69e"]
                  ),
                  #"SYSTEM_SYSRULES_gridColumn"(
                    label: "Modified On",
                    sortField: #"urn:appian:record-field:v1:3390fdfd-354c-4c45-8f06-a0e63d262086/5bbc4f17-5bce-4ac4-b59c-cb219812a968",
                    value: if(
                    isnull(fv!row[#"urn:appian:record-field:v1:3390fdfd-354c-4c45-8f06-a0e63d262086/5bbc4f17-5bce-4ac4-b59c-cb219812a968"]),
                    fv!row[#"urn:appian:record-field:v1:3390fdfd-354c-4c45-8f06-a0e63d262086/5bbc4f17-5bce-4ac4-b59c-cb219812a968"],
                    datetext(fv!row[#"urn:appian:record-field:v1:3390fdfd-354c-4c45-8f06-a0e63d262086/5bbc4f17-5bce-4ac4-b59c-cb219812a968"], "default")
                    ),
                    align: "END"
                  )
                },
                pageSize: 5,
                rowHeader: 1,
                showSearchBox: false,
                showRefreshButton: false
              )
            },
            labelSize: "MEDIUM",
            labelColor: "STANDARD",
            labelHeadingTag: "H2",
            marginAbove: "STANDARD",
            marginBelow: "MORE"
          )
        }
      ),
      #"SYSTEM_SYSRULES_columnLayout"(
        contents: {
          #"SYSTEM_SYSRULES_sectionLayout_v1"(
            label: "Event History",
            labelSize: "MEDIUM",
            labelHeadingTag: "H2",
            labelColor: "STANDARD",
            contents: {
              #"SYSTEM_SYSRULES_eventHistoryListField"(
                eventStyle: "PREVIEW_LIST",
                previewListPageSize: 10,
                displayUser: "IMAGE",
                eventData: #"SYSTEM_SYSRULES_eventData"(
                  recordType: #"urn:appian:record-type:v1:7093b921-3c13-468a-903a-343bd17a2a53",
                  user: #"urn:appian:record-field:v1:7093b921-3c13-468a-903a-343bd17a2a53/6b8947d8-3196-45a5-b788-e16cf4fefc6d",
                  timestamp: #"urn:appian:record-field:v1:7093b921-3c13-468a-903a-343bd17a2a53/8a2a894a-9790-4d8f-8161-1941c28a43f4",
                  eventTypeName: fv!data[#"urn:appian:record-field:v1:7093b921-3c13-468a-903a-343bd17a2a53/6fd69154-beb8-495f-a32f-1373cf89fc8d/802404ed-5b65-4603-b0e9-02f504d456cb"],
                  filters: #"SYSTEM_SYSRULES_queryLogicalExpression"(
                    operator: "AND",
                    filters: {
                      #"SYSTEM_SYSRULES_queryFilter"(
                        field: #"urn:appian:record-field:v1:7093b921-3c13-468a-903a-343bd17a2a53/28515aec-322c-4028-8df7-93b2c418523d",
                        operator: "=",
                        value: ri!record[#"urn:appian:record-field:v1:826d8fe7-5a45-4699-b6f9-3c87219188b1/1a9e0b17-7436-44e6-a796-b29627a62548"]
                      )
                    },
                    ignoreFiltersWithEmptyValues: true
                  )
                )
              )
            },
            divider: "ABOVE",
            marginAbove: "STANDARD"
          )
        },
        width: "MEDIUM"
      )
    },
    spacing: "SPARSE",
    showDividers: true
  )
}</definition>
        <namedTypedValue>
            <name>record</name>
            <type>
                <name>826d8fe7-5a45-4699-b6f9-3c87219188b1</name>
                <namespace>urn:com:appian:recordtype:datatype</namespace>
            </type>
        </namedTypedValue>
        <preferredEditor>interface</preferredEditor>
        <offlineEnabled>false</offlineEnabled>
        <isCustom>false</isCustom>
    </interface>
    <roleMap public="true">
        <role inherit="true" allowForAll="false" name="readers">
            <users/>
            <groups/>
        </role>
        <role inherit="true" allowForAll="false" name="authors">
            <users/>
            <groups/>
        </role>
        <role inherit="true" allowForAll="false" name="administrators">
            <users/>
            <groups/>
        </role>
        <role inherit="false" allowForAll="false" name="denyReaders">
            <users/>
            <groups/>
        </role>
        <role inherit="false" allowForAll="false" name="denyAuthors">
            <users/>
            <groups/>
        </role>
        <role inherit="false" allowForAll="false" name="denyAdministrators">
            <users/>
            <groups/>
        </role>
    </roleMap>
    <typedValue>
        <type>
            <name>RuleTestConfig?list</name>
            <namespace>http://www.appian.com/ae/types/2009</namespace>
        </type>
        <value>
            <el>
                <a:name/>
                <a:ruleInputTestConfigs>
                    <a:value xmlns:xsi="http://www.w3.org/2001/XMLSchema-instance" xsi:type="a:Expression">#"SYSTEM_SYSRULES_queryRecordType_v1"(
  recordType: #"urn:appian:record-type:v1:826d8fe7-5a45-4699-b6f9-3c87219188b1",
  fields: {},
  pagingInfo: #"SYSTEM_SYSRULES_pagingInfo"(
    startIndex: 1,
    batchSize: 1
  )
).data</a:value>
                    <a:nameRef>record</a:nameRef>
                    <a:id>1</a:id>
                </a:ruleInputTestConfigs>
                <a:assertions xmlns:xsi="http://www.w3.org/2001/XMLSchema-instance" xsi:nil="true"/>
            </el>
        </value>
    </typedValue>
    <history>
        <historyInfo versionUuid="87767c76-02f8-4441-b0bf-525661b5cd44"/>
    </history>
</contentHaul>
