<?xml version="1.0" encoding="UTF-8" standalone="yes"?>
<contentHaul xmlns:a="http://www.appian.com/ae/types/2009">
    <versionUuid>_a-0000ec41-475a-8000-9caa-011c48011c48_275102</versionUuid>
    <interface>
        <name>SA_CustomerSummary</name>
        <uuid>5d8d75da-0f08-435e-8247-aa814b003ab4</uuid>
        <description>The interface used for your record view</description>
        <parentUuid>29340692-c7e4-416d-b9f2-435df57cdc04</parentUuid>
        <visibility>
            <advertise>false</advertise>
            <hierarchy>true</hierarchy>
            <indexable>true</indexable>
            <quota>false</quota>
            <searchable>true</searchable>
            <system>false</system>
            <unlogged>false</unlogged>
        </visibility>
        <definition>{
  #"SYSTEM_SYSRULES_sectionLayout_v1"(
    label: "Customer",
    contents: {
      #"SYSTEM_SYSRULES_columnsLayout"(
        columns: {
          #"SYSTEM_SYSRULES_columnLayout"(
            contents: {
              #"SYSTEM_SYSRULES_richTextDisplayField"(
                label: "Dob",
                labelPosition: "JUSTIFIED",
                value: if(
                  isnull(
                    ri!record[#"urn:appian:record-field:v1:826d8fe7-5a45-4699-b6f9-3c87219188b1/9f192029-7f04-49ba-b621-111f1cfae4d7"]
                  ),
                  "–",
                  {
                    #"SYSTEM_SYSRULES_richTextIcon"(
                      icon: "calendar",
                      color: "SECONDARY"
                    ),
                    " ",
                    #"SYSTEM_SYSRULES_richTextItem_v1"(
                      text: text(
                        ri!record[#"urn:appian:record-field:v1:826d8fe7-5a45-4699-b6f9-3c87219188b1/9f192029-7f04-49ba-b621-111f1cfae4d7"],
                        "mmmm d, yyyy"
                      )
                    )
                  }
                )
              ),
              #"SYSTEM_SYSRULES_textField"(
                label: "Phone Number",
                labelPosition: "JUSTIFIED",
                value: a!defaultValue(
                  ri!record[#"urn:appian:record-field:v1:826d8fe7-5a45-4699-b6f9-3c87219188b1/47d28317-7644-4620-a7a8-9842e513980f"],
                  "–"
                ),
                readOnly: true
              ),
              #"SYSTEM_SYSRULES_textField"(
                label: "Address",
                labelPosition: "JUSTIFIED",
                value: a!defaultValue(
                  ri!record[#"urn:appian:record-field:v1:826d8fe7-5a45-4699-b6f9-3c87219188b1/b09331a5-2365-4b62-ba44-d3e51093c3c2"],
                  "–"
                ),
                readOnly: true
              ),
              #"SYSTEM_SYSRULES_textField"(
                label: "Last Name",
                labelPosition: "JUSTIFIED",
                value: a!defaultValue(
                  ri!record[#"urn:appian:record-field:v1:826d8fe7-5a45-4699-b6f9-3c87219188b1/4f49b7d0-7f7a-4c62-8cd7-df382708b3ad"],
                  "–"
                ),
                readOnly: true
              ),
              #"SYSTEM_SYSRULES_textField"(
                label: "Created By",
                labelPosition: "JUSTIFIED",
                value: a!defaultValue(
                  ri!record[#"urn:appian:record-field:v1:826d8fe7-5a45-4699-b6f9-3c87219188b1/014215be-7d33-4cde-900f-010b57fe8586"],
                  "–"
                ),
                readOnly: true
              ),
              #"SYSTEM_SYSRULES_textField"(
                label: "Modified By",
                labelPosition: "JUSTIFIED",
                value: a!defaultValue(
                  ri!record[#"urn:appian:record-field:v1:826d8fe7-5a45-4699-b6f9-3c87219188b1/e15fe805-82cc-4fe4-a634-840d34b5ef8d"],
                  "–"
                ),
                readOnly: true
              )
            }
          ),
          #"SYSTEM_SYSRULES_columnLayout"(
            contents: {
              #"SYSTEM_SYSRULES_textField"(
                label: "Gender",
                labelPosition: "JUSTIFIED",
                value: a!defaultValue(
                  ri!record[#"urn:appian:record-field:v1:826d8fe7-5a45-4699-b6f9-3c87219188b1/433c15ec-ae2a-4124-8cca-dca38ffb8874"],
                  "–"
                ),
                readOnly: true
              ),
              #"SYSTEM_SYSRULES_textField"(
                label: "Email Id",
                labelPosition: "JUSTIFIED",
                value: a!defaultValue(
                  ri!record[#"urn:appian:record-field:v1:826d8fe7-5a45-4699-b6f9-3c87219188b1/a57139dc-5a70-4734-be15-515a09c7ef03"],
                  "–"
                ),
                readOnly: true
              ),
              #"SYSTEM_SYSRULES_textField"(
                label: "First Name",
                labelPosition: "JUSTIFIED",
                value: a!defaultValue(
                  ri!record[#"urn:appian:record-field:v1:826d8fe7-5a45-4699-b6f9-3c87219188b1/7ade2570-b8f3-49e2-bca3-3d032ef8ff7c"],
                  "–"
                ),
                readOnly: true
              ),
              #"SYSTEM_SYSRULES_richTextDisplayField"(
                label: "Is Active",
                labelPosition: "JUSTIFIED",
                value: if(
                  isnull(
                    ri!record[#"urn:appian:record-field:v1:826d8fe7-5a45-4699-b6f9-3c87219188b1/460204ab-f1e3-4ea6-8b77-cb85c9f89602"]
                  ),
                  "–",
                  {
                    #"SYSTEM_SYSRULES_richTextIcon"(
                      icon: if(
                        ri!record[#"urn:appian:record-field:v1:826d8fe7-5a45-4699-b6f9-3c87219188b1/460204ab-f1e3-4ea6-8b77-cb85c9f89602"],
                        "check-circle",
                        "times-circle"
                      ),
                      color: if(
                        ri!record[#"urn:appian:record-field:v1:826d8fe7-5a45-4699-b6f9-3c87219188b1/460204ab-f1e3-4ea6-8b77-cb85c9f89602"],
                        "POSITIVE",
                        "NEGATIVE"
                      )
                    ),
                    if(
                      ri!record[#"urn:appian:record-field:v1:826d8fe7-5a45-4699-b6f9-3c87219188b1/460204ab-f1e3-4ea6-8b77-cb85c9f89602"],
                      " Yes",
                      " No"
                    )
                  }
                )
              ),
              #"SYSTEM_SYSRULES_richTextDisplayField"(
                label: "Created On",
                labelPosition: "JUSTIFIED",
                value: if(
                  isnull(
                    ri!record[#"urn:appian:record-field:v1:826d8fe7-5a45-4699-b6f9-3c87219188b1/74b5bb15-96c5-4016-855b-2ff0d2793f94"]
                  ),
                  "–",
                  {
                    #"SYSTEM_SYSRULES_richTextIcon"(
                      icon: "calendar-o",
                      color: "SECONDARY"
                    ),
                    " ",
                    #"SYSTEM_SYSRULES_richTextItem_v1"(
                      text: text(
                        ri!record[#"urn:appian:record-field:v1:826d8fe7-5a45-4699-b6f9-3c87219188b1/74b5bb15-96c5-4016-855b-2ff0d2793f94"],
                        "mmmm d, yyyy h:mm AM/PM"
                      )
                    )
                  }
                )
              ),
              #"SYSTEM_SYSRULES_richTextDisplayField"(
                label: "Modified On",
                labelPosition: "JUSTIFIED",
                value: if(
                  isnull(
                    ri!record[#"urn:appian:record-field:v1:826d8fe7-5a45-4699-b6f9-3c87219188b1/857ee604-e0b6-4798-91e8-6f3338d28e54"]
                  ),
                  "–",
                  {
                    #"SYSTEM_SYSRULES_richTextIcon"(
                      icon: "calendar-o",
                      color: "SECONDARY"
                    ),
                    " ",
                    #"SYSTEM_SYSRULES_richTextItem_v1"(
                      text: text(
                        ri!record[#"urn:appian:record-field:v1:826d8fe7-5a45-4699-b6f9-3c87219188b1/857ee604-e0b6-4798-91e8-6f3338d28e54"],
                        "mmmm d, yyyy h:mm AM/PM"
                      )
                    )
                  }
                )
              )
            }
          )
        }
      )
    },
    labelSize: "MEDIUM",
    labelColor: "STANDARD",
    labelHeadingTag: "H2",
    divider: "ABOVE",
    marginAbove: "STANDARD",
    marginBelow: "MORE"
  )
}</definition>
        <namedTypedValue>
            <name>record</name>
            <type>
                <name>826d8fe7-5a45-4699-b6f9-3c87219188b1</name>
                <namespace>urn:com:appian:recordtype:datatype</namespace>
            </type>
        </namedTypedValue>
        <preferredEditor>interface</preferredEditor>
        <offlineEnabled>false</offlineEnabled>
        <isCustom>false</isCustom>
    </interface>
    <roleMap public="true">
        <role inherit="true" allowForAll="false" name="readers">
            <users/>
            <groups/>
        </role>
        <role inherit="true" allowForAll="false" name="authors">
            <users/>
            <groups/>
        </role>
        <role inherit="true" allowForAll="false" name="administrators">
            <users/>
            <groups/>
        </role>
        <role inherit="false" allowForAll="false" name="denyReaders">
            <users/>
            <groups/>
        </role>
        <role inherit="false" allowForAll="false" name="denyAuthors">
            <users/>
            <groups/>
        </role>
        <role inherit="false" allowForAll="false" name="denyAdministrators">
            <users/>
            <groups/>
        </role>
    </roleMap>
    <typedValue>
        <type>
            <name>RuleTestConfig?list</name>
            <namespace>http://www.appian.com/ae/types/2009</namespace>
        </type>
        <value>
            <el>
                <a:name/>
                <a:ruleInputTestConfigs>
                    <a:value xmlns:xsi="http://www.w3.org/2001/XMLSchema-instance" xsi:type="a:Expression">#"SYSTEM_SYSRULES_queryRecordType_v1"(
  recordType: #"urn:appian:record-type:v1:826d8fe7-5a45-4699-b6f9-3c87219188b1",
  fields: {},
  pagingInfo: #"SYSTEM_SYSRULES_pagingInfo"(
    startIndex: 1,
    batchSize: 1
  )
).data</a:value>
                    <a:nameRef>record</a:nameRef>
                    <a:id>1</a:id>
                </a:ruleInputTestConfigs>
                <a:assertions xmlns:xsi="http://www.w3.org/2001/XMLSchema-instance" xsi:nil="true"/>
            </el>
        </value>
    </typedValue>
    <history>
        <historyInfo versionUuid="c3722378-92f0-4899-8d46-c6a7203c6210"/>
        <historyInfo versionUuid="_a-0000ec41-475a-8000-9caa-011c48011c48_275102"/>
    </history>
</contentHaul>
