<?xml version="1.0" encoding="UTF-8" standalone="yes"?>
<contentHaul xmlns:a="http://www.appian.com/ae/types/2009">
    <versionUuid>_a-0000ec4e-764a-8000-9cac-011c48011c48_293065</versionUuid>
    <interface>
        <name>SA_Request360View</name>
        <uuid>69a1f493-7237-4680-a1e0-666410afa72c</uuid>
        <description>The interface used for your record view</description>
        <parentUuid>29340692-c7e4-416d-b9f2-435df57cdc04</parentUuid>
        <visibility>
            <advertise>false</advertise>
            <hierarchy>true</hierarchy>
            <indexable>true</indexable>
            <quota>false</quota>
            <searchable>true</searchable>
            <system>false</system>
            <unlogged>false</unlogged>
        </visibility>
        <definition>a!localVariables(
 local!amount:{},
  local!success,
  local!success1,
  local!visibleEverything: true(),
  local!Hidepayment: false(),
  local!status: a!defaultValue(
    ri!requestRecord[#"urn:appian:record-field:v1:e29ff48d-88a7-4b94-b317-2a3d3f8f9e4a/5d896fc6-4490-43da-b4f4-eb306a6e3cb4"],
    "–"
  ),
  {
    #"SYSTEM_SYSRULES_columnsLayout"(
      columns: {
        #"SYSTEM_SYSRULES_columnLayout"(
          contents: {
            #"SYSTEM_SYSRULES_sectionLayout_v1"(
              label: "Request",
              labelSize: "MEDIUM",
              labelHeadingTag: "H2",
              labelColor: "STANDARD",
              contents: {
                #"SYSTEM_SYSRULES_columnsLayout"(
                  columns: {
                    #"SYSTEM_SYSRULES_columnLayout"(
                      contents: {
                        #"SYSTEM_SYSRULES_textField"(
                          label: "Budget",
                          labelPosition: "JUSTIFIED",
                          value: a!defaultValue(
                            ri!requestRecord[#"urn:appian:record-field:v1:e29ff48d-88a7-4b94-b317-2a3d3f8f9e4a/3ac99b4f-ac7f-457d-a324-fdf312b35300"],
                            "–"
                          ),
                          readOnly: true
                        ),
                        #"SYSTEM_SYSRULES_textField"(
                          label: "User Comments",
                          labelPosition: "JUSTIFIED",
                          value: a!defaultValue(
                            ri!requestRecord[#"urn:appian:record-field:v1:e29ff48d-88a7-4b94-b317-2a3d3f8f9e4a/5407d62d-7e8b-4c11-9c4b-86c8a58ca007"],
                            "–"
                          ),
                          readOnly: true
                        ),
                        #"SYSTEM_SYSRULES_textField"(
                          label: "Status",
                          labelPosition: "JUSTIFIED",
                          value: local!status,
                          readOnly: true
                        ),
                        #"SYSTEM_SYSRULES_textField"(
                          label: "Source Type",
                          labelPosition: "JUSTIFIED",
                          value: a!defaultValue(
                            ri!requestRecord[#"urn:appian:record-field:v1:e29ff48d-88a7-4b94-b317-2a3d3f8f9e4a/cc07505a-baa5-43c8-b720-f12413639fce"],
                            "–"
                          ),
                          readOnly: true
                        ),
                        #"SYSTEM_SYSRULES_textField"(
                          label: "Created By",
                          labelPosition: "JUSTIFIED",
                          value: a!defaultValue(
                            ri!requestRecord[#"urn:appian:record-field:v1:e29ff48d-88a7-4b94-b317-2a3d3f8f9e4a/a19f4a1d-5dba-48cd-862c-ca336c136186"],
                            "–"
                          ),
                          readOnly: true
                        ),
                        #"SYSTEM_SYSRULES_textField"(
                          label: "Modified By",
                          labelPosition: "JUSTIFIED",
                          value: a!defaultValue(
                            ri!requestRecord[#"urn:appian:record-field:v1:e29ff48d-88a7-4b94-b317-2a3d3f8f9e4a/d3f0a4ea-875f-4ab8-ae2c-018c14e8a61e"],
                            "–"
                          ),
                          readOnly: true
                        ),
                        #"SYSTEM_SYSRULES_richTextDisplayField"(
                          label: "Is Active",
                          labelPosition: "JUSTIFIED",
                          value: if(
                            isnull(
                              ri!requestRecord[#"urn:appian:record-field:v1:e29ff48d-88a7-4b94-b317-2a3d3f8f9e4a/49786708-6ce1-44c5-a1ce-e537d808cead"]
                            ),
                            "–",
                            {
                              #"SYSTEM_SYSRULES_richTextIcon"(
                                icon: if(
                                  ri!requestRecord[#"urn:appian:record-field:v1:e29ff48d-88a7-4b94-b317-2a3d3f8f9e4a/49786708-6ce1-44c5-a1ce-e537d808cead"],
                                  "check-circle",
                                  "times-circle"
                                ),
                                color: if(
                                  ri!requestRecord[#"urn:appian:record-field:v1:e29ff48d-88a7-4b94-b317-2a3d3f8f9e4a/49786708-6ce1-44c5-a1ce-e537d808cead"],
                                  "POSITIVE",
                                  "NEGATIVE"
                                )
                              ),
                              if(
                                ri!requestRecord[#"urn:appian:record-field:v1:e29ff48d-88a7-4b94-b317-2a3d3f8f9e4a/49786708-6ce1-44c5-a1ce-e537d808cead"],
                                " Yes",
                                " No"
                              )
                            }
                          )
                        )
                      }
                    ),
                    #"SYSTEM_SYSRULES_columnLayout"(
                      contents: {
                        #"SYSTEM_SYSRULES_textField"(
                          label: "Customer Need",
                          labelPosition: "JUSTIFIED",
                          value: a!defaultValue(
                            ri!requestRecord[#"urn:appian:record-field:v1:e29ff48d-88a7-4b94-b317-2a3d3f8f9e4a/9503c12f-5408-4d44-8d15-f6f1530b81d9"],
                            "–"
                          ),
                          readOnly: true
                        ),
                        #"SYSTEM_SYSRULES_richTextDisplayField"(
                          label: "Timeline",
                          labelPosition: "JUSTIFIED",
                          value: if(
                            isnull(
                              ri!requestRecord[#"urn:appian:record-field:v1:e29ff48d-88a7-4b94-b317-2a3d3f8f9e4a/4faed056-b251-44ee-a8ad-b7ec36e911dd"]
                            ),
                            "–",
                            {
                              #"SYSTEM_SYSRULES_richTextIcon"(icon: "calendar", color: "SECONDARY"),
                              " ",
                              #"SYSTEM_SYSRULES_richTextItem_v1"(
                                text: text(
                                  ri!requestRecord[#"urn:appian:record-field:v1:e29ff48d-88a7-4b94-b317-2a3d3f8f9e4a/4faed056-b251-44ee-a8ad-b7ec36e911dd"],
                                  "mmmm d, yyyy"
                                )
                              )
                            }
                          )
                        ),
                        #"SYSTEM_SYSRULES_richTextDisplayField"(
                          label: "Qualify Lead",
                          labelPosition: "JUSTIFIED",
                          value: if(
                            isnull(
                              ri!requestRecord[#"urn:appian:record-field:v1:e29ff48d-88a7-4b94-b317-2a3d3f8f9e4a/0bec8d53-0f6d-4ad9-85eb-fb13af2fb09d"]
                            ),
                            "–",
                            {
                              #"SYSTEM_SYSRULES_richTextIcon"(
                                icon: if(
                                  ri!requestRecord[#"urn:appian:record-field:v1:e29ff48d-88a7-4b94-b317-2a3d3f8f9e4a/0bec8d53-0f6d-4ad9-85eb-fb13af2fb09d"],
                                  "check-circle",
                                  "times-circle"
                                ),
                                color: if(
                                  ri!requestRecord[#"urn:appian:record-field:v1:e29ff48d-88a7-4b94-b317-2a3d3f8f9e4a/0bec8d53-0f6d-4ad9-85eb-fb13af2fb09d"],
                                  "POSITIVE",
                                  "NEGATIVE"
                                )
                              ),
                              if(
                                ri!requestRecord[#"urn:appian:record-field:v1:e29ff48d-88a7-4b94-b317-2a3d3f8f9e4a/0bec8d53-0f6d-4ad9-85eb-fb13af2fb09d"],
                                " Yes",
                                " No"
                              )
                            }
                          )
                        ),
                        #"SYSTEM_SYSRULES_textField"(
                          label: "Assigned To",
                          labelPosition: "JUSTIFIED",
                          value: a!defaultValue(
                            ri!requestRecord[#"urn:appian:record-field:v1:e29ff48d-88a7-4b94-b317-2a3d3f8f9e4a/34ecb62a-df27-485a-9080-07712561de57"],
                            "–"
                          ),
                          readOnly: true
                        ),
                        #"SYSTEM_SYSRULES_textField"(
                          label: "Score",
                          labelPosition: "JUSTIFIED",
                          value: a!defaultValue(
                            ri!requestRecord[#"urn:appian:record-field:v1:e29ff48d-88a7-4b94-b317-2a3d3f8f9e4a/66ddebfc-bac9-4f5e-b984-4a850ffe1b45"],
                            "–"
                          ),
                          readOnly: true
                        ),
                        #"SYSTEM_SYSRULES_richTextDisplayField"(
                          label: "Created On",
                          labelPosition: "JUSTIFIED",
                          value: if(
                            isnull(
                              ri!requestRecord[#"urn:appian:record-field:v1:e29ff48d-88a7-4b94-b317-2a3d3f8f9e4a/efd67d88-f072-41c9-b384-24367a488e35"]
                            ),
                            "–",
                            {
                              #"SYSTEM_SYSRULES_richTextIcon"(icon: "calendar-o", color: "SECONDARY"),
                              " ",
                              #"SYSTEM_SYSRULES_richTextItem_v1"(
                                text: text(
                                  ri!requestRecord[#"urn:appian:record-field:v1:e29ff48d-88a7-4b94-b317-2a3d3f8f9e4a/efd67d88-f072-41c9-b384-24367a488e35"],
                                  "mmmm d, yyyy h:mm AM/PM"
                                )
                              )
                            }
                          )
                        ),
                        #"SYSTEM_SYSRULES_richTextDisplayField"(
                          label: "Modified On",
                          labelPosition: "JUSTIFIED",
                          value: if(
                            isnull(
                              ri!requestRecord[#"urn:appian:record-field:v1:e29ff48d-88a7-4b94-b317-2a3d3f8f9e4a/c2c75b11-0264-4216-8d21-a1679409b341"]
                            ),
                            "–",
                            {
                              #"SYSTEM_SYSRULES_richTextIcon"(icon: "calendar-o", color: "SECONDARY"),
                              " ",
                              #"SYSTEM_SYSRULES_richTextItem_v1"(
                                text: text(
                                  ri!requestRecord[#"urn:appian:record-field:v1:e29ff48d-88a7-4b94-b317-2a3d3f8f9e4a/c2c75b11-0264-4216-8d21-a1679409b341"],
                                  "mmmm d, yyyy h:mm AM/PM"
                                )
                              )
                            }
                          )
                        )
                      }
                    )
                  }
                )
              },
              divider: "ABOVE",
              marginAbove: "STANDARD",
              marginBelow: "MORE"
            ),
            /*"THE LEAD HAS BEEN DISQUALIFIED"*/
            #"SYSTEM_SYSRULES_sectionLayout_v1"(
              label: "",
              contents: {
                #"SYSTEM_SYSRULES_cardLayout"(
                  contents: #"SYSTEM_SYSRULES_richTextDisplayField"(
                    value: #"SYSTEM_SYSRULES_richTextItem_v1"(
                      text: "THE LEAD HAS BEEN DISQUALIFIED",
                      color: "#ff0000",
                      size: "LARGE",
                      style: "STRONG"
                    ),
                    align: "CENTER"
                  ),
                  showWhen: or(ri!requestRecord[#"urn:appian:record-field:v1:e29ff48d-88a7-4b94-b317-2a3d3f8f9e4a/5d896fc6-4490-43da-b4f4-eb306a6e3cb4"] = "Resolved Rejected", local!status = "Resolved Rejected"),
                  showBorder: false,
                  showShadow: false
                )
              }
            ),
            /*"DOCU SIGN"*/
            #"SYSTEM_SYSRULES_cardLayout"(
              contents: {
                #"SYSTEM_SYSRULES_columnsLayout"(
                  columns: {
                    #"SYSTEM_SYSRULES_columnLayout"(
                      contents: {
                        #"SYSTEM_SYSRULES_imageField_v1"(
                          label: "",
                          labelPosition: "ABOVE",
                          images: {
                            #"SYSTEM_SYSRULES_documentImage"(document: #"_a-0000ec41-475a-8000-9caa-011c48011c48_277348")
                          },
                          size: "MEDIUM_PLUS",
                          isThumbnail: false,
                          style: "STANDARD",
                          align: "CENTER"
                        )
                      }
                    ),
                    #"SYSTEM_SYSRULES_columnLayout"(
                      contents: {
                        #"SYSTEM_SYSRULES_richTextDisplayField"(
                          labelPosition: "COLLAPSED",
                          value: {
                            #"SYSTEM_SYSRULES_richTextItem_v1"(
                              text: { "Seal the Deal: Your Project Awaits!" },
                              color: "#008080",
                              size: "LARGE",
                              style: { "STRONG" }
                            ),
                            char(10),
                            char(10),
                            #"SYSTEM_SYSRULES_richTextItem_v1"(
                              text: {
                                "Enter your agreed amount, let's bring your vision to life."
                              },
                              size: "MEDIUM",
                              style: { "STRONG" }
                            )
                          },
                          align: "LEFT",
                          marginAbove: "STANDARD"
                        ),
                        #"SYSTEM_SYSRULES_integerField"(
                          label: "Payable Amount",
                          labelPosition: "JUSTIFIED",
                          value: ri!requestRecord[#"urn:appian:record-field:v1:e29ff48d-88a7-4b94-b317-2a3d3f8f9e4a/3ac99b4f-ac7f-457d-a324-fdf312b35300"],
                          saveInto:ri!requestRecord[#"urn:appian:record-field:v1:e29ff48d-88a7-4b94-b317-2a3d3f8f9e4a/3ac99b4f-ac7f-457d-a324-fdf312b35300"],
                          refreshAfter: "UNFOCUS",
                          validations: {},
                          align: "LEFT",
                          readOnly: true()
                        ),
                        #"SYSTEM_SYSRULES_ButtonArrayLayout"(
                          buttons: {
                            #"SYSTEM_SYSRULES_buttonWidget_v1"(
                              label: "Send Contract for Signature",
                              loadingIndicator: true(),
                              icon: "file-export",
                              saveinto: {
                                a!save(
                                  target: ri!InvoiceRecord[#"urn:appian:record-field:v1:fb2b67b4-e555-44a1-b8e3-3f72ad1aec5b/a22bbea4-b029-49dd-af9d-601292925708"],
                                  value: ri!requestRecord[#"urn:appian:record-field:v1:e29ff48d-88a7-4b94-b317-2a3d3f8f9e4a/0d8ee8a8-99f4-4cf1-9d88-8b16171934da"]
                                ),a!save(ri!InvoiceRecord[#"urn:appian:record-field:v1:fb2b67b4-e555-44a1-b8e3-3f72ad1aec5b/31369e45-2166-4cfe-894e-b9ebfe57f4d6"],ri!requestRecord[#"urn:appian:record-field:v1:e29ff48d-88a7-4b94-b317-2a3d3f8f9e4a/3ac99b4f-ac7f-457d-a324-fdf312b35300"]),
                                /*a!writeRecords(*/
                                /*records: ri!InvoiceRecord*/
                                /*),*/
                                #"SYSTEM_SYSRULES_startProcess"(
                                  processModel: #"_a-0000ec41-475a-8000-9caa-011c48011c48_277397",
                                  processParameters: {
                                    requestRecord: ri!requestRecord,
                                    InvoiceRecord: #"urn:appian:record-type:v1:fb2b67b4-e555-44a1-b8e3-3f72ad1aec5b"(
                                      #"urn:appian:record-field:v1:fb2b67b4-e555-44a1-b8e3-3f72ad1aec5b/31369e45-2166-4cfe-894e-b9ebfe57f4d6":ri!InvoiceRecord[#"urn:appian:record-field:v1:fb2b67b4-e555-44a1-b8e3-3f72ad1aec5b/31369e45-2166-4cfe-894e-b9ebfe57f4d6"],
                                      #"urn:appian:record-field:v1:fb2b67b4-e555-44a1-b8e3-3f72ad1aec5b/a22bbea4-b029-49dd-af9d-601292925708": ri!requestRecord[#"urn:appian:record-field:v1:e29ff48d-88a7-4b94-b317-2a3d3f8f9e4a/0d8ee8a8-99f4-4cf1-9d88-8b16171934da"]
                                    )
                                  },
                                  onSuccess: a!save(local!success, fv!processInfo)
                                )
                              },
                              submit: true(),
                              width: "FILL",
                              style: "SOLID",
                              color: "#008080"
                            )
                          },
                          align: "START",
                          marginAbove: "STANDARD",
                          marginBelow: "LESS"
                        )
                      }
                    ),
                    #"SYSTEM_SYSRULES_columnLayout"(contents: {})
                  },
                  alignVertical: "MIDDLE"
                )
              },
              height: "AUTO",
              showWhen: and(
                a!isNullOrEmpty(local!success),
                #"urn:appian:function:v1:a:isusermemberofgroup?okey=a!isUserMemberOfGroup"(
                  loggedInUser(),
                  #"_a-0000ec41-475a-8000-9caa-011c48011c48_281614"
                ),
                ri!requestRecord[#"urn:appian:record-field:v1:e29ff48d-88a7-4b94-b317-2a3d3f8f9e4a/5d896fc6-4490-43da-b4f4-eb306a6e3cb4"] = "Negotiation Successful"
              ),
              /*showWhen: ri!requestRecord['recordType!{e29ff48d-88a7-4b94-b317-2a3d3f8f9e4a}SA Request.fields.{5d896fc6-4490-43da-b4f4-eb306a6e3cb4}status']="Negotiation Successful",*/
              style: "#f7fff7",
              marginBelow: "STANDARD"
            ),
            #"SYSTEM_SYSRULES_cardLayout"(
              contents: {
                #"SYSTEM_SYSRULES_columnsLayout"(
                  columns: {
                    #"SYSTEM_SYSRULES_columnLayout"(
                      contents: {
                        #"SYSTEM_SYSRULES_imageField_v1"(
                          label: "",
                          labelPosition: "ABOVE",
                          images: {
                            #"SYSTEM_SYSRULES_documentImage"(document: #"_a-0000ec41-475a-8000-9caa-011c48011c48_279907")
                          },
                          size: "MEDIUM_PLUS",
                          isThumbnail: false,
                          style: "STANDARD",
                          align: "CENTER"
                        )
                      }
                    ),
                    #"SYSTEM_SYSRULES_columnLayout"(
                      contents: {
                        #"SYSTEM_SYSRULES_richTextDisplayField"(
                          labelPosition: "COLLAPSED",
                          value: {
                            #"SYSTEM_SYSRULES_richTextItem_v1"(
                              text: { "Contract Verification and Next Steps" },
                              color: "#008080",
                              size: "LARGE",
                              style: { "STRONG" }
                            ),
                            char(10),
                            char(10),
                            #"SYSTEM_SYSRULES_richTextItem_v1"(
                              text: {
                                "Verify the contract status by Contract ID. Once the contract is signed, Proceed to payment process"
                              },
                              size: "MEDIUM",
                              style: { "STRONG" }
                            )
                          },
                          align: "LEFT",
                          marginAbove: "STANDARD"
                        ),
                        #"SYSTEM_SYSRULES_sideBySideLayout"(
                          items: {
                            #"SYSTEM_SYSRULES_sideBySideItem"(
                              item: #"SYSTEM_SYSRULES_richTextDisplayField"(
                                labelPosition: "COLLAPSED",
                                value: {
                                  #"SYSTEM_SYSRULES_richTextItem_v1"(
                                    text: {
                                      #"SYSTEM_SYSRULES_richTextIcon"(icon: "grip-vertical"),
                                      " ",
                                      #"SYSTEM_SYSRULES_richTextItem_v1"(text: { "Contract ID" }, style: { "STRONG" })
                                    },
                                    color: "#008080",
                                    size: "MEDIUM"
                                  )
                                },
                                preventWrapping: false,
                                align: "LEFT"
                              ),
                              width: "MINIMIZE"
                            ),
                            #"SYSTEM_SYSRULES_sideBySideItem"(
                              item: #"SYSTEM_SYSRULES_textField"(
                                label: "",
                                labelPosition: "JUSTIFIED",
                                value: local!success.pv.ContractID,
                                saveInto: local!success.pv.ContractID,
                                refreshAfter: "UNFOCUS",
                                readOnly: true,
                                validations: {},
                                align: "LEFT"
                              )
                            )
                          },
                          spacing: "DENSE"
                        ),
                        #"SYSTEM_SYSRULES_sideBySideLayout"(
                          items: {
                            #"SYSTEM_SYSRULES_sideBySideItem"(
                              item: #"SYSTEM_SYSRULES_richTextDisplayField"(
                                labelPosition: "COLLAPSED",
                                value: {
                                  #"SYSTEM_SYSRULES_richTextItem_v1"(
                                    text: {
                                      #"SYSTEM_SYSRULES_richTextIcon"(icon: "angle-double-right-bold"),
                                      " ",
                                      #"SYSTEM_SYSRULES_richTextItem_v1"(text: { "Status" }, style: { "STRONG" })
                                    },
                                    color: "#008080",
                                    size: "MEDIUM"
                                  )
                                },
                                preventWrapping: false,
                                align: "LEFT"
                              ),
                              width: "MINIMIZE"
                            ),
                            #"SYSTEM_SYSRULES_sideBySideItem"(
                              item: #"SYSTEM_SYSRULES_textField"(
                                label: "",
                                labelPosition: "JUSTIFIED",
                                value:if(
                                  a!isNullOrEmpty(local!success1),
                                  local!success.pv.status,
                                  local!success1.pv.status
                                ) ,
                                saveInto: if(
                                  a!isNullOrEmpty(local!success1),
                                  local!success.pv.status,
                                  local!success1.pv.status
                                ),
                                refreshAfter: "UNFOCUS",
                                readOnly: true,
                                validations: {},
                                align: "LEFT"
                              )
                            )
                          },
                          spacing: "DENSE"
                        ),
                        #"SYSTEM_SYSRULES_columnsLayout"(
                          columns: {
                            #"SYSTEM_SYSRULES_columnLayout"(
                              contents: {
                                #"SYSTEM_SYSRULES_ButtonArrayLayout"(
                                  buttons: {
                                    #"SYSTEM_SYSRULES_buttonWidget_v1"(
                                      label: "Verify Contract Status ",
                                      icon: "refresh",
                                      iconPosition: "START",
                                      saveinto: {
                                        a!save(
                                          target: ri!InvoiceRecord[#"urn:appian:record-field:v1:fb2b67b4-e555-44a1-b8e3-3f72ad1aec5b/a22bbea4-b029-49dd-af9d-601292925708"],
                                          value: ri!requestRecord[#"urn:appian:record-field:v1:e29ff48d-88a7-4b94-b317-2a3d3f8f9e4a/0d8ee8a8-99f4-4cf1-9d88-8b16171934da"]
                                        ),
                                        #"SYSTEM_SYSRULES_startProcess"(
                                          processModel: #"_a-0000ec41-475a-8000-9caa-011c48011c48_279332",
                                          processParameters: {
                                            EnevelopeID: local!success.pv.ContractID
                                          },
                                          onSuccess: a!save(local!success1, fv!processInfo)
                                        )
                                      },
                                      submit: true(),
                                      style: "OUTLINE",
                                      color: "#008080"
                                    )
                                  },
                                  align: "START",
                                  marginAbove: "STANDARD"
                                )
                              }
                            ),
                            #"SYSTEM_SYSRULES_columnLayout"(contents: {}),
                            #"SYSTEM_SYSRULES_columnLayout"(
                              contents: {
                                #"SYSTEM_SYSRULES_ButtonArrayLayout"(
                                  buttons: {
                                    #"SYSTEM_SYSRULES_buttonWidget_v1"(
                                      label: "Proceed To Payment ",
                                      loadingIndicator: true(),
                                      icon: "hand-holding-usd",
                                      iconPosition: "START",
                                      saveinto: {
                                        a!save(
                                          target: ri!InvoiceRecord[#"urn:appian:record-field:v1:fb2b67b4-e555-44a1-b8e3-3f72ad1aec5b/a22bbea4-b029-49dd-af9d-601292925708"],
                                          value: ri!requestRecord[#"urn:appian:record-field:v1:e29ff48d-88a7-4b94-b317-2a3d3f8f9e4a/0d8ee8a8-99f4-4cf1-9d88-8b16171934da"]
                                        ),
                                        #"SYSTEM_SYSRULES_startProcess"(
                                          processModel: #"_a-0000ec41-475a-8000-9caa-011c48011c48_280136",
                                          processParameters: { request: ri!requestRecord ,invoice:ri!InvoiceRecord}
                                        ),
                                        a!save(local!Hidepayment, true())
                                      },
                                      submit: true(),
                                      style: "SOLID",
                                      color: "#008080"/*disabled: local!Hidepayment = true(),*/
                                      
                                    )
                                  },
                                  align: "START"
                                )
                              },
                              width: "AUTO"
                            )
                          },
                          alignVertical: "MIDDLE"
                        )
                      }
                    )
                  },
                  alignVertical: "MIDDLE",
                  marginAbove: "STANDARD",
                  marginBelow: "STANDARD"
                )
              },
              height: "AUTO",
              showWhen: local!success.pv.status = "sent",
              /*showWhen: ri!requestRecord['recordType!{e29ff48d-88a7-4b94-b317-2a3d3f8f9e4a}SA Request.fields.{5d896fc6-4490-43da-b4f4-eb306a6e3cb4}status']="Negotiation Successful",*/
              style: "#f7fff7",
              marginBelow: "STANDARD"
            ),
            /*"Lead Details"*/
            #"SYSTEM_SYSRULES_sectionLayout_v1"(
              label: "",
              contents: {
                #"SYSTEM_SYSRULES_sectionLayout_v1"(
                  label: "",
                  contents: {
                    #"_a-0000ec34-17d1-8000-9ca8-011c48011c48_275019"(requestRecord: ri!requestRecord),
                  },
                  showWhen: and(local!status &lt;&gt;"Resolved Rejected", ri!requestRecord[#"urn:appian:record-field:v1:e29ff48d-88a7-4b94-b317-2a3d3f8f9e4a/5d896fc6-4490-43da-b4f4-eb306a6e3cb4"] &lt;&gt; "Resolved Rejected"),
                ),
                #"SYSTEM_SYSRULES_columnsLayout"(
                  columns: {
                    #"SYSTEM_SYSRULES_columnLayout"(
                      contents: #"SYSTEM_SYSRULES_ButtonArrayLayout"(
                        buttons: {
                          #"SYSTEM_SYSRULES_buttonWidget_v1"(
                            label: "Disqualify Lead",
                            saveInto: {
                              a!save(local!visibleEverything, false()),
                              a!save(local!status, "Resolved Rejected"),
                              #"SYSTEM_SYSRULES_startProcess"(
                                processModel: #"_a-0000ec4e-764a-8000-9cac-011c48011c48_286726",
                                processParameters: { requestRecord: ri!requestRecord }
                              )
                            },
                            submit: true(),
                            style: "GHOST",
                            color: "#F32013",
                            showWhen: local!visibleEverything,
                            confirmHeader: "Disqualify",
                            confirmMessage: "Are you sure you want to disqualify this lead?",
                            confirmButtonLabel: "Yes",
                            cancelButtonLabel: "No"
                          )
                        },
                        align: "START",
                        marginBelow: "NONE"
                      ),
                      showWhen: and(local!status &lt;&gt;"Resolved Rejected", ri!requestRecord[#"urn:appian:record-field:v1:e29ff48d-88a7-4b94-b317-2a3d3f8f9e4a/5d896fc6-4490-43da-b4f4-eb306a6e3cb4"] &lt;&gt; "Resolved Rejected")
                    ),
                    #"SYSTEM_SYSRULES_columnLayout"(
                      contents: #"SYSTEM_SYSRULES_cardLayout"(
                        contents: #"SYSTEM_SYSRULES_richTextDisplayField"(
                          value: #"SYSTEM_SYSRULES_richTextItem_v1"(
                            text: "CONVERT LEAD TO OPPORTUNITY",
                            color: "#008080",
                            size: "STANDARD",
                            style: "STRONG"
                          ),
                          align: "CENTER"
                        ),
                        link: #"SYSTEM_SYSRULES_startProcessLink"(
                          processModel: #"_a-0000ec4e-764a-8000-9cac-011c48011c48_284015",
                          processParameters: { requestRecord: ri!requestRecord },
                          bannerMessage: "The lead has successfully been converted into an opportunity"
                        ),
                        showWhen: and(ri!requestRecord[#"urn:appian:record-field:v1:e29ff48d-88a7-4b94-b317-2a3d3f8f9e4a/5d896fc6-4490-43da-b4f4-eb306a6e3cb4"] &lt;&gt; "Resolved Rejected",ri!requestRecord[#"urn:appian:record-field:v1:e29ff48d-88a7-4b94-b317-2a3d3f8f9e4a/66ddebfc-bac9-4f5e-b984-4a850ffe1b45"] &lt; 70),
                        showShadow: true()
                      )
                    )
                  }
                )
              },
              showWhen: #"urn:appian:function:v1:a:isusermemberofgroup?okey=a!isUserMemberOfGroup"(
                  loggedInUser(),
                  #"_a-0000ec41-475a-8000-9caa-011c48011c48_281614"
                )
            ),
            #"SYSTEM_SYSRULES_sectionLayout_v1"(
              label: "Activity",
              labelSize: "MEDIUM",
              labelHeadingTag: "H2",
              labelColor: "STANDARD",
              contents: {
                #"SYSTEM_SYSRULES_gridField_v2"(
                  label: "",
                  labelPosition: "ABOVE",
                  data: #"SYSTEM_SYSRULES_recordData"(
                    recordType: #"urn:appian:record-type:v1:3390fdfd-354c-4c45-8f06-a0e63d262086",
                    filters: #"SYSTEM_SYSRULES_queryLogicalExpression"(
                      operator: "AND",
                      filters: {
                        #"SYSTEM_SYSRULES_queryFilter"(
                          field: #"urn:appian:record-field:v1:3390fdfd-354c-4c45-8f06-a0e63d262086/a073e862-1bf2-464c-a54d-de37377cecca",
                          operator: "=",
                          value: ri!requestRecord[#"urn:appian:record-field:v1:e29ff48d-88a7-4b94-b317-2a3d3f8f9e4a/0d8ee8a8-99f4-4cf1-9d88-8b16171934da"]
                        )
                      },
                      ignoreFiltersWithEmptyValues: true
                    )
                  ),
                  columns: {
                    #"SYSTEM_SYSRULES_gridColumn"(
                      label: "Actvity ID",
                      value: #"SYSTEM_SYSRULES_linkField"(
                        links: {
                          #"SYSTEM_SYSRULES_recordLink"(
                            label: fv!row[#"urn:appian:record-field:v1:3390fdfd-354c-4c45-8f06-a0e63d262086/5ac92a98-f9a0-481a-b594-29961fc15398"],
                            recordType: #"urn:appian:record-type:v1:3390fdfd-354c-4c45-8f06-a0e63d262086",
                            identifier: fv!identifier
                          )
                        }
                      )
                    ),
                    #"SYSTEM_SYSRULES_gridColumn"(
                      label: "Subject",
                      sortField: #"urn:appian:record-field:v1:3390fdfd-354c-4c45-8f06-a0e63d262086/8ed07354-ecb4-4fe3-a0d0-4373cb0ed6a1",
                      value: fv!row[#"urn:appian:record-field:v1:3390fdfd-354c-4c45-8f06-a0e63d262086/8ed07354-ecb4-4fe3-a0d0-4373cb0ed6a1"]
                    ),
                    #"SYSTEM_SYSRULES_gridColumn"(
                      label: "Communication Type",
                      sortField: #"urn:appian:record-field:v1:3390fdfd-354c-4c45-8f06-a0e63d262086/f7b2cd32-8dba-456d-a6a9-ce6407a63096",
                      value: fv!row[#"urn:appian:record-field:v1:3390fdfd-354c-4c45-8f06-a0e63d262086/f7b2cd32-8dba-456d-a6a9-ce6407a63096"]
                    ),
                    #"SYSTEM_SYSRULES_gridColumn"(
                      label: "Appointment",
                      sortField: #"urn:appian:record-field:v1:3390fdfd-354c-4c45-8f06-a0e63d262086/5aaaa892-ecc0-4cc2-843c-2c8013027006",
                      value: if(
                        isnull(
                          fv!row[#"urn:appian:record-field:v1:3390fdfd-354c-4c45-8f06-a0e63d262086/5aaaa892-ecc0-4cc2-843c-2c8013027006"]
                        ),
                        fv!row[#"urn:appian:record-field:v1:3390fdfd-354c-4c45-8f06-a0e63d262086/5aaaa892-ecc0-4cc2-843c-2c8013027006"],
                        datetext(
                          fv!row[#"urn:appian:record-field:v1:3390fdfd-354c-4c45-8f06-a0e63d262086/5aaaa892-ecc0-4cc2-843c-2c8013027006"],
                          "default"
                        )
                      ),
                      align: "END"
                    )
                  },
                  validations: {},
                  refreshAfter: "RECORD_ACTION",
                  showSearchBox: true,
                  showRefreshButton: true,
                  recordActions: {}
                )
              },
              showWhen: and(
                #"urn:appian:function:v1:a:isusermemberofgroup?okey=a!isUserMemberOfGroup"(
                  loggedInUser(),
                  #"_a-0000ec41-475a-8000-9caa-011c48011c48_281614"
                ),
                not(local!status = "Resolved Rejected")
              ),
              marginAbove: "STANDARD",
              marginBelow: "MORE"
            )
          }
        )
      },
      spacing: "SPARSE",
      showDividers: true()
    )
  }
)</definition>
        <namedTypedValue>
            <name>requestRecord</name>
            <type>
                <name>e29ff48d-88a7-4b94-b317-2a3d3f8f9e4a</name>
                <namespace>urn:com:appian:recordtype:datatype</namespace>
            </type>
        </namedTypedValue>
        <namedTypedValue>
            <name>InvoiceRecord</name>
            <type>
                <name>fb2b67b4-e555-44a1-b8e3-3f72ad1aec5b</name>
                <namespace>urn:com:appian:recordtype:datatype</namespace>
            </type>
        </namedTypedValue>
        <preferredEditor>interface</preferredEditor>
        <offlineEnabled>false</offlineEnabled>
        <isCustom>false</isCustom>
    </interface>
    <roleMap public="true">
        <role inherit="true" allowForAll="false" name="readers">
            <users/>
            <groups/>
        </role>
        <role inherit="true" allowForAll="false" name="authors">
            <users/>
            <groups/>
        </role>
        <role inherit="true" allowForAll="false" name="administrators">
            <users/>
            <groups/>
        </role>
        <role inherit="false" allowForAll="false" name="denyReaders">
            <users/>
            <groups/>
        </role>
        <role inherit="false" allowForAll="false" name="denyAuthors">
            <users/>
            <groups/>
        </role>
        <role inherit="false" allowForAll="false" name="denyAdministrators">
            <users/>
            <groups/>
        </role>
    </roleMap>
    <typedValue>
        <type>
            <name>RuleTestConfig?list</name>
            <namespace>http://www.appian.com/ae/types/2009</namespace>
        </type>
        <value>
            <el>
                <a:name/>
                <a:ruleInputTestConfigs>
                    <a:value xmlns:xsi="http://www.w3.org/2001/XMLSchema-instance" xsi:type="a:Expression">#"SYSTEM_SYSRULES_queryRecordType_v1"(
  recordType: #"urn:appian:record-type:v1:e29ff48d-88a7-4b94-b317-2a3d3f8f9e4a",
  fields: {},
  pagingInfo: #"SYSTEM_SYSRULES_pagingInfo"(
    startIndex: 1,
    batchSize: 1
  )
).data</a:value>
                    <a:nameRef>requestRecord</a:nameRef>
                    <a:id>1</a:id>
                </a:ruleInputTestConfigs>
                <a:ruleInputTestConfigs>
                    <a:value xmlns:xsi="http://www.w3.org/2001/XMLSchema-instance" xsi:type="a:Expression">null</a:value>
                    <a:nameRef>InvoiceRecord</a:nameRef>
                    <a:id>2</a:id>
                </a:ruleInputTestConfigs>
                <a:assertions xmlns:xsi="http://www.w3.org/2001/XMLSchema-instance" xsi:nil="true"/>
            </el>
        </value>
    </typedValue>
    <history>
        <historyInfo versionUuid="15d90d19-6356-4deb-8810-ad5061978f04"/>
        <historyInfo versionUuid="_a-0000ec4e-764a-8000-9cac-011c48011c48_293065"/>
    </history>
</contentHaul>
