<?xml version="1.0" encoding="UTF-8" standalone="yes"?>
<contentHaul xmlns:a="http://www.appian.com/ae/types/2009">
    <versionUuid>_a-0000ec4e-764a-8000-9cac-011c48011c48_290225</versionUuid>
    <interface>
        <name>SA_ActivityRelatedTasks</name>
        <uuid>864bc90a-3f6c-4daf-a61b-ae8f00c5ab47</uuid>
        <description>The interface used for your record view</description>
        <parentUuid>29340692-c7e4-416d-b9f2-435df57cdc04</parentUuid>
        <visibility>
            <advertise>false</advertise>
            <hierarchy>true</hierarchy>
            <indexable>true</indexable>
            <quota>false</quota>
            <searchable>true</searchable>
            <system>false</system>
            <unlogged>false</unlogged>
        </visibility>
        <definition>{
  #"SYSTEM_SYSRULES_columnsLayout"(
    columns: {
      #"SYSTEM_SYSRULES_columnLayout"(
        contents: {
          #"SYSTEM_SYSRULES_sectionLayout_v1"(
            label: "Activity",
            labelSize: "MEDIUM",
            labelHeadingTag: "H2",
            labelColor: "STANDARD",
            contents: {
              #"SYSTEM_SYSRULES_columnsLayout"(
                columns: {
                  #"SYSTEM_SYSRULES_columnLayout"(
                    contents: {
                      #"SYSTEM_SYSRULES_textField"(
                        label: "Interaction Outcome",
                        labelPosition: "JUSTIFIED",
                        value: a!defaultValue(
                          ri!record[#"urn:appian:record-field:v1:3390fdfd-354c-4c45-8f06-a0e63d262086/a4d8e977-66d0-439d-926a-871b068228f3"],
                          "–"
                        ),
                        readOnly: true
                      ),
                      #"SYSTEM_SYSRULES_richTextDisplayField"(
                        label: "Appointment",
                        labelPosition: "JUSTIFIED",
                        value: if(
                          isnull(
                            ri!record[#"urn:appian:record-field:v1:3390fdfd-354c-4c45-8f06-a0e63d262086/5aaaa892-ecc0-4cc2-843c-2c8013027006"]
                          ),
                          "–",
                          {
                            #"SYSTEM_SYSRULES_richTextIcon"(
                              icon: "calendar-o",
                              color: "SECONDARY"
                            ),
                            " ",
                            #"SYSTEM_SYSRULES_richTextItem_v1"(
                              text: text(
                                ri!record[#"urn:appian:record-field:v1:3390fdfd-354c-4c45-8f06-a0e63d262086/5aaaa892-ecc0-4cc2-843c-2c8013027006"],
                                "mmmm d, yyyy h:mm AM/PM"
                              )
                            )
                          }
                        )
                      )
                    }
                  ),
                  #"SYSTEM_SYSRULES_columnLayout"(
                    contents: {
                      #"SYSTEM_SYSRULES_textField"(
                        label: "Subject",
                        labelPosition: "JUSTIFIED",
                        value: a!defaultValue(
                          ri!record[#"urn:appian:record-field:v1:3390fdfd-354c-4c45-8f06-a0e63d262086/8ed07354-ecb4-4fe3-a0d0-4373cb0ed6a1"],
                          "–"
                        ),
                        readOnly: true
                      ),
                      #"SYSTEM_SYSRULES_textField"(
                        label: "Communication Type",
                        labelPosition: "JUSTIFIED",
                        value: a!defaultValue(
                          ri!record[#"urn:appian:record-field:v1:3390fdfd-354c-4c45-8f06-a0e63d262086/f7b2cd32-8dba-456d-a6a9-ce6407a63096"],
                          "–"
                        ),
                        readOnly: true
                      )
                    }
                  )
                }
              )
            },
            divider: "ABOVE",
            marginAbove: "STANDARD",
            marginBelow: "MORE"
          ),
          #"SYSTEM_SYSRULES_sectionLayout_v1"(
            label: "Task Details",
            labelSize: "MEDIUM",
            labelHeadingTag: "H2",
            labelColor: "STANDARD",
            contents: {
              #"SYSTEM_SYSRULES_gridField_v1"(
                data: #"SYSTEM_SYSRULES_recordData"(
                  recordType: #"urn:appian:record-type:v1:b759976b-2457-4ac2-8fa2-c68e6a797d71",
                  filters: #"SYSTEM_SYSRULES_queryLogicalExpression"(
                    operator: "AND",
                    filters: {
                      #"SYSTEM_SYSRULES_queryFilter"(
                        field: #"urn:appian:record-field:v1:b759976b-2457-4ac2-8fa2-c68e6a797d71/4d5e4e2d-b471-4b7d-beb8-b9debc62cdab",
                        operator: "=",
                        value: ri!record[#"urn:appian:record-field:v1:3390fdfd-354c-4c45-8f06-a0e63d262086/5ac92a98-f9a0-481a-b594-29961fc15398"]
                      )
                    },
                    ignoreFiltersWithEmptyValues: true
                  )
                ),
                columns: {
                  #"SYSTEM_SYSRULES_gridColumn"(
                    label: "Task Id",
                    sortField: #"urn:appian:record-field:v1:b759976b-2457-4ac2-8fa2-c68e6a797d71/12ef1026-40a9-4267-8781-7ef9e56234cc",
                    value: fv!row[#"urn:appian:record-field:v1:b759976b-2457-4ac2-8fa2-c68e6a797d71/12ef1026-40a9-4267-8781-7ef9e56234cc"],
                    align: "END"
                  ),
                  #"SYSTEM_SYSRULES_gridColumn"(
                    label: "Title",
                    sortField: #"urn:appian:record-field:v1:b759976b-2457-4ac2-8fa2-c68e6a797d71/ac0a22f5-4ed1-4269-be63-939a1281f594",
                    value: #"SYSTEM_SYSRULES_linkField"(
                      links: {
                        #"SYSTEM_SYSRULES_recordLink"(
                          label: fv!row[#"urn:appian:record-field:v1:b759976b-2457-4ac2-8fa2-c68e6a797d71/ac0a22f5-4ed1-4269-be63-939a1281f594"],
                          recordType: #"urn:appian:record-type:v1:b759976b-2457-4ac2-8fa2-c68e6a797d71",
                          identifier: fv!identifier
                        )
                      }
                    )
                  ),
                  #"SYSTEM_SYSRULES_gridColumn"(
                    label: "Description",
                    sortField: #"urn:appian:record-field:v1:b759976b-2457-4ac2-8fa2-c68e6a797d71/15770a0f-462d-468d-86bd-26d5ba343adf",
                    value: fv!row[#"urn:appian:record-field:v1:b759976b-2457-4ac2-8fa2-c68e6a797d71/15770a0f-462d-468d-86bd-26d5ba343adf"]
                  ),
                  #"SYSTEM_SYSRULES_gridColumn"(
                    label: "Due Date",
                    sortField: #"urn:appian:record-field:v1:b759976b-2457-4ac2-8fa2-c68e6a797d71/4195bb8a-41c4-494a-af4b-e8ed876f94a1",
                    value: fv!row[#"urn:appian:record-field:v1:b759976b-2457-4ac2-8fa2-c68e6a797d71/4195bb8a-41c4-494a-af4b-e8ed876f94a1"],
                    align: "START"
                  ),
                  #"SYSTEM_SYSRULES_gridColumn"(
                    label: "Completion Date",
                    sortField: #"urn:appian:record-field:v1:b759976b-2457-4ac2-8fa2-c68e6a797d71/c295f53d-e310-4a43-ac9b-9e8ec74331fd",
                    value: if(
                    isnull(fv!row[#"urn:appian:record-field:v1:b759976b-2457-4ac2-8fa2-c68e6a797d71/c295f53d-e310-4a43-ac9b-9e8ec74331fd"]),
                    fv!row[#"urn:appian:record-field:v1:b759976b-2457-4ac2-8fa2-c68e6a797d71/c295f53d-e310-4a43-ac9b-9e8ec74331fd"],
                    datetext(fv!row[#"urn:appian:record-field:v1:b759976b-2457-4ac2-8fa2-c68e6a797d71/c295f53d-e310-4a43-ac9b-9e8ec74331fd"], "default")
                    ),
                    align: "END"
                  )
                },
                pageSize: 5,
                rowHeader: 1,
                showSearchBox: false,
                showRefreshButton: false
              )
            },
            marginAbove: "STANDARD",
            marginBelow: "MORE"
          )
        }
      )
    },
    spacing: "SPARSE",
    showDividers: true
  )
}</definition>
        <namedTypedValue>
            <name>record</name>
            <type>
                <name>3390fdfd-354c-4c45-8f06-a0e63d262086</name>
                <namespace>urn:com:appian:recordtype:datatype</namespace>
            </type>
        </namedTypedValue>
        <preferredEditor>interface</preferredEditor>
        <offlineEnabled>false</offlineEnabled>
        <isCustom>false</isCustom>
    </interface>
    <roleMap public="true">
        <role inherit="true" allowForAll="false" name="readers">
            <users/>
            <groups/>
        </role>
        <role inherit="true" allowForAll="false" name="authors">
            <users/>
            <groups/>
        </role>
        <role inherit="true" allowForAll="false" name="administrators">
            <users/>
            <groups/>
        </role>
        <role inherit="false" allowForAll="false" name="denyReaders">
            <users/>
            <groups/>
        </role>
        <role inherit="false" allowForAll="false" name="denyAuthors">
            <users/>
            <groups/>
        </role>
        <role inherit="false" allowForAll="false" name="denyAdministrators">
            <users/>
            <groups/>
        </role>
    </roleMap>
    <typedValue>
        <type>
            <name>RuleTestConfig?list</name>
            <namespace>http://www.appian.com/ae/types/2009</namespace>
        </type>
        <value>
            <el>
                <a:name/>
                <a:ruleInputTestConfigs>
                    <a:value xmlns:xsi="http://www.w3.org/2001/XMLSchema-instance" xsi:type="a:Expression">#"SYSTEM_SYSRULES_queryRecordType_v1"(
  recordType: #"urn:appian:record-type:v1:3390fdfd-354c-4c45-8f06-a0e63d262086",
  fields: {},
  pagingInfo: #"SYSTEM_SYSRULES_pagingInfo"(
    startIndex: 1,
    batchSize: 1
  )
).data</a:value>
                    <a:nameRef>record</a:nameRef>
                    <a:id>1</a:id>
                </a:ruleInputTestConfigs>
                <a:assertions xmlns:xsi="http://www.w3.org/2001/XMLSchema-instance" xsi:nil="true"/>
            </el>
        </value>
    </typedValue>
    <history>
        <historyInfo versionUuid="910e40bf-10fb-49e5-a20d-58fce3983d53"/>
        <historyInfo versionUuid="_a-0000ec4e-764a-8000-9cac-011c48011c48_290225"/>
    </history>
</contentHaul>
