<?xml version="1.0" encoding="UTF-8" standalone="yes"?>
<contentHaul xmlns:a="http://www.appian.com/ae/types/2009">
    <versionUuid>_a-0000ec4e-764a-8000-9cac-011c48011c48_294132</versionUuid>
    <outboundIntegration>
        <name>SA_docusign</name>
        <uuid>88d7c1ca-5236-486e-9296-a96b9ec53f03</uuid>
        <description></description>
        <parentUuid>29340692-c7e4-416d-b9f2-435df57cdc04</parentUuid>
        <visibility>
            <advertise>false</advertise>
            <hierarchy>true</hierarchy>
            <indexable>true</indexable>
            <quota>false</quota>
            <searchable>true</searchable>
            <system>false</system>
            <unlogged>false</unlogged>
        </visibility>
        <definition></definition>
        <namedTypedValue>
            <name>Textdoc</name>
            <type>
                <name>CollaborationDocument</name>
                <namespace>http://www.appian.com/ae/types/2009</namespace>
            </type>
        </namedTypedValue>
        <namedTypedValue>
            <name>customeremail</name>
            <type>
                <name>string</name>
                <namespace>http://www.w3.org/2001/XMLSchema</namespace>
            </type>
            <value/>
        </namedTypedValue>
        <namedTypedValue>
            <name>name</name>
            <type>
                <name>string</name>
                <namespace>http://www.w3.org/2001/XMLSchema</namespace>
            </type>
            <value/>
        </namedTypedValue>
        <namedTypedValue>
            <name>subject</name>
            <type>
                <name>string</name>
                <namespace>http://www.w3.org/2001/XMLSchema</namespace>
            </type>
            <value/>
        </namedTypedValue>
        <namedTypedValue>
            <name>onSuccess</name>
            <description>A list of saves or an HTTP response to execute after the smart service executes successfully. Created with a!save() or a!httpResponse(). The result of the request is available in the function variable fv!result.</description>
            <type>
                <name>Variant</name>
                <namespace>http://www.appian.com/ae/types/2009</namespace>
            </type>
        </namedTypedValue>
        <namedTypedValue>
            <name>onError</name>
            <description>A list of saves or an HTTP response to execute after the smart service does not execute successfully. Created with a!save() or a!httpResponse(). The result of the request is available in the function variable fv!result. Information about the error is available in the function variable fv!error. If using a Connected System that uses OAuth, whenever there is an error due to missing user authorization, the Connected System will be available in the function variable fv!connectedSystem. The Connected System can be used with the a!authorizationLink function to generate a link end users can click to perform the authorization.</description>
            <type>
                <name>Variant</name>
                <namespace>http://www.appian.com/ae/types/2009</namespace>
            </type>
        </namedTypedValue>
        <metadataExpr>{
deferredRuleInputs: {
    onSuccess: {
      "fv!result": 'type!{http://www.appian.com/ae/types/2009}Dictionary'
    },
    onError: {
      "fv!result": 'type!{http://www.appian.com/ae/types/2009}Dictionary',
      "fv!error": 'type!{http://www.appian.com/ae/types/2009}Dictionary',
      "fv!connectedSystem": 'type!{http://www.appian.com/ae/types/2009}ConnectedSystem'
    }
  }
}</metadataExpr>
        <preferredEditor>legacy</preferredEditor>
        <offlineEnabled>false</offlineEnabled>
        <sharedConfigParameters>
            <a:Dictionary xmlns:xsd="http://www.w3.org/2001/XMLSchema" xmlns:xsi="http://www.w3.org/2001/XMLSchema-instance"/>
        </sharedConfigParameters>
        <configParameters>
            <a:Dictionary xmlns:xsd="http://www.w3.org/2001/XMLSchema" xmlns:xsi="http://www.w3.org/2001/XMLSchema-instance">
                <types xsi:type="a:Dictionary">
                    <RootType xsi:type="a:Dictionary">
                        <properties xsi:type="a:Dictionary?list">
                            <item>
<description xsi:nil="true" xsi:type="a:Null"/>
<refresh xsi:type="xsd:string">NEVER</refresh>
<placeholder xsi:type="xsd:string">john.doe@example.com</placeholder>
<isImportCustomizable xsi:type="xsd:boolean">false</isImportCustomizable>
<instructionText xsi:nil="true" xsi:type="a:Null"/>
<isExpressionable xsi:type="xsd:boolean">true</isExpressionable>
<label xsi:type="xsd:string">Signer Email</label>
<isRequired xsi:type="xsd:boolean">true</isRequired>
<displayHint xsi:type="xsd:string">NORMAL</displayHint>
<hasTransientChoices xsi:type="xsd:boolean">false</hasTransientChoices>
<key xsi:type="xsd:string">recipientEmail</key>
<isHidden xsi:type="xsd:boolean">false</isHidden>
<isMasked xsi:type="xsd:boolean">false</isMasked>
<isReadOnly xsi:type="xsd:boolean">false</isReadOnly>
<type xsi:type="xsd:string">STRING</type>
                            </item>
                            <item>
<description xsi:nil="true" xsi:type="a:Null"/>
<refresh xsi:type="xsd:string">NEVER</refresh>
<placeholder xsi:type="xsd:string">John Doe</placeholder>
<isImportCustomizable xsi:type="xsd:boolean">false</isImportCustomizable>
<instructionText xsi:nil="true" xsi:type="a:Null"/>
<isExpressionable xsi:type="xsd:boolean">true</isExpressionable>
<label xsi:type="xsd:string">Signer Name</label>
<isRequired xsi:type="xsd:boolean">true</isRequired>
<displayHint xsi:type="xsd:string">NORMAL</displayHint>
<hasTransientChoices xsi:type="xsd:boolean">false</hasTransientChoices>
<key xsi:type="xsd:string">name</key>
<isHidden xsi:type="xsd:boolean">false</isHidden>
<isMasked xsi:type="xsd:boolean">false</isMasked>
<isReadOnly xsi:type="xsd:boolean">false</isReadOnly>
<type xsi:type="xsd:string">STRING</type>
                            </item>
                            <item>
<description xsi:nil="true" xsi:type="a:Null"/>
<refresh xsi:type="xsd:string">NEVER</refresh>
<placeholder xsi:nil="true" xsi:type="a:Null"/>
<isImportCustomizable xsi:type="xsd:boolean">false</isImportCustomizable>
<instructionText xsi:nil="true" xsi:type="a:Null"/>
<isExpressionable xsi:type="xsd:boolean">true</isExpressionable>
<label xsi:type="xsd:string">Email Subject</label>
<isRequired xsi:type="xsd:boolean">true</isRequired>
<displayHint xsi:type="xsd:string">NORMAL</displayHint>
<hasTransientChoices xsi:type="xsd:boolean">false</hasTransientChoices>
<key xsi:type="xsd:string">emailSubject</key>
<isHidden xsi:type="xsd:boolean">false</isHidden>
<isMasked xsi:type="xsd:boolean">false</isMasked>
<isReadOnly xsi:type="xsd:boolean">false</isReadOnly>
<type xsi:type="xsd:string">STRING</type>
                            </item>
                            <item>
<description xsi:nil="true" xsi:type="a:Null"/>
<refresh xsi:type="xsd:string">NEVER</refresh>
<placeholder xsi:nil="true" xsi:type="a:Null"/>
<isImportCustomizable xsi:type="xsd:boolean">false</isImportCustomizable>
<instructionText xsi:nil="true" xsi:type="a:Null"/>
<isExpressionable xsi:type="xsd:boolean">true</isExpressionable>
<label xsi:type="xsd:string">Message</label>
<isRequired xsi:type="xsd:boolean">false</isRequired>
<displayHint xsi:type="xsd:string">NORMAL</displayHint>
<hasTransientChoices xsi:type="xsd:boolean">false</hasTransientChoices>
<key xsi:type="xsd:string">message</key>
<isHidden xsi:type="xsd:boolean">false</isHidden>
<isMasked xsi:type="xsd:boolean">false</isMasked>
<isReadOnly xsi:type="xsd:boolean">false</isReadOnly>
<type xsi:type="xsd:string">STRING</type>
                            </item>
                            <item>
<description xsi:nil="true" xsi:type="a:Null"/>
<refresh xsi:type="xsd:string">NEVER</refresh>
<placeholder xsi:nil="true" xsi:type="a:Null"/>
<isImportCustomizable xsi:type="xsd:boolean">false</isImportCustomizable>
<instructionText xsi:nil="true" xsi:type="a:Null"/>
<isExpressionable xsi:type="xsd:boolean">true</isExpressionable>
<label xsi:type="xsd:string">Document</label>
<isRequired xsi:type="xsd:boolean">true</isRequired>
<displayHint xsi:type="xsd:string">NORMAL</displayHint>
<key xsi:type="xsd:string">envelopeDocument</key>
<isHidden xsi:type="xsd:boolean">false</isHidden>
<isReadOnly xsi:type="xsd:boolean">false</isReadOnly>
<type xsi:type="xsd:string">DOCUMENT</type>
                            </item>
                        </properties>
                        <name xsi:type="xsd:string">RootType</name>
                    </RootType>
                </types>
                <state xsi:type="a:Dictionary">
                    <recipientEmail xsi:type="a:Expression">ri!customeremail</recipientEmail>
                    <a:entry key="#t" xsi:type="xsd:string">#/types/RootType</a:entry>
                    <message xsi:type="xsd:string"/>
                    <envelopeDocument xsi:type="a:Expression">ri!Textdoc</envelopeDocument>
                    <name xsi:type="a:Expression">ri!name</name>
                    <emailSubject xsi:type="a:Expression">ri!subject</emailSubject>
                </state>
                <connectedSystemTemplateKey xsi:type="xsd:string"/>
            </a:Dictionary>
        </configParameters>
        <isWrite>true</isWrite>
        <integrationType>plugin.[DocuSignMultiAuth].[DocuSignConnectedSystem].[SendDocumentIntegration].WRITE</integrationType>
        <connectedSystemUuid>_a-0000ec34-17d1-8000-9ca8-011c48011c48_271024</connectedSystemUuid>
        <isConnectedSystemConnectionOptionSelected>true</isConnectedSystemConnectionOptionSelected>
        <integrationOutputs>
            <a:Dictionary xmlns:xsd="http://www.w3.org/2001/XMLSchema" xmlns:xsi="http://www.w3.org/2001/XMLSchema-instance">
                <outputs xsi:type="a:IntegrationOutput?list"/>
            </a:Dictionary>
        </integrationOutputs>
        <isRequestResponseLoggingEnabled>false</isRequestResponseLoggingEnabled>
    </outboundIntegration>
    <roleMap public="true">
        <role inherit="true" allowForAll="false" name="readers">
            <users/>
            <groups/>
        </role>
        <role inherit="true" allowForAll="false" name="authors">
            <users/>
            <groups/>
        </role>
        <role inherit="true" allowForAll="false" name="administrators">
            <users/>
            <groups/>
        </role>
        <role inherit="false" allowForAll="false" name="denyReaders">
            <users/>
            <groups/>
        </role>
        <role inherit="false" allowForAll="false" name="denyAuthors">
            <users/>
            <groups/>
        </role>
        <role inherit="false" allowForAll="false" name="denyAdministrators">
            <users/>
            <groups/>
        </role>
    </roleMap>
    <typedValue>
        <type>
            <name>RuleTestConfig?list</name>
            <namespace>http://www.appian.com/ae/types/2009</namespace>
        </type>
        <value>
            <el>
                <a:name/>
                <a:ruleInputTestConfigs>
                    <a:value xmlns:xsi="http://www.w3.org/2001/XMLSchema-instance" xsi:type="a:Expression">null</a:value>
                    <a:nameRef>Textdoc</a:nameRef>
                    <a:id/>
                </a:ruleInputTestConfigs>
                <a:ruleInputTestConfigs>
                    <a:value xmlns:xsi="http://www.w3.org/2001/XMLSchema-instance" xsi:type="a:Expression">null</a:value>
                    <a:nameRef>customeremail</a:nameRef>
                    <a:id/>
                </a:ruleInputTestConfigs>
                <a:ruleInputTestConfigs>
                    <a:value xmlns:xsi="http://www.w3.org/2001/XMLSchema-instance" xsi:type="a:Expression">null</a:value>
                    <a:nameRef>name</a:nameRef>
                    <a:id/>
                </a:ruleInputTestConfigs>
                <a:ruleInputTestConfigs>
                    <a:value xmlns:xsi="http://www.w3.org/2001/XMLSchema-instance" xsi:type="a:Expression">null</a:value>
                    <a:nameRef>subject</a:nameRef>
                    <a:id/>
                </a:ruleInputTestConfigs>
                <a:assertions xmlns:xsi="http://www.w3.org/2001/XMLSchema-instance" xsi:nil="true"/>
            </el>
        </value>
    </typedValue>
    <history>
        <historyInfo versionUuid="_a-0000ec4e-764a-8000-9cac-011c48011c48_294132"/>
    </history>
</contentHaul>
