<?xml version="1.0" encoding="UTF-8" standalone="yes"?>
<contentHaul xmlns:a="http://www.appian.com/ae/types/2009">
    <versionUuid>_a-0000ec26-e8e9-8000-9ca6-011c48011c48_264127</versionUuid>
    <decision>
        <name>SA_SourcePoints</name>
        <uuid>974f246d-6b67-417c-8c55-d1ede9fe8d84</uuid>
        <description>This decision table is utilized to generate score for each lead based on the source type. </description>
        <parentUuid>29340692-c7e4-416d-b9f2-435df57cdc04</parentUuid>
        <visibility>
            <advertise>false</advertise>
            <hierarchy>true</hierarchy>
            <indexable>true</indexable>
            <quota>false</quota>
            <searchable>true</searchable>
            <system>false</system>
            <unlogged>false</unlogged>
        </visibility>
        <definition>fn!override_exception_appian_internal(fn!with(local!decisiondefinition: a!decisiondesigner_cache(uuid: "974f246d-6b67-417c-8c55-d1ede9fe8d84",versionKey: "2561dac1-8fa5-4d95-9882-c42ffdf18999",value: #"SYSTEM_SYSRULES_dd_dd"('hitPolicy': #"SYSTEM_SYSRULES_dd_dhp"("UNIQUE"), 'inputs': {#"SYSTEM_SYSRULES_dd_di"('name': "SourceType", 'type': 'type!{http://www.appian.com/ae/types/2009}Text', 'id': 1, 'restrictionType': #"SYSTEM_SYSRULES_dd_dirt"("NONE"))}, 'outputs': {#"SYSTEM_SYSRULES_dd_do"('id': 1, 'name': "LeadScore", 'type': 'type!{http://www.appian.com/ae/types/2009}Integer', 'restrictionType': #"SYSTEM_SYSRULES_dd_dort"("NONE"), 'returnListType': false)}, 'rules': {#"SYSTEM_SYSRULES_dd_dr"('id': 1, 'inputs': {#"SYSTEM_SYSRULES_dd_dri"('id': 1, 'decisionInputId': 1, 'operator': #"SYSTEM_SYSRULES_dd_dop"('operator': #"SYSTEM_SYSRULES_dd_dopt"("EQUALS"), 'value1': "Portal"))}, 'outputs': {#"SYSTEM_SYSRULES_dd_dro"('id': 1, 'decisionOutputId': 1, 'value': 50)}, 'annotation': "lead came from source Portal has a score of 50"), #"SYSTEM_SYSRULES_dd_dr"('id': 2, 'inputs': {#"SYSTEM_SYSRULES_dd_dri"('id': 3, 'decisionInputId': 1, 'operator': #"SYSTEM_SYSRULES_dd_dop"('operator': #"SYSTEM_SYSRULES_dd_dopt"("EQUALS"), 'value1': "Email"))}, 'outputs': {#"SYSTEM_SYSRULES_dd_dro"('id': 2, 'decisionOutputId': 1, 'value': 50)}, 'annotation': "lead came from source Email has a score of 50"), #"SYSTEM_SYSRULES_dd_dr"('id': 3, 'inputs': {#"SYSTEM_SYSRULES_dd_dri"('id': 5, 'decisionInputId': 1, 'operator': #"SYSTEM_SYSRULES_dd_dop"('operator': #"SYSTEM_SYSRULES_dd_dopt"("EQUALS"), 'value1': "Marketing Executive"))}, 'outputs': {#"SYSTEM_SYSRULES_dd_dro"('id': 3, 'decisionOutputId': 1, 'value': 40)}, 'annotation': "lead came from source Marketing Executive / Bulk upload has a score of 40")}, 'isUnique': true, 'defaultOutputs': {#"SYSTEM_SYSRULES_dd_dro"('id': 1, 'decisionOutputId': 1, 'value': 40)}, 'defaultAnnotation': "If Lead gets generated without any source type, then default 40 score is assigned.  ")),#"SYSTEM_SYSRULES_dd_exr"(decisionDefinition:local!decisiondefinition,executionInputs:{#"SYSTEM_SYSRULES_dd_dei"(decisionInputId:1,value:'ri!SourceType')})))</definition>
        <namedTypedValue>
            <name>SourceType</name>
            <type>
                <name>string</name>
                <namespace>http://www.w3.org/2001/XMLSchema</namespace>
            </type>
            <value/>
        </namedTypedValue>
        <preferredEditor>legacy</preferredEditor>
        <offlineEnabled>false</offlineEnabled>
        <outputMetadataList>
            <outputMetadata>
                <outputId>1</outputId>
                <nameRef>LeadScore</nameRef>
                <typeName>{http://www.appian.com/ae/types/2009}Integer</typeName>
            </outputMetadata>
        </outputMetadataList>
        <hitPolicy>UNIQUE</hitPolicy>
    </decision>
    <roleMap public="true">
        <role inherit="true" allowForAll="false" name="readers">
            <users/>
            <groups/>
        </role>
        <role inherit="true" allowForAll="false" name="authors">
            <users/>
            <groups/>
        </role>
        <role inherit="true" allowForAll="false" name="administrators">
            <users/>
            <groups/>
        </role>
        <role inherit="false" allowForAll="false" name="denyReaders">
            <users/>
            <groups/>
        </role>
        <role inherit="false" allowForAll="false" name="denyAuthors">
            <users/>
            <groups/>
        </role>
        <role inherit="false" allowForAll="false" name="denyAdministrators">
            <users/>
            <groups/>
        </role>
    </roleMap>
    <history>
        <historyInfo versionUuid="_a-0000ec26-e8e9-8000-9ca6-011c48011c48_264127"/>
    </history>
</contentHaul>
