<?xml version="1.0" encoding="UTF-8" standalone="yes"?>
<contentHaul xmlns:a="http://www.appian.com/ae/types/2009">
    <versionUuid>_a-0000ec34-17d1-8000-9ca8-011c48011c48_271337</versionUuid>
    <rule>
        <name>SA_TaskReportExpressionRule</name>
        <uuid>_a-0000ec34-17d1-8000-9ca8-011c48011c48_271212</uuid>
        <description>SA_TaskReportExpressionRule</description>
        <parentUuid>29340692-c7e4-416d-b9f2-435df57cdc04</parentUuid>
        <visibility>
            <advertise>false</advertise>
            <hierarchy>true</hierarchy>
            <indexable>true</indexable>
            <quota>false</quota>
            <searchable>true</searchable>
            <system>false</system>
            <unlogged>false</unlogged>
        </visibility>
        <definition>a!queryProcessAnalytics(
  report:#"_a-0000ec34-17d1-8000-9ca8-011c48011c48_271218",
  contextProcessModels: #"_a-0000ec34-17d1-8000-9ca8-011c48011c48_271224",
  query: #"SYSTEM_SYSRULES_query"(
    logicalExpression: #"SYSTEM_SYSRULES_queryLogicalExpression"(
      operator: "AND",
      filters: #"SYSTEM_SYSRULES_queryFilter"(
        field: "c1",
        operator: "in",
        value: ri!statusfilter,
        applyWhen: a!isNotNullOrEmpty(ri!statusfilter)
      ),
      logicalExpressions: #"SYSTEM_SYSRULES_queryLogicalExpression"(
        operator: "OR",
        filters: {
          #"SYSTEM_SYSRULES_queryFilter"(
            field: "c4",
            operator: "=",
            value: ri!loggedinuser,
            applyWhen: a!isNotNullOrEmpty(ri!loggedinuser)
          ),
          #"SYSTEM_SYSRULES_forEach"(
            items: getGroupsForMemberUser(loggedInUser()),
            expression: #"SYSTEM_SYSRULES_queryFilter"(field: "c4", operator: "=", value: fv!item),

          )
        }
      ),
      ignoreFiltersWithEmptyValues: true()
    ),
    pagingInfo: ri!paginginfo
  )

  )
</definition>
        <namedTypedValue>
            <name>statusfilter</name>
            <type>
                <name>int</name>
                <namespace>http://www.w3.org/2001/XMLSchema</namespace>
            </type>
        </namedTypedValue>
        <namedTypedValue>
            <name>loggedinuser</name>
            <type>
                <name>User</name>
                <namespace>http://www.appian.com/ae/types/2009</namespace>
            </type>
        </namedTypedValue>
        <namedTypedValue>
            <name>paginginfo</name>
            <type>
                <name>PagingInfo</name>
                <namespace>http://www.appian.com/ae/types/2009</namespace>
            </type>
        </namedTypedValue>
        <preferredEditor>legacy</preferredEditor>
        <offlineEnabled>false</offlineEnabled>
    </rule>
    <roleMap public="true">
        <role inherit="true" allowForAll="false" name="readers">
            <users/>
            <groups/>
        </role>
        <role inherit="true" allowForAll="false" name="authors">
            <users/>
            <groups/>
        </role>
        <role inherit="true" allowForAll="false" name="administrators">
            <users/>
            <groups/>
        </role>
        <role inherit="false" allowForAll="false" name="denyReaders">
            <users/>
            <groups/>
        </role>
        <role inherit="false" allowForAll="false" name="denyAuthors">
            <users/>
            <groups/>
        </role>
        <role inherit="false" allowForAll="false" name="denyAdministrators">
            <users/>
            <groups/>
        </role>
    </roleMap>
    <history>
        <historyInfo versionUuid="_a-0000ec34-17d1-8000-9ca8-011c48011c48_271337"/>
    </history>
</contentHaul>
