<?xml version="1.0" encoding="UTF-8" standalone="yes"?>
<contentHaul xmlns:a="http://www.appian.com/ae/types/2009">
    <versionUuid>_a-0000ec4e-764a-8000-9cac-011c48011c48_287167</versionUuid>
    <interface>
        <name>SA_Representatives_Dashboard</name>
        <uuid>_a-0000ec34-17d1-8000-9ca8-011c48011c48_271288</uuid>
        <description>This interface is representatives to work on requests assigned to them</description>
        <parentUuid>_a-0000ebfe-97a0-8000-9ca0-011c48011c48_254323</parentUuid>
        <visibility>
            <advertise>false</advertise>
            <hierarchy>true</hierarchy>
            <indexable>true</indexable>
            <quota>false</quota>
            <searchable>true</searchable>
            <system>false</system>
            <unlogged>false</unlogged>
        </visibility>
        <definition>{
  #"SYSTEM_SYSRULES_billboardLayout_v1"(
    backgroundMedia: #"SYSTEM_SYSRULES_documentImage"(document: #"_a-0000ec34-17d1-8000-9ca8-011c48011c48_271307"),
    backgroundMediaPositionHorizontal: "CENTER",
    backgroundMediaPositionVertical: "TOP",
    backgroundColor: "#008080",
    marginAbove: "MORE",
    marginBelow: "MORE",
    overlay: #"SYSTEM_SYSRULES_barOverlay"(
      contents: {
        #"SYSTEM_SYSRULES_sideBySideLayout"(
          items: {
            #"SYSTEM_SYSRULES_sideBySideItem"(
              item: #"SYSTEM_SYSRULES_richTextDisplayField"(
                labelPosition: "COLLAPSED",
                value: {
                  #"SYSTEM_SYSRULES_richTextItem_v1"(
                    text: "Welcome",
                    color: "#008080",
                    size: "MEDIUM_PLUS",
                    style: "STRONG"
                  ),
                  char(32),
                  char(32),
                  #"SYSTEM_SYSRULES_richTextIcon"(
                    icon:"user-o",
                    color: "#008080",
                    size: "MEDIUM_PLUS"
                  ),
                  char(32),
                  char(32),
                  #"SYSTEM_SYSRULES_richTextItem_v1"(
                    text: concat(
                      user(loggedInUser(), "firstName"),
                      " ",
                      user(loggedInUser(), "lastName")
                    ),
                    color: "#008080",
                    size: "MEDIUM_PLUS",
                    style: "STRONG"
                  )
                  
                },
                align: "LEFT"
              )
            )
          }
        )
        
      },
      style: "SEMI_LIGHT",
      padding: "LESS"
    )
  ),
  #"SYSTEM_SYSRULES_sectionLayout_v1"(
    label: "My Tasks",
    labelIcon: "align-justify",
    labelColor: "#008080",
    contents: {
      #"SYSTEM_SYSRULES_gridField_v2"(
        label: "",
        labelPosition: "ABOVE",
        data: #"SYSTEM_SYSRULES_recordData"(
          recordType: #"urn:appian:record-type:v1:e29ff48d-88a7-4b94-b317-2a3d3f8f9e4a",
          filters: #"SYSTEM_SYSRULES_queryLogicalExpression"(
            operator: "AND",
            filters: {
              #"SYSTEM_SYSRULES_queryFilter"(
                field: #"urn:appian:record-field:v1:e29ff48d-88a7-4b94-b317-2a3d3f8f9e4a/34ecb62a-df27-485a-9080-07712561de57",
                operator: "=",
                value: loggedInUser()
              ),
              #"SYSTEM_SYSRULES_queryFilter"(
                field: #"urn:appian:record-field:v1:e29ff48d-88a7-4b94-b317-2a3d3f8f9e4a/5d896fc6-4490-43da-b4f4-eb306a6e3cb4",
                operator: "&lt;&gt;",
                value: "Resolved Rejected"
              ),
              #"SYSTEM_SYSRULES_queryFilter"(
                field: #"urn:appian:record-field:v1:e29ff48d-88a7-4b94-b317-2a3d3f8f9e4a/5d896fc6-4490-43da-b4f4-eb306a6e3cb4",
                operator: "&lt;&gt;",
                value: "Closed"
              )
            },
            ignoreFiltersWithEmptyValues: true
          ),
          relatedRecordData: { #"SYSTEM_SYSRULES_relatedRecordData"() }
        ),
        columns: {
          #"SYSTEM_SYSRULES_gridColumn"(
            label: "Request Id",
            sortField: #"urn:appian:record-field:v1:e29ff48d-88a7-4b94-b317-2a3d3f8f9e4a/0d8ee8a8-99f4-4cf1-9d88-8b16171934da",
            value: #"SYSTEM_SYSRULES_tagField"(
              tags: #"SYSTEM_SYSRULES_tagItem"(
                text: "R" &amp; " " &amp; "#" &amp; fv!row[#"urn:appian:record-field:v1:e29ff48d-88a7-4b94-b317-2a3d3f8f9e4a/0d8ee8a8-99f4-4cf1-9d88-8b16171934da"],
                recordLink: #"SYSTEM_SYSRULES_recordLink"(
                  label: fv!row[#"urn:appian:record-field:v1:e29ff48d-88a7-4b94-b317-2a3d3f8f9e4a/0d8ee8a8-99f4-4cf1-9d88-8b16171934da"],
                  recordType: #"urn:appian:record-type:v1:e29ff48d-88a7-4b94-b317-2a3d3f8f9e4a",
                  identifier: fv!identifier,
                  openLinkIn: "NEW_TAB"
                )
              )
            ),
            backgroundColor: "NONE",
            align: "CENTER"
          ),
          #"SYSTEM_SYSRULES_gridColumn"(
            label: "Customer Need",
            sortField: #"urn:appian:record-field:v1:e29ff48d-88a7-4b94-b317-2a3d3f8f9e4a/9503c12f-5408-4d44-8d15-f6f1530b81d9",
            value: if(
              len(
    fv!row[#"urn:appian:record-field:v1:e29ff48d-88a7-4b94-b317-2a3d3f8f9e4a/9503c12f-5408-4d44-8d15-f6f1530b81d9"]
  ) &gt; 25,
              concat(
                left(
                  fv!row[#"urn:appian:record-field:v1:e29ff48d-88a7-4b94-b317-2a3d3f8f9e4a/9503c12f-5408-4d44-8d15-f6f1530b81d9"],
                  25
                ),
                " ",
                "...."
              ),
              fv!row[#"urn:appian:record-field:v1:e29ff48d-88a7-4b94-b317-2a3d3f8f9e4a/9503c12f-5408-4d44-8d15-f6f1530b81d9"]
            ),
            align: "CENTER"
          ),
          #"SYSTEM_SYSRULES_gridColumn"(
            label: "Status",
            sortField: #"urn:appian:record-field:v1:e29ff48d-88a7-4b94-b317-2a3d3f8f9e4a/5d896fc6-4490-43da-b4f4-eb306a6e3cb4",
            value: #"SYSTEM_SYSRULES_tagField"(
              tags: #"SYSTEM_SYSRULES_tagItem"(
                text: fv!row[#"urn:appian:record-field:v1:e29ff48d-88a7-4b94-b317-2a3d3f8f9e4a/5d896fc6-4490-43da-b4f4-eb306a6e3cb4"],
                backgroundColor: "#008080"
              )
            ),
            align: "CENTER"
          )
        },
        validations: {},
        refreshAfter: "RECORD_ACTION",
        showSearchBox: true,
        showRefreshButton: true,
        showExportButton: true,
        actionsDisplay: "LABEL_AND_ICON",
        actionsStyle: "TOOLBAR_PRIMARY"
      )
    },
    dividerColor: "#dddddd"
  )
  /*a!sectionLayout(*/
    /*contents: {*/
/*      */
    /*}*/
  /*)*/
}
</definition>
        <preferredEditor>interface</preferredEditor>
        <offlineEnabled>false</offlineEnabled>
        <isCustom>false</isCustom>
    </interface>
    <roleMap public="true">
        <role inherit="true" allowForAll="false" name="readers">
            <users/>
            <groups/>
        </role>
        <role inherit="true" allowForAll="false" name="authors">
            <users/>
            <groups/>
        </role>
        <role inherit="true" allowForAll="false" name="administrators">
            <users/>
            <groups/>
        </role>
        <role inherit="false" allowForAll="false" name="denyReaders">
            <users/>
            <groups/>
        </role>
        <role inherit="false" allowForAll="false" name="denyAuthors">
            <users/>
            <groups/>
        </role>
        <role inherit="false" allowForAll="false" name="denyAdministrators">
            <users/>
            <groups/>
        </role>
    </roleMap>
    <history>
        <historyInfo versionUuid="_a-0000ec4e-764a-8000-9cac-011c48011c48_287167"/>
    </history>
</contentHaul>
