<?xml version="1.0" encoding="UTF-8" standalone="yes"?>
<contentHaul xmlns:a="http://www.appian.com/ae/types/2009">
    <versionUuid>_a-0000ec5b-a51d-8000-9cae-011c48011c48_294667</versionUuid>
    <rule>
        <name>SA_practise</name>
        <uuid>_a-0000ec19-b9d1-8000-9ca4-011c48011c48_256433</uuid>
        <description>db ra bhai</description>
        <parentUuid>29340692-c7e4-416d-b9f2-435df57cdc04</parentUuid>
        <visibility>
            <advertise>false</advertise>
            <hierarchy>true</hierarchy>
            <indexable>true</indexable>
            <quota>false</quota>
            <searchable>true</searchable>
            <system>false</system>
            <unlogged>false</unlogged>
        </visibility>
        <definition>/*a!localVariables(*/
/*local!customerDetails:  a!queryRecordType(*/
/*recordType: 'recordType!{826d8fe7-5a45-4699-b6f9-3c87219188b1}SA Customer',*/
/*pagingInfo: a!pagingInfo(*/
/*startIndex: 1,*/
/*batchSize: 5)*/
/*).data,*/
/*local!requestDetails: 0,*/
/*a!forEach(*/
/*local!customerDetails,*/
/*local!requestDetails+1*/
/*),*/
/*ri!count: local!requestDetails*/
/*)*/
/*a!localVariables(*/
/*local!excelData: remove(*/
/*readexcelsheetpaging(*/
/*excelDocument: ri!ExcelDocument,*/
/*sheetNumber: 0,*/
/*pagingInfo: a!pagingInfo(1, 50),*/
/**/
/*).data,*/
/*1*/
/*),*/
/**/
/*local!FormatData: */
/**/
/*a!forEach(*/
/*items: ri!customerRecord,*/
/*expression: */
/*'recordType!{e29ff48d-88a7-4b94-b317-2a3d3f8f9e4a}SA Request'(*/
/**/
/*'recordType!{e29ff48d-88a7-4b94-b317-2a3d3f8f9e4a}SA Request.fields.{a39f236d-99cd-4494-8f9e-70f6e494107d}customerId':fv!item.customerId,*/
/*'recordType!{e29ff48d-88a7-4b94-b317-2a3d3f8f9e4a}SA Request.fields.{9503c12f-5408-4d44-8d15-f6f1530b81d9}customerNeed':index(fv!item,3,null),*/
/*'recordType!{e29ff48d-88a7-4b94-b317-2a3d3f8f9e4a}SA Request.fields.{3ac99b4f-ac7f-457d-a324-fdf312b35300}budget':index(fv!item,4,null),*/
/*'recordType!{e29ff48d-88a7-4b94-b317-2a3d3f8f9e4a}SA Request.fields.{4faed056-b251-44ee-a8ad-b7ec36e911dd}timeline':index(fv!item,5,null),*/
/*'recordType!{e29ff48d-88a7-4b94-b317-2a3d3f8f9e4a}SA Request.fields.{0bec8d53-0f6d-4ad9-85eb-fb13af2fb09d}qualifyLead':index(fv!item,6,null),*/
/*'recordType!{e29ff48d-88a7-4b94-b317-2a3d3f8f9e4a}SA Request.fields.{5d896fc6-4490-43da-b4f4-eb306a6e3cb4}status':index(fv!item,7,null),*/
/*'recordType!{e29ff48d-88a7-4b94-b317-2a3d3f8f9e4a}SA Request.fields.{34ecb62a-df27-485a-9080-07712561de57}assignedTo':null(),*/
/*'recordType!{e29ff48d-88a7-4b94-b317-2a3d3f8f9e4a}SA Request.fields.{cc07505a-baa5-43c8-b720-f12413639fce}sourceType':"Marketing Executive",*/
/*'recordType!{e29ff48d-88a7-4b94-b317-2a3d3f8f9e4a}SA Request.fields.{66ddebfc-bac9-4f5e-b984-4a850ffe1b45}score':"40",*/
/*'recordType!{e29ff48d-88a7-4b94-b317-2a3d3f8f9e4a}SA Request.fields.{a19f4a1d-5dba-48cd-862c-ca336c136186}createdBy':loggedInUser(),*/
/*'recordType!{e29ff48d-88a7-4b94-b317-2a3d3f8f9e4a}SA Request.fields.{efd67d88-f072-41c9-b384-24367a488e35}createdOn': today(),*/
/*'recordType!{e29ff48d-88a7-4b94-b317-2a3d3f8f9e4a}SA Request.fields.{d3f0a4ea-875f-4ab8-ae2c-018c14e8a61e}modifiedBy':loggedInUser(),*/
/*'recordType!{e29ff48d-88a7-4b94-b317-2a3d3f8f9e4a}SA Request.fields.{c2c75b11-0264-4216-8d21-a1679409b341}modifiedOn':now(),*/
/*'recordType!{e29ff48d-88a7-4b94-b317-2a3d3f8f9e4a}SA Request.fields.{49786708-6ce1-44c5-a1ce-e537d808cead}isActive':true(),*/
/*'recordType!{e29ff48d-88a7-4b94-b317-2a3d3f8f9e4a}SA Request.fields.{5407d62d-7e8b-4c11-9c4b-86c8a58ca007}userComments':index(fv!item,16,null)*/
/**/
/*),*/
/**/
/*),*/
/*local!FormatData*/
/*)*/
/*a!groupMembers(group: cons!SA_SalesOperationGroupConstant).data*/
/*difference(cons!SA_SalesOperationAppointmentSlots,index(reject(fn!isnull,  a!forEach(*/
/*a!queryRecordType(*/
/*recordType: 'recordType!{1c2f650b-ac49-4aac-ae9e-964bc6fd7ef0}SA Sales Operation Team Appointment',*/
/*fields: {*/
/*'recordType!{1c2f650b-ac49-4aac-ae9e-964bc6fd7ef0}SA Sales Operation Team Appointment.fields.{cfc3014a-af99-4e5f-a47d-8e433f66dfd2}appointmentTime',*/
/*'recordType!{1c2f650b-ac49-4aac-ae9e-964bc6fd7ef0}SA Sales Operation Team Appointment.fields.{96b40237-c643-4cb7-9a64-f4a39bb826f6}appointedMember',*/
/*'recordType!{1c2f650b-ac49-4aac-ae9e-964bc6fd7ef0}SA Sales Operation Team Appointment.fields.{8a55eded-1d1f-469c-9882-fc3cbb7567a1}appointmentDate'*/
/*},*/
/*pagingInfo: a!pagingInfo(startIndex: 1, batchSize: 5000)*/
/*).data,*/
/*if(*/
/*and(*/
/*{*/
/*fv!item['recordType!{1c2f650b-ac49-4aac-ae9e-964bc6fd7ef0}SA Sales Operation Team Appointment.fields.{96b40237-c643-4cb7-9a64-f4a39bb826f6}appointedMember'] = ri!appointmentDetails['recordType!{1c2f650b-ac49-4aac-ae9e-964bc6fd7ef0}SA Sales Operation Team Appointment.fields.{96b40237-c643-4cb7-9a64-f4a39bb826f6}appointedMember'],*/
/*fv!item['recordType!{1c2f650b-ac49-4aac-ae9e-964bc6fd7ef0}SA Sales Operation Team Appointment.fields.{8a55eded-1d1f-469c-9882-fc3cbb7567a1}appointmentDate'] = ri!appointmentDetails['recordType!{1c2f650b-ac49-4aac-ae9e-964bc6fd7ef0}SA Sales Operation Team Appointment.fields.{8a55eded-1d1f-469c-9882-fc3cbb7567a1}appointmentDate']*/
/*}*/
/*),*/
/*fv!item,*/
/*null()*/
/*))),'recordType!{1c2f650b-ac49-4aac-ae9e-964bc6fd7ef0}SA Sales Operation Team Appointment.fields.{cfc3014a-af99-4e5f-a47d-8e433f66dfd2}appointmentTime'))*/
/*index(local!retrieveUsersWithTasks.assignedTo,wherecontains(tointeger(min(local!retrieveUsersWithTasks.taskCount)),local!retrieveUsersWithTasks.taskCount)[1]) */
/**/
/*a!queryRecordType(*/
/*recordType: 'recordType!{e29ff48d-88a7-4b94-b317-2a3d3f8f9e4a}SA Request',*/
/*fields: a!aggregationFields(*/
/*groupings: {*/
/*a!grouping(*/
/*field: 'recordType!{e29ff48d-88a7-4b94-b317-2a3d3f8f9e4a}SA Request.fields.{34ecb62a-df27-485a-9080-07712561de57}assignedTo',*/
/*alias: "assignedTo"*/
/*)*/
/*},*/
/*measures: {*/
/*a!measure(*/
/*function: "COUNT",*/
/*field: 'recordType!{e29ff48d-88a7-4b94-b317-2a3d3f8f9e4a}SA Request.fields.{0d8ee8a8-99f4-4cf1-9d88-8b16171934da}requestId',*/
/*alias: "taskCount"*/
/*)*/
/*}*/
/*),*/
/*filters: a!queryLogicalExpression(*/
/*operator: "AND",*/
/*filters: a!queryFilter(*/
/*field: 'recordType!{e29ff48d-88a7-4b94-b317-2a3d3f8f9e4a}SA Request.fields.{cc07505a-baa5-43c8-b720-f12413639fce}sourceType',*/
/*operator: "=",*/
/*value: "Marketing Executive"*/
/*),*/
/*ignoreFiltersWithEmptyValues: true*/
/*),*/
/*pagingInfo: a!pagingInfo(startIndex: 1, batchSize: 100)*/
/*).data*/
/*Bulk Upload SAles REpresentative task assignment*/
/**/
/**/
/*a!localVariables(*/
/*local!groupMembers: a!forEach(*/
/*a!groupMembers(*/
/*cons!SA_MarketingSalesRepresentativesGroupConstant*/
/*).data,*/
/*a!map(userName: fv!item)*/
/*),*/
/*local!retrieveUsersWithTasks: a!queryRecordType(*/
/*recordType: 'recordType!{e29ff48d-88a7-4b94-b317-2a3d3f8f9e4a}SA Request',*/
/*filters: a!queryFilter(*/
/*field: 'recordType!{e29ff48d-88a7-4b94-b317-2a3d3f8f9e4a}SA Request.fields.{cc07505a-baa5-43c8-b720-f12413639fce}sourceType',*/
/*operator: "=",*/
/*value: "Marketing Executive"*/
/*),*/
/*fields: a!aggregationFields(*/
/*groupings: {*/
/*a!grouping(*/
/*field: 'recordType!{e29ff48d-88a7-4b94-b317-2a3d3f8f9e4a}SA Request.fields.{34ecb62a-df27-485a-9080-07712561de57}assignedTo',*/
/*alias: "assignedTo"*/
/*)*/
/*},*/
/*measures: {*/
/*a!measure(*/
/*function: "COUNT",*/
/*field: 'recordType!{e29ff48d-88a7-4b94-b317-2a3d3f8f9e4a}SA Request.fields.{0d8ee8a8-99f4-4cf1-9d88-8b16171934da}requestId',*/
/*alias: "taskCount"*/
/*)*/
/*}*/
/*),*/
/*pagingInfo: a!pagingInfo(startIndex: 1, batchSize: 100)*/
/*).data,*/
/*local!ListOfUnassignedUsers: difference(*/
/*a!forEach(*/
/*index(local!groupMembers, "userName"),*/
/*tostring(fv!item)*/
/*),*/
/*if(*/
/*a!isNullOrEmpty(*/
/*index(*/
/*local!retrieveUsersWithTasks,*/
/*"assignedTo"*/
/*)*/
/*),*/
/*ri!nullStringType,*/
/*index(*/
/*local!retrieveUsersWithTasks,*/
/*"assignedTo"*/
/*)*/
/*)*/
/*),*/
/*if(*/
/*a!isNullOrEmpty(local!ListOfUnassignedUsers),*/
/*local!retrieveUsersWithTasks,*/
/*a!forEach(*/
/*items: local!ListOfUnassignedUsers,*/
/*expression: append(*/
/*local!retrieveUsersWithTasks,*/
/*a!map(assignedTo: fv!item, taskCount: 0)*/
/*)*/
/*)*/
/*),*/
/*a!forEach(*/
/*items: ri!requestRecord,*/
/*expression: {*/
/*a!update(*/
/*fv!item,*/
/*'recordType!{e29ff48d-88a7-4b94-b317-2a3d3f8f9e4a}SA Request.fields.{34ecb62a-df27-485a-9080-07712561de57}assignedTo',*/
/*index(*/
/*local!retrieveUsersWithTasks.assignedTo,*/
/*wherecontains(*/
/*tointeger(*/
/*min(local!retrieveUsersWithTasks.taskCount)*/
/*),*/
/*tointeger(local!retrieveUsersWithTasks.taskCount)*/
/*)[1]*/
/*)*/
/*),*/
/*a!update(*/
/*local!retrieveUsersWithTasks.taskCount,*/
/*wherecontains(*/
/*tointeger(*/
/*min(local!retrieveUsersWithTasks.taskCount)*/
/*),*/
/*local!retrieveUsersWithTasks.taskCount*/
/*)[1],*/
/*index(*/
/*local!retrieveUsersWithTasks.taskCount,*/
/*wherecontains(*/
/*tointeger(*/
/*min(local!retrieveUsersWithTasks.taskCount)*/
/*),*/
/*tointeger(local!retrieveUsersWithTasks.taskCount)*/
/*)[1]*/
/*) + 1*/
/*)*/
/*}*/
/*)*/
/*)*/
/*a!groupMembers(group: cons!SA_SalesOperationGroupConstant).data*/
/*difference(cons!SA_SalesOperationAppointmentSlots,index(reject(fn!isnull,  a!forEach(*/
/*a!queryRecordType(*/
/*recordType: 'recordType!{1c2f650b-ac49-4aac-ae9e-964bc6fd7ef0}SA Sales Operation Team Appointment',*/
/*fields: {*/
/*'recordType!{1c2f650b-ac49-4aac-ae9e-964bc6fd7ef0}SA Sales Operation Team Appointment.fields.{cfc3014a-af99-4e5f-a47d-8e433f66dfd2}appointmentTime',*/
/*'recordType!{1c2f650b-ac49-4aac-ae9e-964bc6fd7ef0}SA Sales Operation Team Appointment.fields.{96b40237-c643-4cb7-9a64-f4a39bb826f6}appointedMember',*/
/*'recordType!{1c2f650b-ac49-4aac-ae9e-964bc6fd7ef0}SA Sales Operation Team Appointment.fields.{8a55eded-1d1f-469c-9882-fc3cbb7567a1}appointmentDate'*/
/*},*/
/*pagingInfo: a!pagingInfo(startIndex: 1, batchSize: 5000)*/
/*).data,*/
/*if(*/
/*and(*/
/*{*/
/*fv!item['recordType!{1c2f650b-ac49-4aac-ae9e-964bc6fd7ef0}SA Sales Operation Team Appointment.fields.{96b40237-c643-4cb7-9a64-f4a39bb826f6}appointedMember'] = ri!appointmentDetails['recordType!{1c2f650b-ac49-4aac-ae9e-964bc6fd7ef0}SA Sales Operation Team Appointment.fields.{96b40237-c643-4cb7-9a64-f4a39bb826f6}appointedMember'],*/
/*fv!item['recordType!{1c2f650b-ac49-4aac-ae9e-964bc6fd7ef0}SA Sales Operation Team Appointment.fields.{8a55eded-1d1f-469c-9882-fc3cbb7567a1}appointmentDate'] = ri!appointmentDetails['recordType!{1c2f650b-ac49-4aac-ae9e-964bc6fd7ef0}SA Sales Operation Team Appointment.fields.{8a55eded-1d1f-469c-9882-fc3cbb7567a1}appointmentDate']*/
/*}*/
/*),*/
/*fv!item,*/
/*null()*/
/*))),'recordType!{1c2f650b-ac49-4aac-ae9e-964bc6fd7ef0}SA Sales Operation Team Appointment.fields.{cfc3014a-af99-4e5f-a47d-8e433f66dfd2}appointmentTime'))*/

/*a!forEach(*/
  /*items: a!forEach(*/
    /*items: cons!SA_SalesOperationAppointmentSlots,*/
    /*expression: if(*/
      /*a!isNullOrEmpty(*/
        /*wherecontains(*/
          /*fv!item,*/
          /*{"10", "16","16", "16"}*/
        /*)),*/
        /*0,*/
        /*length(wherecontains(*/
          /*fv!item,*/
          /*{"10","16", "16", "16"}*/
        /*))*/
    /*)*/
  /*),*/
  /*expression: if(5 = fv!item,*/
  /*fv!index,*/
  /*null())*/
/*)*/


/*SHOW AVAILABLE SLOTS*/

/*a!localVariables(*/
  /*local!appointmentHistory: reject(fn!isnull,a!forEach(*/
    /*a!queryRecordType(*/
      /*recordType: 'recordType!{1c2f650b-ac49-4aac-ae9e-964bc6fd7ef0}SA Sales Operation Team Appointment',*/
      /*fields: {*/
        /*'recordType!{1c2f650b-ac49-4aac-ae9e-964bc6fd7ef0}SA Sales Operation Team Appointment.fields.{cfc3014a-af99-4e5f-a47d-8e433f66dfd2}appointmentTime',*/
        /*'recordType!{1c2f650b-ac49-4aac-ae9e-964bc6fd7ef0}SA Sales Operation Team Appointment.fields.{96b40237-c643-4cb7-9a64-f4a39bb826f6}appointedMember',*/
        /*'recordType!{1c2f650b-ac49-4aac-ae9e-964bc6fd7ef0}SA Sales Operation Team Appointment.fields.{8a55eded-1d1f-469c-9882-fc3cbb7567a1}appointmentDate'*/
      /*},*/
      /*pagingInfo: a!pagingInfo(startIndex: 1, batchSize: 700)*/
    /*).data,*/
    /*if(*/
      /*fv!item['recordType!{1c2f650b-ac49-4aac-ae9e-964bc6fd7ef0}SA Sales Operation Team Appointment.fields.{8a55eded-1d1f-469c-9882-fc3cbb7567a1}appointmentDate'] = ri!appointmentDetails['recordType!{1c2f650b-ac49-4aac-ae9e-964bc6fd7ef0}SA Sales Operation Team Appointment.fields.{8a55eded-1d1f-469c-9882-fc3cbb7567a1}appointmentDate'],*/
      /*fv!item,*/
      /*null()*/
    /*)*/
  /*)),*/
  /*local!SOTmembers : index(a!queryRecordType(recordType: 'recordType!{ced67f35-eb65-455a-a3a3-9ed2485a7aa6}SA Sales Operation Employee Record',*/
  /*fields:'recordType!{ced67f35-eb65-455a-a3a3-9ed2485a7aa6}SA Sales Operation Employee Record.fields.{900e6d26-c2de-42a3-8f86-71cc3e26b0de}userName',*/
  /*pagingInfo: a!pagingInfo(startIndex: 1, batchSize: 1000)).data,'recordType!{ced67f35-eb65-455a-a3a3-9ed2485a7aa6}SA Sales Operation Employee Record.fields.{900e6d26-c2de-42a3-8f86-71cc3e26b0de}userName'),*/
  /*local!AllSlots : cons!SA_SalesOperationAppointmentSlots,*/
  /*local!bookedAppointmentsForEachSlot : a!forEach(*/
    /*items: local!AllSlots,*/
    /*expression: if(*/
      /*a!isNullOrEmpty(*/
        /*local!appointmentHistory),*/
        /*0,*/
        /*length(wherecontains(*/
          /*tostring(fv!item),*/
          /*local!appointmentHistory['recordType!{1c2f650b-ac49-4aac-ae9e-964bc6fd7ef0}SA Sales Operation Team Appointment.fields.{cfc3014a-af99-4e5f-a47d-8e433f66dfd2}appointmentTime']*/
        /*))*/
        /*)*/
  /*),*/
  /*local!positions: reject(fn!isnull,a!forEach(*/
    /*items: local!bookedAppointmentsForEachSlot,*/
    /*expression: if(or(length(local!SOTmembers) = fv!item,length(local!SOTmembers) &lt; fv!item),*/
    /*fv!index,*/
    /*null()))*/
  /*),*/
  /*remove(local!AllSlots,local!positions)*/
/*  */
/*)*/

/*a!queryRecordType(*/
  /*recordType: 'recordType!{1c2f650b-ac49-4aac-ae9e-964bc6fd7ef0}SA Sales Operation Team Appointment',*/
  /*fields: {*/
    /*'recordType!{1c2f650b-ac49-4aac-ae9e-964bc6fd7ef0}SA Sales Operation Team Appointment.fields.{cfc3014a-af99-4e5f-a47d-8e433f66dfd2}appointmentTime',*/
    /*'recordType!{1c2f650b-ac49-4aac-ae9e-964bc6fd7ef0}SA Sales Operation Team Appointment.fields.{96b40237-c643-4cb7-9a64-f4a39bb826f6}appointedMember',*/
    /*'recordType!{1c2f650b-ac49-4aac-ae9e-964bc6fd7ef0}SA Sales Operation Team Appointment.fields.{8a55eded-1d1f-469c-9882-fc3cbb7567a1}appointmentDate'*/
  /*},*/
  /*filters: a!queryLogicalExpression(*/
    /*operator: "AND",*/
    /*filters: {*/
      /*a!queryFilter(field: 'recordType!{1c2f650b-ac49-4aac-ae9e-964bc6fd7ef0}SA Sales Operation Team Appointment.fields.{8a55eded-1d1f-469c-9882-fc3cbb7567a1}appointmentDate' ,*/
      /*operator: "=",*/
      /*value: ri!appointmentDetails['recordType!{1c2f650b-ac49-4aac-ae9e-964bc6fd7ef0}SA Sales Operation Team Appointment.fields.{8a55eded-1d1f-469c-9882-fc3cbb7567a1}appointmentDate']*/
      /*),*/
      /*a!queryFilter(*/
        /*field: 'recordType!{1c2f650b-ac49-4aac-ae9e-964bc6fd7ef0}SA Sales Operation Team Appointment.fields.{cfc3014a-af99-4e5f-a47d-8e433f66dfd2}appointmentTime',*/
        /*operator: "=",*/
        /*value: ri!appointmentDetails['recordType!{1c2f650b-ac49-4aac-ae9e-964bc6fd7ef0}SA Sales Operation Team Appointment.fields.{cfc3014a-af99-4e5f-a47d-8e433f66dfd2}appointmentTime']*/
      /*)*/
    /*}*/
  /*),*/
  /*pagingInfo: a!pagingInfo(startIndex: 1, batchSize: 20)*/
/*).data,*/


/*Select a person In the backend */

/*a!localVariables(*/
  /*local!SOTmembers : index(a!queryRecordType(recordType: 'recordType!{ced67f35-eb65-455a-a3a3-9ed2485a7aa6}SA Sales Operation Employee Record',*/
  /*fields:'recordType!{ced67f35-eb65-455a-a3a3-9ed2485a7aa6}SA Sales Operation Employee Record.fields.{900e6d26-c2de-42a3-8f86-71cc3e26b0de}userName',*/
  /*pagingInfo: a!pagingInfo(startIndex: 1, batchSize: 1000)).data,'recordType!{ced67f35-eb65-455a-a3a3-9ed2485a7aa6}SA Sales Operation Employee Record.fields.{900e6d26-c2de-42a3-8f86-71cc3e26b0de}userName'),*/
  /*local!bookedMembers: index(reject(fn!isnull,a!forEach(*/
    /*a!queryRecordType(*/
      /*recordType: 'recordType!{1c2f650b-ac49-4aac-ae9e-964bc6fd7ef0}SA Sales Operation Team Appointment',*/
      /*fields: {*/
        /*'recordType!{1c2f650b-ac49-4aac-ae9e-964bc6fd7ef0}SA Sales Operation Team Appointment.fields.{cfc3014a-af99-4e5f-a47d-8e433f66dfd2}appointmentTime',*/
        /*'recordType!{1c2f650b-ac49-4aac-ae9e-964bc6fd7ef0}SA Sales Operation Team Appointment.fields.{96b40237-c643-4cb7-9a64-f4a39bb826f6}appointedMember',*/
        /*'recordType!{1c2f650b-ac49-4aac-ae9e-964bc6fd7ef0}SA Sales Operation Team Appointment.fields.{8a55eded-1d1f-469c-9882-fc3cbb7567a1}appointmentDate'*/
      /*},*/
      /*pagingInfo: a!pagingInfo(startIndex: 1, batchSize: 700)*/
    /*).data,*/
    /*if(*/
      /*and(fv!item['recordType!{1c2f650b-ac49-4aac-ae9e-964bc6fd7ef0}SA Sales Operation Team Appointment.fields.{8a55eded-1d1f-469c-9882-fc3cbb7567a1}appointmentDate'] = ri!appointmentDetails['recordType!{1c2f650b-ac49-4aac-ae9e-964bc6fd7ef0}SA Sales Operation Team Appointment.fields.{8a55eded-1d1f-469c-9882-fc3cbb7567a1}appointmentDate'],*/
      /*fv!item['recordType!{1c2f650b-ac49-4aac-ae9e-964bc6fd7ef0}SA Sales Operation Team Appointment.fields.{cfc3014a-af99-4e5f-a47d-8e433f66dfd2}appointmentTime'] = ri!appointmentDetails['recordType!{1c2f650b-ac49-4aac-ae9e-964bc6fd7ef0}SA Sales Operation Team Appointment.fields.{cfc3014a-af99-4e5f-a47d-8e433f66dfd2}appointmentTime']),*/
      /*fv!item,*/
      /*null()*/
    /*)*/
  /*)),'recordType!{1c2f650b-ac49-4aac-ae9e-964bc6fd7ef0}SA Sales Operation Team Appointment.fields.{96b40237-c643-4cb7-9a64-f4a39bb826f6}appointedMember'),*/
  /*difference(local!SOTmembers,local!bookedMembers)*/
/*)*/



a!localVariables(
  local!SOTmembers: index(
    #"SYSTEM_SYSRULES_queryRecordType_v1"(
      recordType: #"urn:appian:record-type:v1:ced67f35-eb65-455a-a3a3-9ed2485a7aa6",
      fields: #"urn:appian:record-field:v1:ced67f35-eb65-455a-a3a3-9ed2485a7aa6/900e6d26-c2de-42a3-8f86-71cc3e26b0de",
      pagingInfo: #"SYSTEM_SYSRULES_pagingInfo"(startIndex: 1, batchSize: 6)
    ).data,
    #"urn:appian:record-field:v1:ced67f35-eb65-455a-a3a3-9ed2485a7aa6/900e6d26-c2de-42a3-8f86-71cc3e26b0de"
  ),
  /*local!bookedMembers: index(*/
    /*reject(*/
      /*fn!isnull,*/
      /*a!forEach(*/
        /*a!queryRecordType(*/
          /*recordType: 'recordType!{1c2f650b-ac49-4aac-ae9e-964bc6fd7ef0}SA Sales Operation Team Appointment',*/
          /*fields: {*/
            /*'recordType!{1c2f650b-ac49-4aac-ae9e-964bc6fd7ef0}SA Sales Operation Team Appointment.fields.{cfc3014a-af99-4e5f-a47d-8e433f66dfd2}appointmentTime',*/
            /*'recordType!{1c2f650b-ac49-4aac-ae9e-964bc6fd7ef0}SA Sales Operation Team Appointment.fields.{96b40237-c643-4cb7-9a64-f4a39bb826f6}appointedMember',*/
            /*'recordType!{1c2f650b-ac49-4aac-ae9e-964bc6fd7ef0}SA Sales Operation Team Appointment.fields.{8a55eded-1d1f-469c-9882-fc3cbb7567a1}appointmentDate'*/
          /*},*/
          /*pagingInfo: a!pagingInfo(startIndex: 1, batchSize: 20)*/
        /*).data,*/
        /*if(*/
          /*and(*/
            /*fv!item['recordType!{1c2f650b-ac49-4aac-ae9e-964bc6fd7ef0}SA Sales Operation Team Appointment.fields.{8a55eded-1d1f-469c-9882-fc3cbb7567a1}appointmentDate'] = ri!appointmentDetails['recordType!{1c2f650b-ac49-4aac-ae9e-964bc6fd7ef0}SA Sales Operation Team Appointment.fields.{8a55eded-1d1f-469c-9882-fc3cbb7567a1}appointmentDate'],*/
            /*fv!item['recordType!{1c2f650b-ac49-4aac-ae9e-964bc6fd7ef0}SA Sales Operation Team Appointment.fields.{cfc3014a-af99-4e5f-a47d-8e433f66dfd2}appointmentTime'] = ri!appointmentDetails['recordType!{1c2f650b-ac49-4aac-ae9e-964bc6fd7ef0}SA Sales Operation Team Appointment.fields.{cfc3014a-af99-4e5f-a47d-8e433f66dfd2}appointmentTime']*/
          /*),*/
          /*fv!item,*/
          /*null()*/
        /*)*/
      /*)*/
    /*),*/
    /*'recordType!{1c2f650b-ac49-4aac-ae9e-964bc6fd7ef0}SA Sales Operation Team Appointment.fields.{96b40237-c643-4cb7-9a64-f4a39bb826f6}appointedMember'*/
  /*),*/
  local!bookedSOTmembers: index(#"SYSTEM_SYSRULES_queryRecordType_v1"(
    recordType: #"urn:appian:record-type:v1:1c2f650b-ac49-4aac-ae9e-964bc6fd7ef0",
    fields: {
      #"urn:appian:record-field:v1:1c2f650b-ac49-4aac-ae9e-964bc6fd7ef0/cfc3014a-af99-4e5f-a47d-8e433f66dfd2",
      #"urn:appian:record-field:v1:1c2f650b-ac49-4aac-ae9e-964bc6fd7ef0/96b40237-c643-4cb7-9a64-f4a39bb826f6",
      #"urn:appian:record-field:v1:1c2f650b-ac49-4aac-ae9e-964bc6fd7ef0/8a55eded-1d1f-469c-9882-fc3cbb7567a1"
    },
    filters: #"SYSTEM_SYSRULES_queryLogicalExpression"(
      operator: "AND",
      filters: {
        #"SYSTEM_SYSRULES_queryFilter"(field: #"urn:appian:record-field:v1:1c2f650b-ac49-4aac-ae9e-964bc6fd7ef0/8a55eded-1d1f-469c-9882-fc3cbb7567a1" ,
        operator: "=",
        value: a!defaultValue(ri!appointmentDetails[#"urn:appian:record-field:v1:1c2f650b-ac49-4aac-ae9e-964bc6fd7ef0/8a55eded-1d1f-469c-9882-fc3cbb7567a1"],today())
        ),
        #"SYSTEM_SYSRULES_queryFilter"(
          field: #"urn:appian:record-field:v1:1c2f650b-ac49-4aac-ae9e-964bc6fd7ef0/cfc3014a-af99-4e5f-a47d-8e433f66dfd2",
          operator: "=",
          value: a!defaultValue(ri!appointmentDetails[#"urn:appian:record-field:v1:1c2f650b-ac49-4aac-ae9e-964bc6fd7ef0/cfc3014a-af99-4e5f-a47d-8e433f66dfd2"],1)
        )
      }
    ),
    pagingInfo: #"SYSTEM_SYSRULES_pagingInfo"(startIndex: 1, batchSize: 20)
  ).data,#"urn:appian:record-field:v1:1c2f650b-ac49-4aac-ae9e-964bc6fd7ef0/96b40237-c643-4cb7-9a64-f4a39bb826f6"),
  if(a!isNullOrEmpty(local!bookedSOTmembers),
  local!SOTmembers[1],
  difference(local!SOTmembers, local!bookedSOTmembers)[1]
))


</definition>
        <namedTypedValue>
            <name>requestRecord</name>
            <type>
                <name>e29ff48d-88a7-4b94-b317-2a3d3f8f9e4a?list</name>
                <namespace>urn:com:appian:recordtype:datatype</namespace>
            </type>
        </namedTypedValue>
        <namedTypedValue>
            <name>customerRecord</name>
            <type>
                <name>826d8fe7-5a45-4699-b6f9-3c87219188b1?list</name>
                <namespace>urn:com:appian:recordtype:datatype</namespace>
            </type>
        </namedTypedValue>
        <namedTypedValue>
            <name>appointmentDetails</name>
            <type>
                <name>1c2f650b-ac49-4aac-ae9e-964bc6fd7ef0</name>
                <namespace>urn:com:appian:recordtype:datatype</namespace>
            </type>
        </namedTypedValue>
        <namedTypedValue>
            <name>nullStringType</name>
            <type>
                <name>Text?list</name>
                <namespace>http://www.appian.com/ae/types/2009</namespace>
            </type>
        </namedTypedValue>
        <preferredEditor>legacy</preferredEditor>
        <offlineEnabled>false</offlineEnabled>
    </rule>
    <roleMap public="true">
        <role inherit="true" allowForAll="false" name="readers">
            <users/>
            <groups/>
        </role>
        <role inherit="true" allowForAll="false" name="authors">
            <users/>
            <groups/>
        </role>
        <role inherit="true" allowForAll="false" name="administrators">
            <users/>
            <groups/>
        </role>
        <role inherit="false" allowForAll="false" name="denyReaders">
            <users/>
            <groups/>
        </role>
        <role inherit="false" allowForAll="false" name="denyAuthors">
            <users/>
            <groups/>
        </role>
        <role inherit="false" allowForAll="false" name="denyAdministrators">
            <users/>
            <groups/>
        </role>
    </roleMap>
    <history>
        <historyInfo versionUuid="_a-0000ec5b-a51d-8000-9cae-011c48011c48_294667"/>
    </history>
</contentHaul>
