<?xml version="1.0" encoding="UTF-8" standalone="yes"?>
<contentHaul xmlns:a="http://www.appian.com/ae/types/2009">
    <versionUuid>_a-0000ec26-e8e9-8000-9ca6-011c48011c48_267571</versionUuid>
    <interface>
        <name>SA_SOT_Review_Interface</name>
        <uuid>_a-0000ec26-e8e9-8000-9ca6-011c48011c48_267565</uuid>
        <description>Details of the customer and appointment details are displayed for the sales operation member</description>
        <parentUuid>_a-0000ebfe-97a0-8000-9ca0-011c48011c48_254323</parentUuid>
        <visibility>
            <advertise>false</advertise>
            <hierarchy>true</hierarchy>
            <indexable>true</indexable>
            <quota>false</quota>
            <searchable>true</searchable>
            <system>false</system>
            <unlogged>false</unlogged>
        </visibility>
        <definition>a!localVariables(
  local!submit: false,
  local!index: index(
    index(
      #"SYSTEM_SYSRULES_queryRecordType_v1"(
        recordType: #"urn:appian:record-type:v1:826d8fe7-5a45-4699-b6f9-3c87219188b1",
        fields: {
          #"urn:appian:record-field:v1:826d8fe7-5a45-4699-b6f9-3c87219188b1/a57139dc-5a70-4734-be15-515a09c7ef03"
        },
        pagingInfo: #"SYSTEM_SYSRULES_pagingInfo"(1, 4999)
      ),
      "Data",
      {}
    ),
    #"urn:appian:record-field:v1:826d8fe7-5a45-4699-b6f9-3c87219188b1/a57139dc-5a70-4734-be15-515a09c7ef03",
    {}
  ),
  {
    #"SYSTEM_SYSRULES_sectionLayout_v1"(
      contents: {
        #"SYSTEM_SYSRULES_richTextDisplayField"(
          labelPosition: "COLLAPSED",
          value: {
            #"SYSTEM_SYSRULES_richTextItem_v1"(
              text: "Let's Get Started",
              color: "#008080",
              size: "LARGE",
              style: "STRONG"
            )
          }
        ),
        #"SYSTEM_SYSRULES_richTextDisplayField"(
          labelPosition: "COLLAPSED",
          value: #"SYSTEM_SYSRULES_richTextItem_v1"(
            text: "Fill out this form to learn more about your business need",
            color: "#008080",
            size: "MEDIUM_PLUS",
            style: "PLAIN"
          )
        ),
        #"SYSTEM_SYSRULES_columnsLayout"(
          columns: {
            #"SYSTEM_SYSRULES_columnLayout"(
              contents: {
                #"SYSTEM_SYSRULES_imageField_v1"(
                  label: "Image",
                  labelPosition: "COLLAPSED",
                  images: {
                    #"SYSTEM_SYSRULES_webImage"(
                      source: "https://cdn.pixabay.com/photo/2017/02/14/07/54/sale-2065116_1280.jpg"
                    )
                  },
                  size: "LARGE",
                  isThumbnail: false,
                  style: "STANDARD"
                )
              },
              width: "MEDIUM"
            ),
            #"SYSTEM_SYSRULES_columnLayout"(
              contents: {
                #"SYSTEM_SYSRULES_cardLayout"(
                  contents: {
                    #"SYSTEM_SYSRULES_sideBySideLayout"(
                      items: {
                        #"SYSTEM_SYSRULES_sideBySideItem"(
                          item: #"SYSTEM_SYSRULES_textField"(
                            label: "First Name",
                            /*labelPosition: "JUSTIFIED",*/
                            value: ri!customerRecord[#"urn:appian:record-field:v1:826d8fe7-5a45-4699-b6f9-3c87219188b1/7ade2570-b8f3-49e2-bca3-3d032ef8ff7c"],
                            saveInto: ri!customerRecord[#"urn:appian:record-field:v1:826d8fe7-5a45-4699-b6f9-3c87219188b1/7ade2570-b8f3-49e2-bca3-3d032ef8ff7c"],
                            refreshAfter: "UNFOCUS",
                            required: true(),
                            validations: {}
                          )
                        ),
                        #"SYSTEM_SYSRULES_sideBySideItem"(
                          item: #"SYSTEM_SYSRULES_textField"(
                            label: "Last Name",
                            /*labelPosition: "JUSTIFIED",*/
                            value: ri!customerRecord[#"urn:appian:record-field:v1:826d8fe7-5a45-4699-b6f9-3c87219188b1/4f49b7d0-7f7a-4c62-8cd7-df382708b3ad"],
                            saveInto: ri!customerRecord[#"urn:appian:record-field:v1:826d8fe7-5a45-4699-b6f9-3c87219188b1/4f49b7d0-7f7a-4c62-8cd7-df382708b3ad"],
                            refreshAfter: "UNFOCUS",
                            required: true(),
                            validations: {}
                          )
                        )
                      }
                    ),
                    #"SYSTEM_SYSRULES_sideBySideLayout"(
                      items: {
                        #"SYSTEM_SYSRULES_sideBySideItem"(
                          item: #"SYSTEM_SYSRULES_dateField"(
                            label: "Date of Birth",
                            labelPosition: "JUSTIFIED",
                            helpTooltip: "Please select your date of birth",
                            value: ri!customerRecord[#"urn:appian:record-field:v1:826d8fe7-5a45-4699-b6f9-3c87219188b1/9f192029-7f04-49ba-b621-111f1cfae4d7"],
                            saveInto: {
                              ri!customerRecord[#"urn:appian:record-field:v1:826d8fe7-5a45-4699-b6f9-3c87219188b1/9f192029-7f04-49ba-b621-111f1cfae4d7"],
                              a!save(
                                ri!age,
                                if(
                                  a!isNullOrEmpty(
                                    ri!customerRecord[#"urn:appian:record-field:v1:826d8fe7-5a45-4699-b6f9-3c87219188b1/9f192029-7f04-49ba-b621-111f1cfae4d7"]
                                  ),
                                  {},
                                  #"_a-0000ec0c-8b27-8000-9ca2-011c48011c48_254694"(
                                    record: ri!customerRecord[#"urn:appian:record-field:v1:826d8fe7-5a45-4699-b6f9-3c87219188b1/9f192029-7f04-49ba-b621-111f1cfae4d7"]
                                  )
                                )
                              )
                            },
                            required: true(),
                            validations: {}
                          )
                        ),
                        #"SYSTEM_SYSRULES_sideBySideItem"(
                          item: #"SYSTEM_SYSRULES_integerField"(
                            label: "Age",
                            /*labelPosition: "ADJACENT",*/
                            value: ri!age,
                            saveInto: { ri!age },
                            readOnly: true(),
                            validations: {
                              if(ri!age &lt; 18, "Age must be Above 18", {})
                            }
                          )
                        )
                      }
                    ),
                    #"SYSTEM_SYSRULES_sideBySideLayout"(
                      items: {
                        #"SYSTEM_SYSRULES_sideBySideItem"(
                          item: #"SYSTEM_SYSRULES_dropdownField_v1"(
                            choiceLabels: #"_a-0000ebfe-97a0-8000-9ca0-011c48011c48_254451",
                            choiceValues: #"_a-0000ebfe-97a0-8000-9ca0-011c48011c48_254451",
                            label: "Territory",
                            /*labelPosition: "JUSTIFIED",*/
                            placeholder: "--- Select a Territory ---",
                            value: ri!customerRecord[#"urn:appian:record-field:v1:826d8fe7-5a45-4699-b6f9-3c87219188b1/b09331a5-2365-4b62-ba44-d3e51093c3c2"],
                            saveInto: ri!customerRecord[#"urn:appian:record-field:v1:826d8fe7-5a45-4699-b6f9-3c87219188b1/b09331a5-2365-4b62-ba44-d3e51093c3c2"],
                            searchDisplay: "AUTO",
                            required: true(),
                            validations: {}
                          )
                        ),
                        #"SYSTEM_SYSRULES_sideBySideItem"(
                          item: #"SYSTEM_SYSRULES_radioButtonField_v1"(
                            choiceLabels: #"_a-0000ebfe-97a0-8000-9ca0-011c48011c48_254429",
                            choiceValues: #"_a-0000ebfe-97a0-8000-9ca0-011c48011c48_254429",
                            label: "Gender",
                            /*labelPosition: "JUSTIFIED",*/
                            value: ri!customerRecord[#"urn:appian:record-field:v1:826d8fe7-5a45-4699-b6f9-3c87219188b1/433c15ec-ae2a-4124-8cca-dca38ffb8874"],
                            saveInto: ri!customerRecord[#"urn:appian:record-field:v1:826d8fe7-5a45-4699-b6f9-3c87219188b1/433c15ec-ae2a-4124-8cca-dca38ffb8874"],
                            required: true(),
                            choiceLayout: "COMPACT",
                            validations: {}
                          )
                        )
                      }
                    ),
                    #"SYSTEM_SYSRULES_sideBySideLayout"(
                      items: {
                        #"SYSTEM_SYSRULES_sideBySideItem"(
                          item: #"SYSTEM_SYSRULES_textField"(
                            label: "Email ID",
                            helpTooltip: "Please enter a valid email address.",
                            /*labelPosition: "JUSTIFIED",*/
                            value: ri!customerRecord[#"urn:appian:record-field:v1:826d8fe7-5a45-4699-b6f9-3c87219188b1/a57139dc-5a70-4734-be15-515a09c7ef03"],
                            saveInto: ri!customerRecord[#"urn:appian:record-field:v1:826d8fe7-5a45-4699-b6f9-3c87219188b1/a57139dc-5a70-4734-be15-515a09c7ef03"],
                            refreshAfter: "UNFOCUS",
                            required: true(),
                            validations: {
                              if(
                                contains(
                                  tostring(local!index),
                                  tostring(
                                    ri!customerRecord[#"urn:appian:record-field:v1:826d8fe7-5a45-4699-b6f9-3c87219188b1/a57139dc-5a70-4734-be15-515a09c7ef03"]
                                  )
                                ),
                                "Email ID already Exists",
                                {}
                              ),
                              if(
                                or(
                                  isnull(
                                    trim(
                                      ri!customerRecord[#"urn:appian:record-field:v1:826d8fe7-5a45-4699-b6f9-3c87219188b1/a57139dc-5a70-4734-be15-515a09c7ef03"]
                                    )
                                  ),
                                  len(
                                    trim(
                                      ri!customerRecord[#"urn:appian:record-field:v1:826d8fe7-5a45-4699-b6f9-3c87219188b1/a57139dc-5a70-4734-be15-515a09c7ef03"]
                                    )
                                  ) &gt; 255,
                                  length(
                                    split(
                                      trim(
                                        ri!customerRecord[#"urn:appian:record-field:v1:826d8fe7-5a45-4699-b6f9-3c87219188b1/a57139dc-5a70-4734-be15-515a09c7ef03"]
                                      ),
                                      " "
                                    )
                                  ) &gt; 1,
                                  count(
                                    split(
                                      ri!customerRecord[#"urn:appian:record-field:v1:826d8fe7-5a45-4699-b6f9-3c87219188b1/a57139dc-5a70-4734-be15-515a09c7ef03"],
                                      "@"
                                    )
                                  ) &lt;&gt; 2
                                ),
                                false(),
                                with(
                                  a!localVariables(
                                    local!Part: split(
                                      trim(
                                        ri!customerRecord[#"urn:appian:record-field:v1:826d8fe7-5a45-4699-b6f9-3c87219188b1/a57139dc-5a70-4734-be15-515a09c7ef03"]
                                      ),
                                      "@"
                                    )[1],
                                    local!domainPart: split(
                                      trim(
                                        ri!customerRecord[#"urn:appian:record-field:v1:826d8fe7-5a45-4699-b6f9-3c87219188b1/a57139dc-5a70-4734-be15-515a09c7ef03"]
                                      ),
                                      "@"
                                    )[2],
                                    if(
                                      or(
                                        length(split(local!domainPart, ".")) &lt; 2,
                                        contains(split(local!Part, "."), ""),
                                        contains(split(local!domainPart, "."), ""),
                                        not(
                                          isnull(
                                            stripwith(
                                              lower(local!domainPart),
                                              "abcdefghijklmnopqrstuvwxyz1234567890-."
                                            )
                                          )
                                        ),
                                        not(
                                          isnull(
                                            stripwith(
                                              lower(local!Part),
                                              "abcdefghijklmnopqrstuvwxyz1234567890-._+'&amp;%"
                                            )
                                          )
                                        )
                                      ),
                                      "Please enter valid email ID",
                                      {}
                                    )
                                  )
                                )
                              )
                            }
                          )
                        ),
                        #"SYSTEM_SYSRULES_sideBySideItem"(
                          item: #"SYSTEM_SYSRULES_textField"(
                            label: "Phone",
                            helpTooltip: "Please enter your phone number.",
                            /*labelPosition: "JUSTIFIED",*/
                            value: ri!customerRecord[#"urn:appian:record-field:v1:826d8fe7-5a45-4699-b6f9-3c87219188b1/47d28317-7644-4620-a7a8-9842e513980f"],
                            saveInto: ri!customerRecord[#"urn:appian:record-field:v1:826d8fe7-5a45-4699-b6f9-3c87219188b1/47d28317-7644-4620-a7a8-9842e513980f"],
                            refreshAfter: "UNFOCUS",
                            required: true(),
                            validations: {
                              if(
                                lenb(
                                  ri!customerRecord[#"urn:appian:record-field:v1:826d8fe7-5a45-4699-b6f9-3c87219188b1/47d28317-7644-4620-a7a8-9842e513980f"]
                                ) = 10,
                                {},
                                "Phone Number must be 10 digits "
                              ),
                              if(
                                a!isNullOrEmpty(
                                  ri!customerRecord[#"urn:appian:record-field:v1:826d8fe7-5a45-4699-b6f9-3c87219188b1/47d28317-7644-4620-a7a8-9842e513980f"]
                                ),
                                {},
                                if(
                                  a!isPhoneNumber(
                                    ri!customerRecord[#"urn:appian:record-field:v1:826d8fe7-5a45-4699-b6f9-3c87219188b1/47d28317-7644-4620-a7a8-9842e513980f"],
                                    "IN"
                                  ),
                                  "",
                                  "Enter Phone Number"
                                )
                              )
                            }
                          )
                        )
                      }
                    ),
                    #"SYSTEM_SYSRULES_paragraphField"(
                      label: "Enter Your Request ",
                      labelPosition: "ABOVE",
                      helpTooltip: "Please enter the details of your request.",
                      value: ri!requestRecord[#"urn:appian:record-field:v1:e29ff48d-88a7-4b94-b317-2a3d3f8f9e4a/5407d62d-7e8b-4c11-9c4b-86c8a58ca007"],
                      saveInto: ri!requestRecord[#"urn:appian:record-field:v1:e29ff48d-88a7-4b94-b317-2a3d3f8f9e4a/5407d62d-7e8b-4c11-9c4b-86c8a58ca007"],
                      refreshAfter: "UNFOCUS",
                      height: "MEDIUM",
                      required: true(),
                      validations: {}
                    ),
                    #"SYSTEM_SYSRULES_radioButtonField_v1"(
                      choiceLabels: { "Email", "Portal" },
                      choiceValues: { "Email", "Portal" },
                      label: "How did you hear about us ?",
                      labelPosition: "ABOVE",
                      value: ri!requestRecord[#"urn:appian:record-field:v1:e29ff48d-88a7-4b94-b317-2a3d3f8f9e4a/cc07505a-baa5-43c8-b720-f12413639fce"],
                      saveInto: {
                        ri!requestRecord[#"urn:appian:record-field:v1:e29ff48d-88a7-4b94-b317-2a3d3f8f9e4a/cc07505a-baa5-43c8-b720-f12413639fce"]
                      },
                      required: true(),
                      choiceLayout: "COMPACT",
                      choiceStyle: "STANDARD",
                      validations: {}
                    )
                  },
                  /*style: "STANDARD",*/
                  shape: "ROUNDED",
                  marginBelow: "MORE",
                  showShadow: true(),
                  decorativeBarPosition: "START",
                  decorativeBarColor: "#008080"
                ),
                
                #"SYSTEM_SYSRULES_cardLayout"(contents:
                
                 

                
                #"SYSTEM_SYSRULES_sectionLayout_v1"(
                  label: "Reserve Your Slot",
                  labelColor: "#008080",
            
                 
                  contents: {
                    
                    #"SYSTEM_SYSRULES_columnsLayout"(
                      columns: {
                        #"SYSTEM_SYSRULES_columnLayout"(
                          contents: {
                            
                            #"SYSTEM_SYSRULES_dropdownField_v1"(
                              /*choiceLabels: a!forEach(*/
                              /*items: a!groupMembers(group: cons!SA_SalesOperationGroupConstant).data,*/
                              /*expression: user(fv!item,"firstName")*/
                              /*),*/
                              /*choiceValues: a!groupMembers(group: cons!SA_SalesOperationGroupConstant).data,*/
                              choiceLabels: index(
                                #"SYSTEM_SYSRULES_queryRecordType_v1"(
                                  recordType: #"urn:appian:record-type:v1:ced67f35-eb65-455a-a3a3-9ed2485a7aa6",
                                  fields: #"urn:appian:record-field:v1:ced67f35-eb65-455a-a3a3-9ed2485a7aa6/e41abd7b-30c0-4030-a76f-773590e44842",
                                  pagingInfo: #"SYSTEM_SYSRULES_pagingInfo"(startIndex: 1, batchSize: 100)
                                ).data,
                                #"urn:appian:record-field:v1:ced67f35-eb65-455a-a3a3-9ed2485a7aa6/e41abd7b-30c0-4030-a76f-773590e44842"
                              ),
                              choiceValues: index(
                                #"SYSTEM_SYSRULES_queryRecordType_v1"(
                                  recordType: #"urn:appian:record-type:v1:ced67f35-eb65-455a-a3a3-9ed2485a7aa6",
                                  fields: #"urn:appian:record-field:v1:ced67f35-eb65-455a-a3a3-9ed2485a7aa6/900e6d26-c2de-42a3-8f86-71cc3e26b0de",
                                  pagingInfo: #"SYSTEM_SYSRULES_pagingInfo"(startIndex: 1, batchSize: 100)
                                ).data,
                                #"urn:appian:record-field:v1:ced67f35-eb65-455a-a3a3-9ed2485a7aa6/900e6d26-c2de-42a3-8f86-71cc3e26b0de"
                              ),
                              label: "Available Representatives",
                              placeholder: "Select a Representative...",
                              value: ri!appointmentDetails[#"urn:appian:record-field:v1:1c2f650b-ac49-4aac-ae9e-964bc6fd7ef0/96b40237-c643-4cb7-9a64-f4a39bb826f6"],
                              saveInto: {
                                ri!appointmentDetails[#"urn:appian:record-field:v1:1c2f650b-ac49-4aac-ae9e-964bc6fd7ef0/96b40237-c643-4cb7-9a64-f4a39bb826f6"],
                                a!save(
                                  target: ri!appointmentDetails[#"urn:appian:record-field:v1:1c2f650b-ac49-4aac-ae9e-964bc6fd7ef0/cfc3014a-af99-4e5f-a47d-8e433f66dfd2"],
                                  value: null()
                                ),
                                a!save(
                                  target: ri!appointmentDetails[#"urn:appian:record-field:v1:1c2f650b-ac49-4aac-ae9e-964bc6fd7ef0/8a55eded-1d1f-469c-9882-fc3cbb7567a1"],
                                  value: null()
                                )
                              }
                              
                            )
                            
                          }
                        ),
                        #"SYSTEM_SYSRULES_columnLayout"(
                          contents: {
                            #"SYSTEM_SYSRULES_dateField"(
                              label: "Appointment Date",
                              value: ri!appointmentDetails[#"urn:appian:record-field:v1:1c2f650b-ac49-4aac-ae9e-964bc6fd7ef0/8a55eded-1d1f-469c-9882-fc3cbb7567a1"],
                              saveInto: ri!appointmentDetails[#"urn:appian:record-field:v1:1c2f650b-ac49-4aac-ae9e-964bc6fd7ef0/8a55eded-1d1f-469c-9882-fc3cbb7567a1"],
                              validations: if(
                                a!defaultValue(ri!appointmentDetails[#"urn:appian:record-field:v1:1c2f650b-ac49-4aac-ae9e-964bc6fd7ef0/8a55eded-1d1f-469c-9882-fc3cbb7567a1"],"01-01-2000") &lt; today(),
                                "Select a Future Date!!!",
                                ""
                            ))
                          }
                        ),
                        #"SYSTEM_SYSRULES_columnLayout"(
                          contents: {
                            a!localVariables(
                              local!ChoiceValues: difference(
                                #"_a-0000ec26-e8e9-8000-9ca6-011c48011c48_263493",
                                index(
                                  reject(
                                    fn!isnull,
                                    #"SYSTEM_SYSRULES_forEach"(
                                      #"SYSTEM_SYSRULES_queryRecordType_v1"(
                                        recordType: #"urn:appian:record-type:v1:1c2f650b-ac49-4aac-ae9e-964bc6fd7ef0",
                                        fields: {
                                          #"urn:appian:record-field:v1:1c2f650b-ac49-4aac-ae9e-964bc6fd7ef0/cfc3014a-af99-4e5f-a47d-8e433f66dfd2",
                                          #"urn:appian:record-field:v1:1c2f650b-ac49-4aac-ae9e-964bc6fd7ef0/96b40237-c643-4cb7-9a64-f4a39bb826f6",
                                          #"urn:appian:record-field:v1:1c2f650b-ac49-4aac-ae9e-964bc6fd7ef0/8a55eded-1d1f-469c-9882-fc3cbb7567a1"
                                        },
                                        pagingInfo: #"SYSTEM_SYSRULES_pagingInfo"(startIndex: 1, batchSize: 5000)
                                      ).data,
                                      if(
                                        and(
                                          {
                                            fv!item[#"urn:appian:record-field:v1:1c2f650b-ac49-4aac-ae9e-964bc6fd7ef0/96b40237-c643-4cb7-9a64-f4a39bb826f6"] = a!defaultValue(
                                              ri!appointmentDetails[#"urn:appian:record-field:v1:1c2f650b-ac49-4aac-ae9e-964bc6fd7ef0/96b40237-c643-4cb7-9a64-f4a39bb826f6"],
                                              "Chethana"
                                            ),
                                            fv!item[#"urn:appian:record-field:v1:1c2f650b-ac49-4aac-ae9e-964bc6fd7ef0/8a55eded-1d1f-469c-9882-fc3cbb7567a1"] = a!defaultValue(
                                              ri!appointmentDetails[#"urn:appian:record-field:v1:1c2f650b-ac49-4aac-ae9e-964bc6fd7ef0/8a55eded-1d1f-469c-9882-fc3cbb7567a1"],
                                              today()
                                            )
                                          }
                                        ),
                                        fv!item,
                                        null()
                                      )
                                    )
                                  ),
                                  #"urn:appian:record-field:v1:1c2f650b-ac49-4aac-ae9e-964bc6fd7ef0/cfc3014a-af99-4e5f-a47d-8e433f66dfd2",
                                  "11 AM"
                                )
                              ),
                              local!refresh: a!refreshVariable(
                                value: local!ChoiceValues,
                                refreshOnReferencedVarChange: true()
                              ),
                              #"SYSTEM_SYSRULES_dropdownField_v1"(
                                choiceLabels: local!refresh,
                                choiceValues: local!refresh,
                                label: "Appointment Slot",
                                placeholder: "Select an Appointment Slot",
                                value: ri!appointmentDetails[#"urn:appian:record-field:v1:1c2f650b-ac49-4aac-ae9e-964bc6fd7ef0/cfc3014a-af99-4e5f-a47d-8e433f66dfd2"],
                                saveInto: ri!appointmentDetails[#"urn:appian:record-field:v1:1c2f650b-ac49-4aac-ae9e-964bc6fd7ef0/cfc3014a-af99-4e5f-a47d-8e433f66dfd2"],
                                disabled: or(
                                  {
                                    a!isNullOrEmpty(
                                      ri!appointmentDetails[#"urn:appian:record-field:v1:1c2f650b-ac49-4aac-ae9e-964bc6fd7ef0/96b40237-c643-4cb7-9a64-f4a39bb826f6"]
                                    ),
                                    a!isNullOrEmpty(
                                      ri!appointmentDetails[#"urn:appian:record-field:v1:1c2f650b-ac49-4aac-ae9e-964bc6fd7ef0/8a55eded-1d1f-469c-9882-fc3cbb7567a1"]
                                    )
                                  }
                                )
                                
                              )
                            )
                          }
                        )
                        
                      }
                    ),
                  }
                ),
                shape: "ROUNDED",
                marginBelow: "MORE",
                showShadow: true(),
                decorativeBarPosition: "START",
                decorativeBarColor: "#008080"),
                {
                  #"SYSTEM_SYSRULES_ButtonArrayLayout"(
                    buttons: {
                      #"SYSTEM_SYSRULES_buttonWidget_v1"(
                        label: "Book Appointment",
                        saveInto: {
                          a!save(target: local!submit, value: true())
                        },
                        submit: true(),
                        style: "SOLID",
                        color: "#008080",
                        /*disabled: if(*/
                          /*a!isNullOrEmpty(*/
                            /*ri!requestRecord['recordType!{e29ff48d-88a7-4b94-b317-2a3d3f8f9e4a}SA Request.fields.{5407d62d-7e8b-4c11-9c4b-86c8a58ca007}userComments']*/
                          /*),*/
                          /*true,*/
                          /*false*/
                        /*),*/
                        validate: true()
                      )
                    },
                    align: "END",
                    marginBelow: "NONE"
                  )
                }
              },
              width: "AUTO"
            )
          }
        )
      },
      showWhen: local!submit = false
    ),
    #"SYSTEM_SYSRULES_sectionLayout_v1"(
      contents: {
        #"SYSTEM_SYSRULES_ButtonArrayLayout"(
          buttons: #"SYSTEM_SYSRULES_buttonWidget_v1"(
            label: "Back",
            icon: "arrow-circle-left-alt",
            saveInto: {
              a!save(target: ri!customerRecord, value: null()),
              a!save(target: ri!requestRecord, value: null()),
              a!save(target: ri!age, value: null()),
              a!save(target: local!submit, value: false())
            },
            style: "LINK",
            color: "#008080",
            validate: false
          ),
          align: "START"
        ),
        #"SYSTEM_SYSRULES_cardLayout"(
          contents: {
            #"SYSTEM_SYSRULES_richTextDisplayField"(
              labelPosition: "COLLAPSED",
              value: {
                #"SYSTEM_SYSRULES_richTextItem_v1"(
                  text: "Thank You",
                  color: "#008080",
                  size: "EXTRA_LARGE",
                  style: "STRONG"
                ),
                char(10),
                #"SYSTEM_SYSRULES_richTextIcon"(
                  icon: "thumbs-up",
                  color: "#008080",
                  size: "LARGE_PLUS"
                ),
                char(10),
                #"SYSTEM_SYSRULES_richTextItem_v1"(
                  text: "Your submission has been received",
                  color: "STANDARD",
                  size: "SMALL",
                  style: "EMPHASIS"
                )
              },
              align: "CENTER"
            )
          },
          height: "AUTO",
          style: "TRANSPARENT",
          shape: "ROUNDED",
          padding: "STANDARD",
          marginAbove: "STANDARD",
          marginBelow: "STANDARD",
          showShadow: true,
          decorativeBarPosition: "TOP",
          decorativeBarColor: "#008080"
        )
      },
      showWhen: local!submit
    )
  }
)</definition>
        <namedTypedValue>
            <name>customerRecord</name>
            <type>
                <name>826d8fe7-5a45-4699-b6f9-3c87219188b1</name>
                <namespace>urn:com:appian:recordtype:datatype</namespace>
            </type>
        </namedTypedValue>
        <namedTypedValue>
            <name>requestRecord</name>
            <type>
                <name>e29ff48d-88a7-4b94-b317-2a3d3f8f9e4a</name>
                <namespace>urn:com:appian:recordtype:datatype</namespace>
            </type>
        </namedTypedValue>
        <namedTypedValue>
            <name>age</name>
            <type>
                <name>int</name>
                <namespace>http://www.w3.org/2001/XMLSchema</namespace>
            </type>
        </namedTypedValue>
        <namedTypedValue>
            <name>appointmentDetails</name>
            <description>Appointment Details</description>
            <type>
                <name>1c2f650b-ac49-4aac-ae9e-964bc6fd7ef0</name>
                <namespace>urn:com:appian:recordtype:datatype</namespace>
            </type>
        </namedTypedValue>
        <preferredEditor>interface</preferredEditor>
        <offlineEnabled>false</offlineEnabled>
        <isCustom>false</isCustom>
        <customDisplayName></customDisplayName>
    </interface>
    <roleMap public="true">
        <role inherit="true" allowForAll="false" name="readers">
            <users/>
            <groups/>
        </role>
        <role inherit="true" allowForAll="false" name="authors">
            <users/>
            <groups/>
        </role>
        <role inherit="true" allowForAll="false" name="administrators">
            <users/>
            <groups/>
        </role>
        <role inherit="false" allowForAll="false" name="denyReaders">
            <users/>
            <groups/>
        </role>
        <role inherit="false" allowForAll="false" name="denyAuthors">
            <users/>
            <groups/>
        </role>
        <role inherit="false" allowForAll="false" name="denyAdministrators">
            <users/>
            <groups/>
        </role>
    </roleMap>
    <typedValue>
        <type>
            <name>RuleTestConfig?list</name>
            <namespace>http://www.appian.com/ae/types/2009</namespace>
        </type>
        <value>
            <el>
                <a:name/>
                <a:ruleInputTestConfigs>
                    <a:value xmlns:xsi="http://www.w3.org/2001/XMLSchema-instance" xsi:type="a:Expression">#"SYSTEM_SYSRULES_queryRecordType_v1"(
  recordType: #"urn:appian:record-type:v1:826d8fe7-5a45-4699-b6f9-3c87219188b1",
  fields: {},
  filters: #"SYSTEM_SYSRULES_queryLogicalExpression"(
    operator: "AND",
    filters: {
      #"SYSTEM_SYSRULES_queryFilter"(
        field: #"urn:appian:record-field:v1:826d8fe7-5a45-4699-b6f9-3c87219188b1/1a9e0b17-7436-44e6-a796-b29627a62548",
        operator: "=",
        value: 200
      )
    },
    ignoreFiltersWithEmptyValues: true
  ),
  pagingInfo: #"SYSTEM_SYSRULES_pagingInfo"(
    startIndex: 1,
    batchSize: 100
  )
).data</a:value>
                    <a:nameRef>customerRecord</a:nameRef>
                    <a:id>1</a:id>
                </a:ruleInputTestConfigs>
                <a:ruleInputTestConfigs>
                    <a:value xmlns:xsi="http://www.w3.org/2001/XMLSchema-instance" xsi:type="a:Expression">null</a:value>
                    <a:nameRef>requestRecord</a:nameRef>
                    <a:id>2</a:id>
                </a:ruleInputTestConfigs>
                <a:ruleInputTestConfigs>
                    <a:value xmlns:xsd="http://www.w3.org/2001/XMLSchema" xmlns:xsi="http://www.w3.org/2001/XMLSchema-instance" xsi:nil="true" xsi:type="xsd:int"/>
                    <a:nameRef>age</a:nameRef>
                    <a:id>3</a:id>
                </a:ruleInputTestConfigs>
                <a:ruleInputTestConfigs>
                    <a:value xmlns:xsi="http://www.w3.org/2001/XMLSchema-instance" xsi:type="a:Expression">null</a:value>
                    <a:nameRef>appointmentDetails</a:nameRef>
                    <a:id>4</a:id>
                </a:ruleInputTestConfigs>
                <a:assertions xmlns:xsi="http://www.w3.org/2001/XMLSchema-instance" xsi:nil="true"/>
            </el>
        </value>
    </typedValue>
    <history>
        <historyInfo versionUuid="_a-0000ec26-e8e9-8000-9ca6-011c48011c48_267571"/>
    </history>
</contentHaul>
