<?xml version="1.0" encoding="UTF-8" standalone="yes"?>
<contentHaul xmlns:a="http://www.appian.com/ae/types/2009">
    <versionUuid>_a-0000ec5b-a51d-8000-9cae-011c48011c48_294736</versionUuid>
    <interface>
        <name>SA_Customer_Page</name>
        <uuid>_a-0000ec26-e8e9-8000-9ca6-011c48011c48_262405</uuid>
        <description>This interface is for Customer to review the status of requests</description>
        <parentUuid>_a-0000ebfe-97a0-8000-9ca0-011c48011c48_254323</parentUuid>
        <visibility>
            <advertise>false</advertise>
            <hierarchy>true</hierarchy>
            <indexable>true</indexable>
            <quota>false</quota>
            <searchable>true</searchable>
            <system>false</system>
            <unlogged>false</unlogged>
        </visibility>
        <definition>{
  #"SYSTEM_SYSRULES_billboardLayout_v1"(
    backgroundMedia: #"SYSTEM_SYSRULES_documentImage"(document: #"_a-0000ec34-17d1-8000-9ca8-011c48011c48_271307"),
    backgroundMediaPositionHorizontal: "CENTER",
    backgroundMediaPositionVertical: "TOP",
    backgroundColor: "#008080",
    marginAbove: "MORE",
    marginBelow: "MORE",
    overlay: #"SYSTEM_SYSRULES_barOverlay"(
      contents: {
        #"SYSTEM_SYSRULES_sideBySideLayout"(
          items: {
            #"SYSTEM_SYSRULES_sideBySideItem"(
              item: #"SYSTEM_SYSRULES_richTextDisplayField"(
                labelPosition: "COLLAPSED",
                value: {
                  #"SYSTEM_SYSRULES_richTextItem_v1"(
                    text: "Welcome",
                    color: "#Ffffff",
                    size: "MEDIUM_PLUS",
                    style: "STRONG"
                  ),
                  char(32),
                  char(32),
                  #"SYSTEM_SYSRULES_richTextIcon"(icon: "user-o", size: "MEDIUM_PLUS"),
                  char(32),
                  char(32),
                  #"SYSTEM_SYSRULES_richTextItem_v1"(
                    text: concat(
                      user(loggedInUser(), "firstName"),
                      " ",
                      user(loggedInUser(), "lastName")
                    ),
                    color: "#Ffffff",
                    size: "MEDIUM_PLUS",
                    style: "STRONG"
                  )
                },
                align: "LEFT"
              )
            )
          }
        )
      },
      style: "DARK",
      padding: "LESS"
    )
  ),
  #"SYSTEM_SYSRULES_sectionLayout_v1"(
    label: "My Requests",
    labelIcon: "align-justify",
    labelColor: "#008080",
    contents: {
      #"SYSTEM_SYSRULES_gridField_v2"(
        label: "",
        labelPosition: "ABOVE",
        data: #"SYSTEM_SYSRULES_recordData"(
          recordType: #"urn:appian:record-type:v1:e29ff48d-88a7-4b94-b317-2a3d3f8f9e4a",
          filters: #"SYSTEM_SYSRULES_queryLogicalExpression"(
            operator: "AND",
            filters: {
              #"SYSTEM_SYSRULES_queryFilter"(
                field: #"urn:appian:record-field:v1:e29ff48d-88a7-4b94-b317-2a3d3f8f9e4a/9498e43f-67fb-4d47-ad24-2aa794e5ee19/a57139dc-5a70-4734-be15-515a09c7ef03",
                operator: "=",
                value: user(loggedInUser(), "email")
              ),
              #"SYSTEM_SYSRULES_queryFilter"(
                field: #"urn:appian:record-field:v1:e29ff48d-88a7-4b94-b317-2a3d3f8f9e4a/5d896fc6-4490-43da-b4f4-eb306a6e3cb4",
                operator: "&lt;&gt;",
                value: "Closed"
              ),
              #"SYSTEM_SYSRULES_queryFilter"(
                field: #"urn:appian:record-field:v1:e29ff48d-88a7-4b94-b317-2a3d3f8f9e4a/5d896fc6-4490-43da-b4f4-eb306a6e3cb4",
                operator: "&lt;&gt;",
                value: "Resolved Rejected"
              )
            },
            ignoreFiltersWithEmptyValues: true
          ),
          relatedRecordData: { #"SYSTEM_SYSRULES_relatedRecordData"() }
        ),
        columns: {
          #"SYSTEM_SYSRULES_gridColumn"(
            label: "Request Id",
            sortField: #"urn:appian:record-field:v1:e29ff48d-88a7-4b94-b317-2a3d3f8f9e4a/0d8ee8a8-99f4-4cf1-9d88-8b16171934da",
            value: #"SYSTEM_SYSRULES_tagField"(
              tags: #"SYSTEM_SYSRULES_tagItem"(
                text: "R" &amp; " " &amp; "#" &amp; fv!row[#"urn:appian:record-field:v1:e29ff48d-88a7-4b94-b317-2a3d3f8f9e4a/0d8ee8a8-99f4-4cf1-9d88-8b16171934da"],
                recordLink: #"SYSTEM_SYSRULES_recordLink"(
                  label: fv!row[#"urn:appian:record-field:v1:e29ff48d-88a7-4b94-b317-2a3d3f8f9e4a/0d8ee8a8-99f4-4cf1-9d88-8b16171934da"],
                  recordType: #"urn:appian:record-type:v1:e29ff48d-88a7-4b94-b317-2a3d3f8f9e4a",
                  identifier: fv!identifier,
                  openLinkIn: "NEW_TAB"
                )
              )
            ),
            backgroundColor: "NONE",
            align: "CENTER"
          ),
          #"SYSTEM_SYSRULES_gridColumn"(
            label: "Customer Need",
            sortField: #"urn:appian:record-field:v1:e29ff48d-88a7-4b94-b317-2a3d3f8f9e4a/9503c12f-5408-4d44-8d15-f6f1530b81d9",
            value: if(
              len(
    fv!row[#"urn:appian:record-field:v1:e29ff48d-88a7-4b94-b317-2a3d3f8f9e4a/9503c12f-5408-4d44-8d15-f6f1530b81d9"]
  ) &gt; 25,
              concat(
                left(
                  fv!row[#"urn:appian:record-field:v1:e29ff48d-88a7-4b94-b317-2a3d3f8f9e4a/9503c12f-5408-4d44-8d15-f6f1530b81d9"],
                  25
                ),
                " ",
                "...."
              ),
              fv!row[#"urn:appian:record-field:v1:e29ff48d-88a7-4b94-b317-2a3d3f8f9e4a/9503c12f-5408-4d44-8d15-f6f1530b81d9"]
            ),
            align: "CENTER"
          ),
          #"SYSTEM_SYSRULES_gridColumn"(
            label: "Status",
            sortField: #"urn:appian:record-field:v1:e29ff48d-88a7-4b94-b317-2a3d3f8f9e4a/5d896fc6-4490-43da-b4f4-eb306a6e3cb4",
            value: #"SYSTEM_SYSRULES_tagField"(
              tags: #"SYSTEM_SYSRULES_tagItem"(
                text: fv!row[#"urn:appian:record-field:v1:e29ff48d-88a7-4b94-b317-2a3d3f8f9e4a/5d896fc6-4490-43da-b4f4-eb306a6e3cb4"],
                backgroundColor: "#008080"
              )
            ),
            align: "CENTER"
          ),
          #"SYSTEM_SYSRULES_gridColumn"(
            label: "Assigned To",
            sortField: #"urn:appian:record-field:v1:e29ff48d-88a7-4b94-b317-2a3d3f8f9e4a/34ecb62a-df27-485a-9080-07712561de57",
            value: fv!row[#"urn:appian:record-field:v1:e29ff48d-88a7-4b94-b317-2a3d3f8f9e4a/34ecb62a-df27-485a-9080-07712561de57"],
            align: "CENTER"
          ),
          #"SYSTEM_SYSRULES_gridColumn"(
            label: "Score",
            sortField: #"urn:appian:record-field:v1:e29ff48d-88a7-4b94-b317-2a3d3f8f9e4a/66ddebfc-bac9-4f5e-b984-4a850ffe1b45",
            value: fv!row[#"urn:appian:record-field:v1:e29ff48d-88a7-4b94-b317-2a3d3f8f9e4a/66ddebfc-bac9-4f5e-b984-4a850ffe1b45"],
            align: "CENTER"
          ),
          #"SYSTEM_SYSRULES_gridColumn"(
            label: "Source Type",
            sortField: #"urn:appian:record-field:v1:e29ff48d-88a7-4b94-b317-2a3d3f8f9e4a/cc07505a-baa5-43c8-b720-f12413639fce",
            value: fv!row[#"urn:appian:record-field:v1:e29ff48d-88a7-4b94-b317-2a3d3f8f9e4a/cc07505a-baa5-43c8-b720-f12413639fce"],
            align: "CENTER"
          )
        },
        initialSorts: {
          #"SYSTEM_SYSRULES_sortInfo"(
            field: #"urn:appian:record-field:v1:e29ff48d-88a7-4b94-b317-2a3d3f8f9e4a/efd67d88-f072-41c9-b384-24367a488e35"
          )
        },
        validations: {},
        refreshAfter: "RECORD_ACTION",
        showSearchBox: true,
        showRefreshButton: true,
        showExportButton: true,
        recordActions: {
          #"SYSTEM_SYSRULES_recordActionItem"(
            action: #"urn:appian:record-action:v1:e29ff48d-88a7-4b94-b317-2a3d3f8f9e4a/bc556dcb-4933-491b-9633-215b4f6ff3f3"
          )
        },
        actionsDisplay: "LABEL_AND_ICON",
        actionsStyle: "TOOLBAR_PRIMARY"
      ),
      #"_a-0000ec4e-764a-8000-9cac-011c48011c48_284297"()
      
    },
    dividerColor: "#dddddd"
  )
  

  
}</definition>
        <preferredEditor>interface</preferredEditor>
        <offlineEnabled>false</offlineEnabled>
        <isCustom>false</isCustom>
    </interface>
    <roleMap public="true">
        <role inherit="true" allowForAll="false" name="readers">
            <users/>
            <groups/>
        </role>
        <role inherit="true" allowForAll="false" name="authors">
            <users/>
            <groups/>
        </role>
        <role inherit="true" allowForAll="false" name="administrators">
            <users/>
            <groups/>
        </role>
        <role inherit="false" allowForAll="false" name="denyReaders">
            <users/>
            <groups/>
        </role>
        <role inherit="false" allowForAll="false" name="denyAuthors">
            <users/>
            <groups/>
        </role>
        <role inherit="false" allowForAll="false" name="denyAdministrators">
            <users/>
            <groups/>
        </role>
    </roleMap>
    <history>
        <historyInfo versionUuid="_a-0000ec5b-a51d-8000-9cae-011c48011c48_294736"/>
    </history>
</contentHaul>
