<?xml version="1.0" encoding="UTF-8" standalone="yes"?>
<contentHaul xmlns:a="http://www.appian.com/ae/types/2009">
    <versionUuid>_a-0000ebfe-97a0-8000-9ca0-011c48011c48_254455</versionUuid>
    <constant>
        <name>SA_TerritoriesList</name>
        <uuid>_a-0000ebfe-97a0-8000-9ca0-011c48011c48_254451</uuid>
        <description>This constant holds all the territories list in india, used for the lead gen form</description>
        <parentUuid>29340692-c7e4-416d-b9f2-435df57cdc04</parentUuid>
        <visibility>
            <advertise>false</advertise>
            <hierarchy>true</hierarchy>
            <indexable>true</indexable>
            <quota>false</quota>
            <searchable>true</searchable>
            <system>false</system>
            <unlogged>false</unlogged>
        </visibility>
        <typedValue>
            <type>
                <name>Text?list</name>
                <namespace>http://www.appian.com/ae/types/2009</namespace>
            </type>
            <value>
                <el>Andhra Pradesh</el>
                <el>Arunachal Pradesh</el>
                <el>Assam</el>
                <el>Bihar</el>
                <el>Chhattisgarh</el>
                <el>Goa</el>
                <el>Gujarat</el>
                <el>Haryana</el>
                <el>Himachal Pradesh</el>
                <el>Jharkhand</el>
                <el>Karnataka</el>
                <el>Kerala</el>
                <el>Madhya Pradesh</el>
                <el>Maharashtra</el>
                <el>Manipur</el>
                <el>Meghalaya</el>
                <el>Mizoram</el>
                <el>Nagaland</el>
                <el>Odisha</el>
                <el>Punjab</el>
                <el>Rajasthan</el>
                <el>Sikkim</el>
                <el>Tamil Nadu</el>
                <el>Telangana</el>
                <el>Tripura</el>
                <el>Uttar Pradesh</el>
                <el>Uttarakhand</el>
                <el>West Bengal</el>
            </value>
        </typedValue>
        <isEnvironmentSpecific>false</isEnvironmentSpecific>
    </constant>
    <roleMap public="true">
        <role inherit="true" allowForAll="false" name="readers">
            <users/>
            <groups/>
        </role>
        <role inherit="true" allowForAll="false" name="authors">
            <users/>
            <groups/>
        </role>
        <role inherit="true" allowForAll="false" name="administrators">
            <users/>
            <groups/>
        </role>
        <role inherit="false" allowForAll="false" name="denyReaders">
            <users/>
            <groups/>
        </role>
        <role inherit="false" allowForAll="false" name="denyAuthors">
            <users/>
            <groups/>
        </role>
        <role inherit="false" allowForAll="false" name="denyAdministrators">
            <users/>
            <groups/>
        </role>
    </roleMap>
    <history>
        <historyInfo versionUuid="_a-0000ebfe-97a0-8000-9ca0-011c48011c48_254455"/>
    </history>
</contentHaul>
