<?xml version="1.0" encoding="UTF-8" standalone="yes"?>
<contentHaul xmlns:a="http://www.appian.com/ae/types/2009">
    <versionUuid>_a-0000ec19-b9d1-8000-9ca4-011c48011c48_257848</versionUuid>
    <rule>
        <name>SA_AgeValidation</name>
        <uuid>_a-0000ec0c-8b27-8000-9ca2-011c48011c48_254694</uuid>
        <description>this expression is used to get age based on Date of birth</description>
        <parentUuid>29340692-c7e4-416d-b9f2-435df57cdc04</parentUuid>
        <visibility>
            <advertise>false</advertise>
            <hierarchy>true</hierarchy>
            <indexable>true</indexable>
            <quota>false</quota>
            <searchable>true</searchable>
            <system>false</system>
            <unlogged>false</unlogged>
        </visibility>
        <definition>if(
  month(today())&gt;month((ri!record)),
  year(today())-year(ri!record),
  if(
    month(today())&lt;month(ri!record),
    year(today())-year(ri!record)-1,
    if(day(today())&lt;day(ri!record),
    year(today())-year(ri!record)-1,
    year(today())-year(ri!record)
    )
  )
)</definition>
        <namedTypedValue>
            <name>record</name>
            <type>
                <name>date</name>
                <namespace>http://www.w3.org/2001/XMLSchema</namespace>
            </type>
        </namedTypedValue>
        <preferredEditor>legacy</preferredEditor>
        <offlineEnabled>false</offlineEnabled>
    </rule>
    <roleMap public="true">
        <role inherit="true" allowForAll="false" name="readers">
            <users/>
            <groups/>
        </role>
        <role inherit="true" allowForAll="false" name="authors">
            <users/>
            <groups/>
        </role>
        <role inherit="true" allowForAll="false" name="administrators">
            <users/>
            <groups/>
        </role>
        <role inherit="false" allowForAll="false" name="denyReaders">
            <users/>
            <groups/>
        </role>
        <role inherit="false" allowForAll="false" name="denyAuthors">
            <users/>
            <groups/>
        </role>
        <role inherit="false" allowForAll="false" name="denyAdministrators">
            <users/>
            <groups/>
        </role>
    </roleMap>
    <history>
        <historyInfo versionUuid="_a-0000ec0c-8b27-8000-9ca2-011c48011c48_255115"/>
        <historyInfo versionUuid="_a-0000ec19-b9d1-8000-9ca4-011c48011c48_257298"/>
        <historyInfo versionUuid="_a-0000ec19-b9d1-8000-9ca4-011c48011c48_257307"/>
        <historyInfo versionUuid="_a-0000ec19-b9d1-8000-9ca4-011c48011c48_257317"/>
        <historyInfo versionUuid="_a-0000ec19-b9d1-8000-9ca4-011c48011c48_257328"/>
        <historyInfo versionUuid="_a-0000ec19-b9d1-8000-9ca4-011c48011c48_257848"/>
    </history>
</contentHaul>
