<?xml version="1.0" encoding="UTF-8" standalone="yes"?>
<contentHaul xmlns:a="http://www.appian.com/ae/types/2009">
    <versionUuid>_a-0000ec34-17d1-8000-9ca8-011c48011c48_273678</versionUuid>
    <constant>
        <name>SA_SalesOperationAppointmentSlots</name>
        <uuid>_a-0000ec26-e8e9-8000-9ca6-011c48011c48_263493</uuid>
        <description>Sales Operation Appointment Slots</description>
        <parentUuid>29340692-c7e4-416d-b9f2-435df57cdc04</parentUuid>
        <visibility>
            <advertise>false</advertise>
            <hierarchy>true</hierarchy>
            <indexable>true</indexable>
            <quota>false</quota>
            <searchable>true</searchable>
            <system>false</system>
            <unlogged>false</unlogged>
        </visibility>
        <typedValue>
            <type>
                <name>Text?list</name>
                <namespace>http://www.appian.com/ae/types/2009</namespace>
            </type>
            <value>
                <el>10</el>
                <el>12</el>
                <el>14</el>
                <el>16</el>
                <el>18</el>
            </value>
        </typedValue>
        <isEnvironmentSpecific>false</isEnvironmentSpecific>
    </constant>
    <roleMap public="true">
        <role inherit="true" allowForAll="false" name="readers">
            <users/>
            <groups/>
        </role>
        <role inherit="true" allowForAll="false" name="authors">
            <users/>
            <groups/>
        </role>
        <role inherit="true" allowForAll="false" name="administrators">
            <users/>
            <groups/>
        </role>
        <role inherit="false" allowForAll="false" name="denyReaders">
            <users/>
            <groups/>
        </role>
        <role inherit="false" allowForAll="false" name="denyAuthors">
            <users/>
            <groups/>
        </role>
        <role inherit="false" allowForAll="false" name="denyAdministrators">
            <users/>
            <groups/>
        </role>
    </roleMap>
    <history>
        <historyInfo versionUuid="_a-0000ec26-e8e9-8000-9ca6-011c48011c48_263858"/>
        <historyInfo versionUuid="_a-0000ec26-e8e9-8000-9ca6-011c48011c48_268217"/>
        <historyInfo versionUuid="_a-0000ec34-17d1-8000-9ca8-011c48011c48_273346"/>
        <historyInfo versionUuid="_a-0000ec34-17d1-8000-9ca8-011c48011c48_273401"/>
        <historyInfo versionUuid="_a-0000ec34-17d1-8000-9ca8-011c48011c48_273678"/>
    </history>
</contentHaul>
