<?xml version="1.0" encoding="UTF-8" standalone="yes"?>
<contentHaul xmlns:a="http://www.appian.com/ae/types/2009">
    <versionUuid>_a-0000ec4e-764a-8000-9cac-011c48011c48_285792</versionUuid>
    <rule>
        <name>SA_PaymentTaskListExpression</name>
        <uuid>_a-0000ec4e-764a-8000-9cac-011c48011c48_284303</uuid>
        <description></description>
        <parentUuid>29340692-c7e4-416d-b9f2-435df57cdc04</parentUuid>
        <visibility>
            <advertise>false</advertise>
            <hierarchy>true</hierarchy>
            <indexable>true</indexable>
            <quota>false</quota>
            <searchable>true</searchable>
            <system>false</system>
            <unlogged>false</unlogged>
        </visibility>
        <definition>a!queryProcessAnalytics(
  report: #"_a-0000ec4e-764a-8000-9cac-011c48011c48_285709",
  contextProcessModels: #"_a-0000ec41-475a-8000-9caa-011c48011c48_280136",
    query: #"SYSTEM_SYSRULES_query"(
          logicalExpression: #"SYSTEM_SYSRULES_queryLogicalExpression"(
        operator: "OR",
        filters: {
          #"SYSTEM_SYSRULES_queryFilter"(
            field: "c4",
            operator: "=",
            value: loggedInUser(),
            applyWhen: a!isNotNullOrEmpty(loggedInUser())
          ),
          /*a!forEach(*/
            /*items: getgroupsformemberuser(loggedInUser()),*/
            /*expression: a!queryFilter(field: "c4", operator: "=", value: fv!item),*/
/**/
          /*),*/

        },

      ),
      pagingInfo: #"SYSTEM_SYSRULES_pagingInfo"(1, 100)

    ),
    
    
) 
</definition>
        <preferredEditor>legacy</preferredEditor>
        <offlineEnabled>false</offlineEnabled>
    </rule>
    <roleMap public="true">
        <role inherit="true" allowForAll="false" name="readers">
            <users/>
            <groups/>
        </role>
        <role inherit="true" allowForAll="false" name="authors">
            <users/>
            <groups/>
        </role>
        <role inherit="true" allowForAll="false" name="administrators">
            <users/>
            <groups/>
        </role>
        <role inherit="false" allowForAll="false" name="denyReaders">
            <users/>
            <groups/>
        </role>
        <role inherit="false" allowForAll="false" name="denyAuthors">
            <users/>
            <groups/>
        </role>
        <role inherit="false" allowForAll="false" name="denyAdministrators">
            <users/>
            <groups/>
        </role>
    </roleMap>
    <history>
        <historyInfo versionUuid="_a-0000ec4e-764a-8000-9cac-011c48011c48_285792"/>
    </history>
</contentHaul>
