<?xml version="1.0" encoding="UTF-8" standalone="yes"?>
<contentHaul xmlns:a="http://www.appian.com/ae/types/2009">
    <versionUuid>_a-0000ec4e-764a-8000-9cac-011c48011c48_292373</versionUuid>
    <interface>
        <name>SA_PaymentScreen</name>
        <uuid>_a-0000ec41-475a-8000-9caa-011c48011c48_275844</uuid>
        <description>Customer Payment Screen</description>
        <parentUuid>_a-0000ebfe-97a0-8000-9ca0-011c48011c48_254323</parentUuid>
        <visibility>
            <advertise>false</advertise>
            <hierarchy>true</hierarchy>
            <indexable>true</indexable>
            <quota>false</quota>
            <searchable>true</searchable>
            <system>false</system>
            <unlogged>false</unlogged>
        </visibility>
        <definition>a!localVariables(
  local!ShowSuccess: false(),
  local!ErrorMsg: false(),
  Local!Result,
  Local!HidePayment: true(),
  #"SYSTEM_SYSRULES_sectionLayout_v1"(
    label: "",
    labelColor: "#008080",
    contents: {
      #"SYSTEM_SYSRULES_sectionLayout_v1"(
        label: "",
        contents: {
          #"SYSTEM_SYSRULES_columnsLayout"(
            columns: {
              #"SYSTEM_SYSRULES_columnLayout"(
                contents: {
                  #"SYSTEM_SYSRULES_richTextDisplayField"(
                    labelPosition: "COLLAPSED",
                    value: {
                      #"SYSTEM_SYSRULES_richTextItem_v1"(
                        text: {
                          " ",
                          #"SYSTEM_SYSRULES_richTextIcon"(icon: "credit-card-solid"),
                          " Enter Payment Details"
                        },
                        color: "#008080",
                        size: "LARGE",
                        style: { "STRONG" }
                      )
                    }
                  ),
                  {
                    /* Error Banner */
                    #"SYSTEM_SYSRULES_cardLayout"(
                      contents: {
                        #"SYSTEM_SYSRULES_sideBySideLayout"(
                          items: {
                            #"SYSTEM_SYSRULES_sideBySideItem"(
                              item: #"SYSTEM_SYSRULES_richTextDisplayField"(
                                labelPosition: "COLLAPSED",
                                value: {
                                  #"SYSTEM_SYSRULES_richTextIcon"(
                                    icon: "exclamation-circle",
                                    color: "NEGATIVE",
                                    size: "MEDIUM"
                                  )
                                }
                              ),
                              width: "MINIMIZE"
                            ),
                            #"SYSTEM_SYSRULES_sideBySideItem"(
                              /* Replace this rich text with your error message */
                              item: #"SYSTEM_SYSRULES_richTextDisplayField"(
                                labelPosition: "COLLAPSED",
                                value: {
                                  #"SYSTEM_SYSRULES_richTextItem_v1"(text: { ri!paymentStatus }, style: "STRONG")
                                }
                              )
                            )
                          },
                          alignVertical: "MIDDLE",
                          spacing: "STANDARD"
                        )
                      },
                      showWhen: a!isNotNullOrEmpty(ri!paymentStatus),
                      style: "ERROR",
                      marginBelow: "STANDARD",
                      accessibilityText: "Error message"
                    ),
                    /* Dismissable Information Banner */
                    load(local!showInformationBanner: true, {})
                  },
                  #"SYSTEM_SYSRULES_textField"(
                    label: "Card Number",
                    labelPosition: "ABOVE",
                    value: ri!cardNumber,
                    saveInto: ri!cardNumber,
                    refreshAfter: "UNFOCUS",
                    characterLimit: 16,
                    validations: {}
                  ),
                  #"SYSTEM_SYSRULES_integerField"(
                    label: "CVV",
                    labelPosition: "ABOVE",
                    placeholder: "321",
                    value: ri!cardCode,
                    saveInto: ri!cardCode,
                    refreshAfter: "UNFOCUS",
                    validations: {}
                  ),
                  #"SYSTEM_SYSRULES_sideBySideLayout"(
                    items: {
                      #"SYSTEM_SYSRULES_sideBySideItem"(
                        item: #"SYSTEM_SYSRULES_integerField"(
                          label: "Expiry Year",
                          labelPosition: "ABOVE",
                          placeholder: "2026",
                          value: ri!expirationDate,
                          saveInto: ri!expirationDate,
                          refreshAfter: "UNFOCUS",
                          validations: {}
                        )
                      ),
                      #"SYSTEM_SYSRULES_sideBySideItem"(
                        item: #"SYSTEM_SYSRULES_integerField"(
                          label: "Expiry Month",
                          labelPosition: "ABOVE",
                          placeholder: "07",
                          value: ri!expiryMonth,
                          saveInto: ri!expiryMonth,
                          refreshAfter: "UNFOCUS",
                          validations: {}
                        )
                      )
                    }
                  ),
                  #"SYSTEM_SYSRULES_integerField"(
                    label: "Amount",
                    labelPosition: "ABOVE",
                    placeholder: "321",
                    value: ri!amount,
                    saveInto: ri!amount,
                    refreshAfter: "UNFOCUS",
                    readOnly: true,
                    validations: {}
                  ),
                  #"SYSTEM_SYSRULES_ButtonArrayLayout"(
                    buttons: {
                      #"SYSTEM_SYSRULES_buttonWidget_v1"(
                        label: "Make Payment",
                        icon: "paper-plane",
                        iconPosition: "START",
                        /*saveInto: {*/
                        /*a!startProcess(*/
                        /*processModel: cons!SA_PaymentIntConstant,*/
                        /*processParameters: {*/
                        /*cardNumber: ri!cardNumber,*/
                        /*expiryMonth: ri!expiryMonth,*/
                        /*expirationDate: ri!expirationDate,*/
                        /*cardCode: ri!cardCode,*/
                        /*amount: ri!cardCode*/
                        /*},*/
                        /*onSuccess: {*/
                        /*a!save(local!Result, fv!processInfo),*/
                        /*a!save(*/
                        /*local!ShowSuccess,*/
                        /*if(*/
                        /*tostring(local!Result.pv.Result.body.messages.resultCode) = "Ok",*/
                        /*true(),*/
                        /*false()*/
                        /*)*/
                        /*),*/
                        /*a!save(local!HidePayment, false())*/
                        /*}*/
                        /*),*/
                        /*{*/
                        /*a!save(*/
                        /*local!ErrorMsg,*/
                        /*if(*/
                        /*tostring(local!Result.pv.Result.body.messages.resultCode) = "Error",*/
                        /*true(),*/
                        /*false()*/
                        /*)*/
                        /*)*/
                        /*}*/
                        /*},*/
                        submit: true,
                        style: "SOLID",
                        color: "#008080"
                      ),
                      #"SYSTEM_SYSRULES_buttonWidget_v1"(
                        label: "Cancel",
                        iconPosition: "END",
                        value: true(),
                        saveInto: ri!cancel,
                        submit: true()
                      )
                    },
                    align: "END",
                    marginAbove: "EVEN_MORE"
                  )
                }
              ),
              #"SYSTEM_SYSRULES_columnLayout"(
                contents: {
                  #"SYSTEM_SYSRULES_imageField_v1"(
                    label: "",
                    labelPosition: "ABOVE",
                    images: {
                      #"SYSTEM_SYSRULES_documentImage"(document: #"_a-0000ec41-475a-8000-9caa-011c48011c48_275877")
                    },
                    size: "LARGE",
                    isThumbnail: false,
                    style: "STANDARD",
                    align: "CENTER"
                  )
                },
                width: "1X"
              ),
              #"SYSTEM_SYSRULES_columnLayout"(contents: {})
            },
            alignVertical: "MIDDLE",
            showWhen: local!HidePayment
          )
        }
      ),
      #"SYSTEM_SYSRULES_sectionLayout_v1"(
        label: "",
        contents: {
          #"SYSTEM_SYSRULES_columnsLayout"(
            columns: {
              #"SYSTEM_SYSRULES_columnLayout"(
                contents: {
                  #"SYSTEM_SYSRULES_columnsLayout"(
                    columns: {
                      #"SYSTEM_SYSRULES_columnLayout"(contents: {}),
                      #"SYSTEM_SYSRULES_columnLayout"(
                        contents: {
                          #"SYSTEM_SYSRULES_imageField_v1"(
                            label: "",
                            labelPosition: "ABOVE",
                            images: {
                              #"SYSTEM_SYSRULES_webImage"(
                                source: "https://cdn.dribbble.com/users/282075/screenshots/4756095/icon_confirmation.gif"
                              )
                            },
                            size: "LARGE",
                            isThumbnail: false,
                            style: "STANDARD",
                            align: "CENTER",
                            marginAbove: "MORE",
                            marginBelow: "MORE"
                          ),
                          #"SYSTEM_SYSRULES_richTextDisplayField"(
                            labelPosition: "COLLAPSED",
                            value: {
                              #"SYSTEM_SYSRULES_richTextItem_v1"(
                                text: {
                                  "Congratulations , Payment successful.  "
                                },
                                color: "#008080",
                                size: "LARGE_PLUS",
                                style: { "STRONG" }
                              ),
                              char(10),
                              char(10),
                              #"SYSTEM_SYSRULES_richTextItem_v1"(
                                text: {
                                  "Invoice Has been Generated, Please Check Your Email."
                                },
                                size: "MEDIUM",
                                style: { "STRONG" }
                              )
                            },
                            align: "CENTER",
                            marginAbove: "MORE",
                            marginBelow: "MORE"
                          ),
                          #"SYSTEM_SYSRULES_richTextDisplayField"(
                            labelPosition: "COLLAPSED",
                            value: {
                              #"SYSTEM_SYSRULES_richTextItem_v1"(
                                text: { #"SYSTEM_SYSRULES_richTextIcon"(icon: "home"), " " },
                                color: "#008080",
                                size: "MEDIUM_PLUS",
                                style: { "STRONG" }
                              ),
                              #"SYSTEM_SYSRULES_richTextItem_v1"(
                                text: {
                                  #"SYSTEM_SYSRULES_richTextItem_v1"(
                                    text: { "Home" },
                                    color: "#008080",
                                    size: "MEDIUM_PLUS",
                                    style: { "STRONG" }
                                  )
                                },
                                link: #"SYSTEM_SYSRULES_safeLink"(
                                  uri: "https://wbjs.appian.community/suite/sites/site",
                                  openLinkIn: "SAME_TAB"
                                ),
                                linkStyle: "INLINE"
                              )
                            },
                            align: "CENTER"
                          )
                        }
                      ),
                      #"SYSTEM_SYSRULES_columnLayout"(contents: {})
                    }
                  ),
                  #"SYSTEM_SYSRULES_sideBySideLayout"(items: {})
                }
              )
            },
            showWhen: local!ShowSuccess
          ),
          #"SYSTEM_SYSRULES_columnsLayout"(
            columns: {
              #"SYSTEM_SYSRULES_columnLayout"(contents: {}),
              #"SYSTEM_SYSRULES_columnLayout"(
                contents: {
                  #"SYSTEM_SYSRULES_imageField_v1"(
                    label: "",
                    labelPosition: "ABOVE",
                    images: #"SYSTEM_SYSRULES_documentImage"(document: #"_a-0000ec41-475a-8000-9caa-011c48011c48_276605"),
                    size: "LARGE",
                    isThumbnail: false,
                    style: "STANDARD",
                    align: "CENTER"
                  ),
                  #"SYSTEM_SYSRULES_richTextDisplayField"(
                    labelPosition: "COLLAPSED",
                    value: {
                      #"SYSTEM_SYSRULES_richTextItem_v1"(
                        text: { "Transaction Failed" },
                        color: "NEGATIVE",
                        size: "LARGE_PLUS",
                        style: { "STRONG" }
                      ),
                      char(10),
                      #"SYSTEM_SYSRULES_richTextItem_v1"(
                        text: {
                          "Your payment could not be processed. Please check your details and try again."
                        },
                        size: "MEDIUM_PLUS",
                        style: { "STRONG" }
                      ),
                      char(10),
                      char(10)
                    },
                    align: "CENTER"
                  ),
                  #"SYSTEM_SYSRULES_ButtonArrayLayout"(
                    buttons: {
                      #"SYSTEM_SYSRULES_buttonWidget_v1"(
                        label: "Try Again",
                        icon: "refresh",
                        saveinto: {
                          a!save(local!HidePayment, true()),
                          a!save(local!ErrorMsg, false()),
                          a!save(ri!amount, null()),
                          a!save(ri!cardNumber, null()),
                          a!save(ri!cardCode, null()),
                          a!save(ri!expirationDate, null()),
                          a!save(ri!expiryMonth, null())
                        },
                        width: "FILL",
                        style: "SOLID",
                        color: "#008080"
                      )
                    },
                    align: "START",
                    marginBelow: "NONE"
                  )
                }
              ),
              #"SYSTEM_SYSRULES_columnLayout"(contents: {})
            },
            showWhen: local!ErrorMsg
          )
        }
      )
    },
    isInitiallyCollapsed: false
  )
)</definition>
        <namedTypedValue>
            <name>cancel</name>
            <type>
                <name>boolean</name>
                <namespace>http://www.w3.org/2001/XMLSchema</namespace>
            </type>
        </namedTypedValue>
        <namedTypedValue>
            <name>cardNumber</name>
            <type>
                <name>string</name>
                <namespace>http://www.w3.org/2001/XMLSchema</namespace>
            </type>
            <value/>
        </namedTypedValue>
        <namedTypedValue>
            <name>expirationDate</name>
            <type>
                <name>int</name>
                <namespace>http://www.w3.org/2001/XMLSchema</namespace>
            </type>
        </namedTypedValue>
        <namedTypedValue>
            <name>expiryMonth</name>
            <type>
                <name>int</name>
                <namespace>http://www.w3.org/2001/XMLSchema</namespace>
            </type>
        </namedTypedValue>
        <namedTypedValue>
            <name>amount</name>
            <type>
                <name>double</name>
                <namespace>http://www.w3.org/2001/XMLSchema</namespace>
            </type>
        </namedTypedValue>
        <namedTypedValue>
            <name>cardCode</name>
            <type>
                <name>int</name>
                <namespace>http://www.w3.org/2001/XMLSchema</namespace>
            </type>
        </namedTypedValue>
        <namedTypedValue>
            <name>paymentStatus</name>
            <type>
                <name>string</name>
                <namespace>http://www.w3.org/2001/XMLSchema</namespace>
            </type>
            <value/>
        </namedTypedValue>
        <preferredEditor>interface</preferredEditor>
        <offlineEnabled>false</offlineEnabled>
        <isCustom>false</isCustom>
    </interface>
    <roleMap public="true">
        <role inherit="true" allowForAll="false" name="readers">
            <users/>
            <groups/>
        </role>
        <role inherit="true" allowForAll="false" name="authors">
            <users/>
            <groups/>
        </role>
        <role inherit="true" allowForAll="false" name="administrators">
            <users/>
            <groups/>
        </role>
        <role inherit="false" allowForAll="false" name="denyReaders">
            <users/>
            <groups/>
        </role>
        <role inherit="false" allowForAll="false" name="denyAuthors">
            <users/>
            <groups/>
        </role>
        <role inherit="false" allowForAll="false" name="denyAdministrators">
            <users/>
            <groups/>
        </role>
    </roleMap>
    <typedValue>
        <type>
            <name>RuleTestConfig?list</name>
            <namespace>http://www.appian.com/ae/types/2009</namespace>
        </type>
        <value>
            <el>
                <a:name/>
                <a:ruleInputTestConfigs>
                    <a:value xmlns:xsd="http://www.w3.org/2001/XMLSchema" xmlns:xsi="http://www.w3.org/2001/XMLSchema-instance" xsi:nil="true" xsi:type="xsd:boolean"/>
                    <a:nameRef>cancel</a:nameRef>
                    <a:id>1</a:id>
                </a:ruleInputTestConfigs>
                <a:ruleInputTestConfigs>
                    <a:value xmlns:xsd="http://www.w3.org/2001/XMLSchema" xmlns:xsi="http://www.w3.org/2001/XMLSchema-instance" xsi:type="xsd:string">411111111111111</a:value>
                    <a:nameRef>cardNumber</a:nameRef>
                    <a:id>2</a:id>
                </a:ruleInputTestConfigs>
                <a:ruleInputTestConfigs>
                    <a:value xmlns:xsd="http://www.w3.org/2001/XMLSchema" xmlns:xsi="http://www.w3.org/2001/XMLSchema-instance" xsi:type="xsd:int">2026</a:value>
                    <a:nameRef>expirationDate</a:nameRef>
                    <a:id>3</a:id>
                </a:ruleInputTestConfigs>
                <a:ruleInputTestConfigs>
                    <a:value xmlns:xsd="http://www.w3.org/2001/XMLSchema" xmlns:xsi="http://www.w3.org/2001/XMLSchema-instance" xsi:type="xsd:int">8</a:value>
                    <a:nameRef>expiryMonth</a:nameRef>
                    <a:id>4</a:id>
                </a:ruleInputTestConfigs>
                <a:ruleInputTestConfigs>
                    <a:value xmlns:xsd="http://www.w3.org/2001/XMLSchema" xmlns:xsi="http://www.w3.org/2001/XMLSchema-instance" xsi:type="xsd:double">108.0</a:value>
                    <a:nameRef>amount</a:nameRef>
                    <a:id>5</a:id>
                </a:ruleInputTestConfigs>
                <a:ruleInputTestConfigs>
                    <a:value xmlns:xsd="http://www.w3.org/2001/XMLSchema" xmlns:xsi="http://www.w3.org/2001/XMLSchema-instance" xsi:type="xsd:int">321</a:value>
                    <a:nameRef>cardCode</a:nameRef>
                    <a:id>6</a:id>
                </a:ruleInputTestConfigs>
                <a:ruleInputTestConfigs>
                    <a:value xmlns:xsd="http://www.w3.org/2001/XMLSchema" xmlns:xsi="http://www.w3.org/2001/XMLSchema-instance" xsi:type="xsd:string"/>
                    <a:nameRef>paymentStatus</a:nameRef>
                    <a:id>7</a:id>
                </a:ruleInputTestConfigs>
                <a:assertions xmlns:xsi="http://www.w3.org/2001/XMLSchema-instance" xsi:nil="true"/>
            </el>
        </value>
    </typedValue>
    <history>
        <historyInfo versionUuid="_a-0000ec4e-764a-8000-9cac-011c48011c48_292373"/>
    </history>
</contentHaul>
