<?xml version="1.0" encoding="UTF-8" standalone="yes"?>
<contentHaul xmlns:a="http://www.appian.com/ae/types/2009">
    <versionUuid>_a-0000ec19-b9d1-8000-9ca4-011c48011c48_261090</versionUuid>
    <interface>
        <name>SA_TestInterface</name>
        <uuid>_a-0000ec19-b9d1-8000-9ca4-011c48011c48_260744</uuid>
        <description></description>
        <parentUuid>_a-0000ebfe-97a0-8000-9ca0-011c48011c48_254323</parentUuid>
        <visibility>
            <advertise>false</advertise>
            <hierarchy>true</hierarchy>
            <indexable>true</indexable>
            <quota>false</quota>
            <searchable>true</searchable>
            <system>false</system>
            <unlogged>false</unlogged>
        </visibility>
        <definition>#"SYSTEM_SYSRULES_forEach"(
  items: ri!customerRecord,
  expression: fv!identifier
)</definition>
        <namedTypedValue>
            <name>AllCustomers</name>
            <type>
                <name>826d8fe7-5a45-4699-b6f9-3c87219188b1?list</name>
                <namespace>urn:com:appian:recordtype:datatype</namespace>
            </type>
        </namedTypedValue>
        <namedTypedValue>
            <name>existingCustomerRecord</name>
            <type>
                <name>826d8fe7-5a45-4699-b6f9-3c87219188b1?list</name>
                <namespace>urn:com:appian:recordtype:datatype</namespace>
            </type>
        </namedTypedValue>
        <namedTypedValue>
            <name>customerRecord</name>
            <type>
                <name>826d8fe7-5a45-4699-b6f9-3c87219188b1?list</name>
                <namespace>urn:com:appian:recordtype:datatype</namespace>
            </type>
        </namedTypedValue>
        <preferredEditor>interface</preferredEditor>
        <offlineEnabled>false</offlineEnabled>
        <isCustom>false</isCustom>
    </interface>
    <roleMap public="true">
        <role inherit="true" allowForAll="false" name="readers">
            <users/>
            <groups/>
        </role>
        <role inherit="true" allowForAll="false" name="authors">
            <users/>
            <groups/>
        </role>
        <role inherit="true" allowForAll="false" name="administrators">
            <users/>
            <groups/>
        </role>
        <role inherit="false" allowForAll="false" name="denyReaders">
            <users/>
            <groups/>
        </role>
        <role inherit="false" allowForAll="false" name="denyAuthors">
            <users/>
            <groups/>
        </role>
        <role inherit="false" allowForAll="false" name="denyAdministrators">
            <users/>
            <groups/>
        </role>
    </roleMap>
    <history>
        <historyInfo versionUuid="_a-0000ec19-b9d1-8000-9ca4-011c48011c48_261090"/>
    </history>
</contentHaul>
