<?xml version="1.0" encoding="UTF-8" standalone="yes"?>
<contentHaul xmlns:a="http://www.appian.com/ae/types/2009">
    <versionUuid>_a-0000ec4e-764a-8000-9cac-011c48011c48_292322</versionUuid>
    <interface>
        <name>SA_Capture_Lead_Details</name>
        <uuid>_a-0000ec34-17d1-8000-9ca8-011c48011c48_275019</uuid>
        <description>Sales representative will be capturing need, Budget and other crucial details of the lead</description>
        <parentUuid>_a-0000ebfe-97a0-8000-9ca0-011c48011c48_254323</parentUuid>
        <visibility>
            <advertise>false</advertise>
            <hierarchy>true</hierarchy>
            <indexable>true</indexable>
            <quota>false</quota>
            <searchable>true</searchable>
            <system>false</system>
            <unlogged>false</unlogged>
        </visibility>
        <definition>{
  #"SYSTEM_SYSRULES_sectionLayout_v1"(
    label: "Request Insights",
    labelSize: "MEDIUM",
    labelHeadingTag: "H2",
    labelColor: "STANDARD",
    contents: {
      a!localVariables(
        local!editDetails: false(),
        {
          /*a!sectionLayout(*/
            /*contents: {*/
              /*a!columnsLayout(*/
                /*columns: {*/
                  /*a!columnLayout(),*/
                  /*a!columnLayout(),*/
                  /*a!columnLayout(*/
                    /*contents: {*/
                      /*a!cardLayout(*/
                        /*contents: a!richTextDisplayField(*/
                          /*value: a!richTextItem(*/
                            /*text: {*/
                              /*a!richTextIcon(*/
                                /*icon: "pencil-square-o",*/
                                /*color: "#008080",*/
                                /*size: "MEDIUM_PLUS"*/
                              /*),*/
                              /*"  ",*/
                              /*"  Edit Lead Details"*/
                            /*},*/
                            /*color: "#008080",*/
                            /*size: "MEDIUM",*/
                            /*style: "STRONG"*/
                          /*),*/
                          /*align: "CENTER"*/
                        /*),*/
                        /*link:a!dynamicLink(*/
                          /*value: true(),*/
                          /*saveInto: local!editDetails*/
                        /*),*/
                        /*showWhen: local!editDetails = false(),*/
                        /*style: "TRANSPARENT",*/
                        /*showShadow: true(),*/
                        /*decorativeBarPosition: "BOTTOM",*/
                        /*decorativeBarColor: "#008080"*/
                      /*),*/
                      /*a!cardLayout(*/
                        /*contents: a!richTextDisplayField(*/
                          /*value: a!richTextItem(*/
                            /*text: {*/
                              /*a!richTextIcon(*/
                                /*icon: "floppy-o",*/
                                /*color: "#008080",*/
                                /*size: "MEDIUM_PLUS"*/
                              /*),*/
                              /*" Save Lead Details"*/
                            /*},*/
                            /*color: "#008080",*/
                            /*size: "MEDIUM",*/
                            /*style: "STRONG"*/
                          /*),*/
                          /*align: "CENTER"*/
                        /*),*/
                        /*link: {a!dynamicLink(*/
                          /*value: false(),*/
                          /*saveInto: local!editDetails*/
                        /*)*/
                       /*},*/
                        /*showWhen: local!editDetails = true(),*/
                        /*style: "TRANSPARENT",*/
                        /*showShadow: true(),*/
                        /*decorativeBarPosition: "BOTTOM",*/
                        /*decorativeBarColor: "#008080"*/
                      /*)*/
                    /*}*/
                  /*)*/
                /*}*/
              /*)*/
            /*}*/
          /*),*/
          #"SYSTEM_SYSRULES_columnsLayout"(
            columns: {
              #"SYSTEM_SYSRULES_columnLayout"(
                contents: {
                  #"SYSTEM_SYSRULES_integerField"(
                    label: "Estimated Customer Budget",
                    labelPosition: "JUSTIFIED",
                    value: a!defaultValue(
                      ri!requestRecord[#"urn:appian:record-field:v1:e29ff48d-88a7-4b94-b317-2a3d3f8f9e4a/3ac99b4f-ac7f-457d-a324-fdf312b35300"],
                      "-"
                    ),
                    saveInto: ri!requestRecord[#"urn:appian:record-field:v1:e29ff48d-88a7-4b94-b317-2a3d3f8f9e4a/3ac99b4f-ac7f-457d-a324-fdf312b35300"],
                    readOnly: true()
                  )
                }
              ),
              #"SYSTEM_SYSRULES_columnLayout"(
                contents: {
                  if(
                    local!editDetails = true(),
                    #"SYSTEM_SYSRULES_dateField"(
                      label: "Timeline",
                      labelPosition: "JUSTIFIED",
                      value: ri!requestRecord[#"urn:appian:record-field:v1:e29ff48d-88a7-4b94-b317-2a3d3f8f9e4a/4faed056-b251-44ee-a8ad-b7ec36e911dd"],
                      saveInto: ri!requestRecord[#"urn:appian:record-field:v1:e29ff48d-88a7-4b94-b317-2a3d3f8f9e4a/4faed056-b251-44ee-a8ad-b7ec36e911dd"],
                      readOnly: if(
                        local!editDetails = true(),
                        false(),
                        true()
                      )
                    ),
                    #"SYSTEM_SYSRULES_richTextDisplayField"(
                      label: "Timeline",
                      labelPosition: "JUSTIFIED",
                      value: if(
                        a!isNullOrEmpty(
                          ri!requestRecord[#"urn:appian:record-field:v1:e29ff48d-88a7-4b94-b317-2a3d3f8f9e4a/4faed056-b251-44ee-a8ad-b7ec36e911dd"]
                        ),
                        "–",
                        {
                          #"SYSTEM_SYSRULES_richTextIcon"(icon: "calendar", color: "SECONDARY"),
                          " ",
                          #"SYSTEM_SYSRULES_richTextItem_v1"(
                            text: text(
                              ri!requestRecord[#"urn:appian:record-field:v1:e29ff48d-88a7-4b94-b317-2a3d3f8f9e4a/4faed056-b251-44ee-a8ad-b7ec36e911dd"],
                              "mmmm d, yyyy"
                            )
                          )
                        }
                      )
                    )
                  )
                }
              )
            }
          ),
          #"SYSTEM_SYSRULES_sectionLayout_v1"(
            contents: #"SYSTEM_SYSRULES_paragraphField"(
              label: "Customer Need",
              labelPosition: "JUSTIFIED",
              value: ri!requestRecord[#"urn:appian:record-field:v1:e29ff48d-88a7-4b94-b317-2a3d3f8f9e4a/9503c12f-5408-4d44-8d15-f6f1530b81d9"],
              saveInto: ri!requestRecord[#"urn:appian:record-field:v1:e29ff48d-88a7-4b94-b317-2a3d3f8f9e4a/9503c12f-5408-4d44-8d15-f6f1530b81d9"],
              height: "SHORT",
              readOnly: true()
            )
          )
        }
      )
      
    },
    divider: "ABOVE",
    marginAbove: "STANDARD",
    marginBelow: "MORE"
  )
}</definition>
        <namedTypedValue>
            <name>requestRecord</name>
            <type>
                <name>e29ff48d-88a7-4b94-b317-2a3d3f8f9e4a</name>
                <namespace>urn:com:appian:recordtype:datatype</namespace>
            </type>
        </namedTypedValue>
        <preferredEditor>interface</preferredEditor>
        <offlineEnabled>false</offlineEnabled>
        <isCustom>false</isCustom>
    </interface>
    <roleMap public="true">
        <role inherit="true" allowForAll="false" name="readers">
            <users/>
            <groups/>
        </role>
        <role inherit="true" allowForAll="false" name="authors">
            <users/>
            <groups/>
        </role>
        <role inherit="true" allowForAll="false" name="administrators">
            <users/>
            <groups/>
        </role>
        <role inherit="false" allowForAll="false" name="denyReaders">
            <users/>
            <groups/>
        </role>
        <role inherit="false" allowForAll="false" name="denyAuthors">
            <users/>
            <groups/>
        </role>
        <role inherit="false" allowForAll="false" name="denyAdministrators">
            <users/>
            <groups/>
        </role>
    </roleMap>
    <history>
        <historyInfo versionUuid="_a-0000ec4e-764a-8000-9cac-011c48011c48_292322"/>
    </history>
</contentHaul>
