<?xml version="1.0" encoding="UTF-8" standalone="yes"?>
<contentHaul xmlns:a="http://www.appian.com/ae/types/2009">
    <versionUuid>_a-0000ec5b-a51d-8000-9cae-011c48011c48_294675</versionUuid>
    <rule>
        <name>SA_SetSOTMember</name>
        <uuid>_a-0000ec4e-764a-8000-9cac-011c48011c48_293207</uuid>
        <description></description>
        <parentUuid>29340692-c7e4-416d-b9f2-435df57cdc04</parentUuid>
        <visibility>
            <advertise>false</advertise>
            <hierarchy>true</hierarchy>
            <indexable>true</indexable>
            <quota>false</quota>
            <searchable>true</searchable>
            <system>false</system>
            <unlogged>false</unlogged>
        </visibility>
        <definition>a!localVariables(
  local!SOTmembers: index(
    #"SYSTEM_SYSRULES_queryRecordType_v1"(
      recordType: #"urn:appian:record-type:v1:ced67f35-eb65-455a-a3a3-9ed2485a7aa6",
      fields: #"urn:appian:record-field:v1:ced67f35-eb65-455a-a3a3-9ed2485a7aa6/900e6d26-c2de-42a3-8f86-71cc3e26b0de",
      pagingInfo: #"SYSTEM_SYSRULES_pagingInfo"(startIndex: 1, batchSize: 6)
    ).data,
    #"urn:appian:record-field:v1:ced67f35-eb65-455a-a3a3-9ed2485a7aa6/900e6d26-c2de-42a3-8f86-71cc3e26b0de"
  ),
  /*local!bookedMembers: index(*/
  /*reject(*/
  /*fn!isnull,*/
  /*a!forEach(*/
  /*a!queryRecordType(*/
  /*recordType: 'recordType!{1c2f650b-ac49-4aac-ae9e-964bc6fd7ef0}SA Sales Operation Team Appointment',*/
  /*fields: {*/
  /*'recordType!{1c2f650b-ac49-4aac-ae9e-964bc6fd7ef0}SA Sales Operation Team Appointment.fields.{cfc3014a-af99-4e5f-a47d-8e433f66dfd2}appointmentTime',*/
  /*'recordType!{1c2f650b-ac49-4aac-ae9e-964bc6fd7ef0}SA Sales Operation Team Appointment.fields.{96b40237-c643-4cb7-9a64-f4a39bb826f6}appointedMember',*/
  /*'recordType!{1c2f650b-ac49-4aac-ae9e-964bc6fd7ef0}SA Sales Operation Team Appointment.fields.{8a55eded-1d1f-469c-9882-fc3cbb7567a1}appointmentDate'*/
  /*},*/
  /*pagingInfo: a!pagingInfo(startIndex: 1, batchSize: 20)*/
  /*).data,*/
  /*if(*/
  /*and(*/
  /*fv!item['recordType!{1c2f650b-ac49-4aac-ae9e-964bc6fd7ef0}SA Sales Operation Team Appointment.fields.{8a55eded-1d1f-469c-9882-fc3cbb7567a1}appointmentDate'] = ri!appointmentDetails['recordType!{1c2f650b-ac49-4aac-ae9e-964bc6fd7ef0}SA Sales Operation Team Appointment.fields.{8a55eded-1d1f-469c-9882-fc3cbb7567a1}appointmentDate'],*/
  /*fv!item['recordType!{1c2f650b-ac49-4aac-ae9e-964bc6fd7ef0}SA Sales Operation Team Appointment.fields.{cfc3014a-af99-4e5f-a47d-8e433f66dfd2}appointmentTime'] = ri!appointmentDetails['recordType!{1c2f650b-ac49-4aac-ae9e-964bc6fd7ef0}SA Sales Operation Team Appointment.fields.{cfc3014a-af99-4e5f-a47d-8e433f66dfd2}appointmentTime']*/
  /*),*/
  /*fv!item,*/
  /*null()*/
  /*)*/
  /*)*/
  /*),*/
  /*'recordType!{1c2f650b-ac49-4aac-ae9e-964bc6fd7ef0}SA Sales Operation Team Appointment.fields.{96b40237-c643-4cb7-9a64-f4a39bb826f6}appointedMember'*/
  /*),*/
  local!bookedSOTmembers: index(#"SYSTEM_SYSRULES_queryRecordType_v1"(
    recordType: #"urn:appian:record-type:v1:1c2f650b-ac49-4aac-ae9e-964bc6fd7ef0",
    fields: {
      #"urn:appian:record-field:v1:1c2f650b-ac49-4aac-ae9e-964bc6fd7ef0/cfc3014a-af99-4e5f-a47d-8e433f66dfd2",
      #"urn:appian:record-field:v1:1c2f650b-ac49-4aac-ae9e-964bc6fd7ef0/96b40237-c643-4cb7-9a64-f4a39bb826f6",
      #"urn:appian:record-field:v1:1c2f650b-ac49-4aac-ae9e-964bc6fd7ef0/8a55eded-1d1f-469c-9882-fc3cbb7567a1"
    },
    filters: #"SYSTEM_SYSRULES_queryLogicalExpression"(
      operator: "AND",
      filters: {
        #"SYSTEM_SYSRULES_queryFilter"(field: #"urn:appian:record-field:v1:1c2f650b-ac49-4aac-ae9e-964bc6fd7ef0/8a55eded-1d1f-469c-9882-fc3cbb7567a1" ,
        operator: "=",
        value: a!defaultValue(ri!appointmentDetails[#"urn:appian:record-field:v1:1c2f650b-ac49-4aac-ae9e-964bc6fd7ef0/8a55eded-1d1f-469c-9882-fc3cbb7567a1"],today())
        ),
        #"SYSTEM_SYSRULES_queryFilter"(
          field: #"urn:appian:record-field:v1:1c2f650b-ac49-4aac-ae9e-964bc6fd7ef0/cfc3014a-af99-4e5f-a47d-8e433f66dfd2",
          operator: "=",
          value: a!defaultValue(ri!appointmentDetails[#"urn:appian:record-field:v1:1c2f650b-ac49-4aac-ae9e-964bc6fd7ef0/cfc3014a-af99-4e5f-a47d-8e433f66dfd2"],1)
        )
      }
    ),
    pagingInfo: #"SYSTEM_SYSRULES_pagingInfo"(startIndex: 1, batchSize: 20)
  ).data,#"urn:appian:record-field:v1:1c2f650b-ac49-4aac-ae9e-964bc6fd7ef0/96b40237-c643-4cb7-9a64-f4a39bb826f6"),
  if(a!isNullOrEmpty(local!bookedSOTmembers),
  local!SOTmembers[1],
  difference(local!SOTmembers, local!bookedSOTmembers)[1]
  ))</definition>
        <namedTypedValue>
            <name>requestRecord</name>
            <type>
                <name>e29ff48d-88a7-4b94-b317-2a3d3f8f9e4a</name>
                <namespace>urn:com:appian:recordtype:datatype</namespace>
            </type>
        </namedTypedValue>
        <namedTypedValue>
            <name>appointmentDetails</name>
            <type>
                <name>1c2f650b-ac49-4aac-ae9e-964bc6fd7ef0</name>
                <namespace>urn:com:appian:recordtype:datatype</namespace>
            </type>
        </namedTypedValue>
        <preferredEditor>legacy</preferredEditor>
        <offlineEnabled>false</offlineEnabled>
    </rule>
    <roleMap public="true">
        <role inherit="true" allowForAll="false" name="readers">
            <users/>
            <groups/>
        </role>
        <role inherit="true" allowForAll="false" name="authors">
            <users/>
            <groups/>
        </role>
        <role inherit="true" allowForAll="false" name="administrators">
            <users/>
            <groups/>
        </role>
        <role inherit="false" allowForAll="false" name="denyReaders">
            <users/>
            <groups/>
        </role>
        <role inherit="false" allowForAll="false" name="denyAuthors">
            <users/>
            <groups/>
        </role>
        <role inherit="false" allowForAll="false" name="denyAdministrators">
            <users/>
            <groups/>
        </role>
    </roleMap>
    <history>
        <historyInfo versionUuid="_a-0000ec5b-a51d-8000-9cae-011c48011c48_294675"/>
    </history>
</contentHaul>
