<?xml version="1.0" encoding="UTF-8" standalone="yes"?>
<contentHaul xmlns:a="http://www.appian.com/ae/types/2009">
    <versionUuid>_a-0000ec19-b9d1-8000-9ca4-011c48011c48_258372</versionUuid>
    <rule>
        <name>SA_CustomerIdtoRequestMapping</name>
        <uuid>_a-0000ec19-b9d1-8000-9ca4-011c48011c48_258127</uuid>
        <description>This expression is used to map Customer Id to Request
</description>
        <parentUuid>29340692-c7e4-416d-b9f2-435df57cdc04</parentUuid>
        <visibility>
            <advertise>false</advertise>
            <hierarchy>true</hierarchy>
            <indexable>true</indexable>
            <quota>false</quota>
            <searchable>true</searchable>
            <system>false</system>
            <unlogged>false</unlogged>
        </visibility>
        <definition>/*a!localVariables(*/
/*  */
  /*local!value, local!position,*/
  /*a!forEach(*/
/*    */
    /*items: index(ri!customerRecord,'recordType!{826d8fe7-5a45-4699-b6f9-3c87219188b1}SA Customer.fields.{1a9e0b17-7436-44e6-a796-b29627a62548}customerId',0),*/
    /*expression: {*/
    /*local!position = fv!index,*/
    /*local!value = fv!item,*/
    /*a!forEach(*/
      /*items : ri!requestRecord,*/
      /*expression:*/
      /*fv!item['recordType!{826d8fe7-5a45-4699-b6f9-3c87219188b1}SA Customer.fields.{1a9e0b17-7436-44e6-a796-b29627a62548}customerId']= if(*/
        /*fv!index = local!position, */
        /*local!value,*/
        /*fv!item['recordType!{826d8fe7-5a45-4699-b6f9-3c87219188b1}SA Customer.fields.{1a9e0b17-7436-44e6-a796-b29627a62548}customerId']*/
      /*)*/
    /*)*/
    /*}*/
  /*)*/
/*)*/
#"SYSTEM_SYSRULES_forEach"(
  items: ri!requestRecord,
  expression:
  fv!item[#"urn:appian:record-field:v1:826d8fe7-5a45-4699-b6f9-3c87219188b1/1a9e0b17-7436-44e6-a796-b29627a62548"] = 
  index(ri!customerRecord,#"urn:appian:record-field:v1:826d8fe7-5a45-4699-b6f9-3c87219188b1/1a9e0b17-7436-44e6-a796-b29627a62548", fv!index)
)</definition>
        <namedTypedValue>
            <name>customerRecord</name>
            <type>
                <name>826d8fe7-5a45-4699-b6f9-3c87219188b1?list</name>
                <namespace>urn:com:appian:recordtype:datatype</namespace>
            </type>
        </namedTypedValue>
        <namedTypedValue>
            <name>requestRecord</name>
            <type>
                <name>e29ff48d-88a7-4b94-b317-2a3d3f8f9e4a?list</name>
                <namespace>urn:com:appian:recordtype:datatype</namespace>
            </type>
        </namedTypedValue>
        <preferredEditor>legacy</preferredEditor>
        <offlineEnabled>false</offlineEnabled>
    </rule>
    <roleMap public="true">
        <role inherit="true" allowForAll="false" name="readers">
            <users/>
            <groups/>
        </role>
        <role inherit="true" allowForAll="false" name="authors">
            <users/>
            <groups/>
        </role>
        <role inherit="true" allowForAll="false" name="administrators">
            <users/>
            <groups/>
        </role>
        <role inherit="false" allowForAll="false" name="denyReaders">
            <users/>
            <groups/>
        </role>
        <role inherit="false" allowForAll="false" name="denyAuthors">
            <users/>
            <groups/>
        </role>
        <role inherit="false" allowForAll="false" name="denyAdministrators">
            <users/>
            <groups/>
        </role>
    </roleMap>
    <history>
        <historyInfo versionUuid="_a-0000ec19-b9d1-8000-9ca4-011c48011c48_258372"/>
    </history>
</contentHaul>
