<?xml version="1.0" encoding="UTF-8" standalone="yes"?>
<contentHaul xmlns:a="http://www.appian.com/ae/types/2009">
    <versionUuid>_a-0000ec34-17d1-8000-9ca8-011c48011c48_271511</versionUuid>
    <report>
        <name>SA_AppointmentTaskReport</name>
        <uuid>_a-0000ec34-17d1-8000-9ca8-011c48011c48_271170</uuid>
        <description>SA_AppointmentTaskReport</description>
        <parentUuid>163478f9-8d81-47bc-b6d0-8185f0e22d4a</parentUuid>
        <visibility>
            <advertise>false</advertise>
            <hierarchy>true</hierarchy>
            <indexable>true</indexable>
            <quota>false</quota>
            <searchable>true</searchable>
            <system>false</system>
            <unlogged>false</unlogged>
        </visibility>
        <reportData>
            <metadata>
                <baseFilters>
                    <completedFilter>
                        <apply>false</apply>
                    </completedFilter>
                    <outsideNStandardDeviationsFilter>
                        <apply>false</apply>
                        <standardDeviationCount>0.0</standardDeviationCount>
                    </outsideNStandardDeviationsFilter>
                    <lastNCompletedFilter>
                        <apply>false</apply>
                        <completedCount>0</completedCount>
                    </lastNCompletedFilter>
                    <aheadOfScheduleFilter>
                        <apply>false</apply>
                    </aheadOfScheduleFilter>
                    <runningFilter>
                        <apply>true</apply>
                    </runningFilter>
                    <behindScheduleFilter>
                        <apply>false</apply>
                    </behindScheduleFilter>
                    <lastNDaysFilter>
                        <apply>false</apply>
                        <dayCount>0.0</dayCount>
                    </lastNDaysFilter>
                    <dueTodayFilter>
                        <apply>false</apply>
                    </dueTodayFilter>
                </baseFilters>
                <batchSize>25</batchSize>
                <columns>
                    <column>
                        <drillPath>
                            <enabled>true</enabled>
                            <expression>=tp!id</expression>
                            <linkType>2</linkType>
                        </drillPath>
                        <expression>=tp!name</expression>
                        <formatToken>string</formatToken>
                        <group>false</group>
                        <lastFormatToken>string</lastFormatToken>
                        <localId>0</localId>
                        <name>Name</name>
                        <show>true</show>
                    </column>
                    <column>
                        <drillPath>
                            <enabled>false</enabled>
                        </drillPath>
                        <expression>=task_status()</expression>
                        <formatToken>taskstatus</formatToken>
                        <group>false</group>
                        <lastFormatToken>taskstatus</lastFormatToken>
                        <localId>1</localId>
                        <name>Status</name>
                        <show>true</show>
                    </column>
                    <column>
                        <drillPath>
                            <enabled>false</enabled>
                        </drillPath>
                        <expression>=pp!name</expression>
                        <formatToken>string</formatToken>
                        <group>false</group>
                        <lastFormatToken>string</lastFormatToken>
                        <localId>2</localId>
                        <name>Process</name>
                        <show>true</show>
                    </column>
                    <column>
                        <drillPath>
                            <enabled>false</enabled>
                        </drillPath>
                        <expression>=tp!starttime</expression>
                        <formatToken>datetime</formatToken>
                        <group>false</group>
                        <lastFormatToken>datetime</lastFormatToken>
                        <localId>3</localId>
                        <name>Start Time</name>
                        <show>true</show>
                    </column>
                    <column>
                        <drillPath>
                            <enabled>false</enabled>
                            <expression>=tp!id</expression>
                        </drillPath>
                        <expression>=tp!assignees</expression>
                        <formatToken>people</formatToken>
                        <group>false</group>
                        <lastFormatToken>people</lastFormatToken>
                        <localId>4</localId>
                        <name>Assigned To</name>
                        <show>true</show>
                    </column>
                </columns>
                <contexts>
                    <context>
                        <stringId>0002ec2f-4c9b-8000-12ef-7f0000014e7a</stringId>
                        <type>20480</type>
                    </context>
                </contexts>
                <contextType>1</contextType>
                <quickFilters/>
                <recursive>false</recursive>
                <sortColumnLocalId>2</sortColumnLocalId>
                <sortOrder>0</sortOrder>
                <startIndex>0</startIndex>
                <type>2</type>
            </metadata>
            <display>
                <description>SA_AppointmentTaskReport</description>
                <displayThresholds>false</displayThresholds>
                <displayType>0</displayType>
                <name>SA_AppointmentTaskReport</name>
                <quickFilterDisplay>0</quickFilterDisplay>
                <showLegend>true</showLegend>
                <showQuickFiltersInToolbar>true</showQuickFiltersInToolbar>
                <supportedTypes>
                    <supportedType>0</supportedType>
                    <supportedType>1</supportedType>
                    <supportedType>2</supportedType>
                    <supportedType>3</supportedType>
                    <supportedType>4</supportedType>
                    <supportedType>5</supportedType>
                    <supportedType>6</supportedType>
                    <supportedType>7</supportedType>
                </supportedTypes>
                <useCustomToolbar>false</useCustomToolbar>
                <useDefaultBarGraphXML>true</useDefaultBarGraphXML>
                <useDefaultLineGraphXML>true</useDefaultLineGraphXML>
                <useDefaultPieGraphXML>true</useDefaultPieGraphXML>
            </display>
            <modified>false</modified>
            <showDisplayOptions>false</showDisplayOptions>
            <showTitle>false</showTitle>
            <showToolbar>false</showToolbar>
            <view>0</view>
            <writeAccess>false</writeAccess>
        </reportData>
    </report>
    <roleMap public="true">
        <role inherit="true" allowForAll="false" name="readers">
            <users/>
            <groups/>
        </role>
        <role inherit="true" allowForAll="false" name="authors">
            <users/>
            <groups/>
        </role>
        <role inherit="true" allowForAll="false" name="administrators">
            <users/>
            <groups/>
        </role>
        <role inherit="false" allowForAll="false" name="denyReaders">
            <users/>
            <groups/>
        </role>
        <role inherit="false" allowForAll="false" name="denyAuthors">
            <users/>
            <groups/>
        </role>
        <role inherit="false" allowForAll="false" name="denyAdministrators">
            <users/>
            <groups/>
        </role>
    </roleMap>
    <history>
        <historyInfo versionUuid="_a-0000ec34-17d1-8000-9ca8-011c48011c48_271511"/>
    </history>
</contentHaul>
