<?xml version="1.0" encoding="UTF-8" standalone="yes"?>
<contentHaul xmlns:a="http://www.appian.com/ae/types/2009">
    <versionUuid>_a-0000ec4e-764a-8000-9cac-011c48011c48_293206</versionUuid>
    <interface>
        <name>SA_BookSOTAppointment</name>
        <uuid>_a-0000ebfe-97a0-8000-9ca0-011c48011c48_254288</uuid>
        <description>Details of the customer are captured and an appointment is booked for the desired sales operation member</description>
        <parentUuid>_a-0000ebfe-97a0-8000-9ca0-011c48011c48_254323</parentUuid>
        <visibility>
            <advertise>false</advertise>
            <hierarchy>true</hierarchy>
            <indexable>true</indexable>
            <quota>false</quota>
            <searchable>true</searchable>
            <system>false</system>
            <unlogged>false</unlogged>
        </visibility>
        <definition>a!localVariables(
  local!submit: false,
  local!appointmentDate,
  local!index: index(
    index(
      #"SYSTEM_SYSRULES_queryRecordType_v1"(
        recordType: #"urn:appian:record-type:v1:826d8fe7-5a45-4699-b6f9-3c87219188b1",
        fields: {
          #"urn:appian:record-field:v1:826d8fe7-5a45-4699-b6f9-3c87219188b1/a57139dc-5a70-4734-be15-515a09c7ef03"
        },
        pagingInfo: #"SYSTEM_SYSRULES_pagingInfo"(1, 4999)
      ),
      "Data",
      {}
    ),
    #"urn:appian:record-field:v1:826d8fe7-5a45-4699-b6f9-3c87219188b1/a57139dc-5a70-4734-be15-515a09c7ef03",
    {}
  ),
  {
    #"SYSTEM_SYSRULES_sectionLayout_v1"(
      contents: {
        #"SYSTEM_SYSRULES_richTextDisplayField"(
          labelPosition: "COLLAPSED",
          value: {
            #"SYSTEM_SYSRULES_richTextItem_v1"(
              text: "Reserve Your Slot",
              color: "#008080",
              size: "LARGE",
              style: "STRONG"
            )
          }
        ),
        #"SYSTEM_SYSRULES_richTextDisplayField"(
          labelPosition: "COLLAPSED",
          value: #"SYSTEM_SYSRULES_richTextItem_v1"(
            text: "Book an appointment to learn more about your business need",
            color: "#008080",
            size: "MEDIUM_PLUS",
            style: "PLAIN"
          )
        ),
        #"SYSTEM_SYSRULES_columnsLayout"(
          columns: {
            #"SYSTEM_SYSRULES_columnLayout"(
              contents: {
                #"SYSTEM_SYSRULES_imageField_v1"(
                  label: "Image",
                  labelPosition: "COLLAPSED",
                  images: {#"SYSTEM_SYSRULES_documentImage"(
                    document: #"_a-0000ec26-e8e9-8000-9ca6-011c48011c48_267727"
                  )
                    /*a!webImage(*/
                      /*source: "https://cdn.pixabay.com/photo/2017/02/14/07/54/sale-2065116_1280.jpg"*/
                    /*)*/
                  },
                  size: "LARGE",
                  isThumbnail: false,
                  style: "STANDARD"
                )
              },
              width: "MEDIUM"
            ),
            #"SYSTEM_SYSRULES_columnLayout"(
              contents: {
                /*a!cardLayout(*/
                  /*contents: {*/
                    /*a!sideBySideLayout(*/
                      /*items: {*/
                        /*a!sideBySideItem(*/
                          /*item: a!textField(*/
                            /*label: "First Name",*/
                            /*labelPosition: "JUSTIFIED",*/
                            /*value: ri!customerRecord['recordType!{826d8fe7-5a45-4699-b6f9-3c87219188b1}SA Customer.fields.{7ade2570-b8f3-49e2-bca3-3d032ef8ff7c}firstName'],*/
                            /*saveInto: ri!customerRecord['recordType!{826d8fe7-5a45-4699-b6f9-3c87219188b1}SA Customer.fields.{7ade2570-b8f3-49e2-bca3-3d032ef8ff7c}firstName'],*/
                            /*refreshAfter: "UNFOCUS",*/
                            /*required: true(),*/
                            /*validations: {}*/
                          /*)*/
                        /*),*/
                        /*a!sideBySideItem(*/
                          /*item: a!textField(*/
                            /*label: "Last Name",*/
                            /*labelPosition: "JUSTIFIED",*/
                            /*value: ri!customerRecord['recordType!{826d8fe7-5a45-4699-b6f9-3c87219188b1}SA Customer.fields.{4f49b7d0-7f7a-4c62-8cd7-df382708b3ad}lastName'],*/
                            /*saveInto: ri!customerRecord['recordType!{826d8fe7-5a45-4699-b6f9-3c87219188b1}SA Customer.fields.{4f49b7d0-7f7a-4c62-8cd7-df382708b3ad}lastName'],*/
                            /*refreshAfter: "UNFOCUS",*/
                            /*required: true(),*/
                            /*validations: {}*/
                          /*)*/
                        /*)*/
                      /*}*/
                    /*),*/
                    /*a!sideBySideLayout(*/
                      /*items: {*/
                        /*a!sideBySideItem(*/
                          /*item: a!dateField(*/
                            /*label: "Date of Birth",*/
                            /*labelPosition: "JUSTIFIED",*/
                            /*helpTooltip: "Please select your date of birth",*/
                            /*value: ri!customerRecord['recordType!{826d8fe7-5a45-4699-b6f9-3c87219188b1}SA Customer.fields.{9f192029-7f04-49ba-b621-111f1cfae4d7}dob'],*/
                            /*saveInto: {*/
                              /*ri!customerRecord['recordType!{826d8fe7-5a45-4699-b6f9-3c87219188b1}SA Customer.fields.{9f192029-7f04-49ba-b621-111f1cfae4d7}dob'],*/
                              /*a!save(*/
                                /*ri!age,*/
                                /*if(*/
                                  /*a!isNullOrEmpty(*/
                                    /*ri!customerRecord['recordType!{826d8fe7-5a45-4699-b6f9-3c87219188b1}SA Customer.fields.{9f192029-7f04-49ba-b621-111f1cfae4d7}dob']*/
                                  /*),*/
                                  /*{},*/
                                  /*rule!SA_AgeValidation(*/
                                    /*record: ri!customerRecord['recordType!{826d8fe7-5a45-4699-b6f9-3c87219188b1}SA Customer.fields.{9f192029-7f04-49ba-b621-111f1cfae4d7}dob']*/
                                  /*)*/
                                /*)*/
                              /*)*/
                            /*},*/
                            /*required: true(),*/
                            /*validations: {}*/
                          /*)*/
                        /*),*/
                        /*a!sideBySideItem(*/
                          /*item: a!integerField(*/
                            /*label: "Age",*/
                            /*labelPosition: "ADJACENT",*/
                            /*value: ri!age,*/
                            /*saveInto: { ri!age },*/
                            /*readOnly: true(),*/
                            /*validations: {*/
                              /*if(ri!age &lt; 18, "Age must be Above 18", {})*/
                            /*}*/
                          /*)*/
                        /*)*/
                      /*}*/
                    /*),*/
                    /*a!sideBySideLayout(*/
                      /*items: {*/
                        /*a!sideBySideItem(*/
                          /*item: a!dropdownField(*/
                            /*choiceLabels: cons!SA_TerritoriesList,*/
                            /*choiceValues: cons!SA_TerritoriesList,*/
                            /*label: "Territory",*/
                            /*labelPosition: "JUSTIFIED",*/
                            /*placeholder: "--- Select a Territory ---",*/
                            /*value: ri!customerRecord['recordType!{826d8fe7-5a45-4699-b6f9-3c87219188b1}SA Customer.fields.{b09331a5-2365-4b62-ba44-d3e51093c3c2}address'],*/
                            /*saveInto: ri!customerRecord['recordType!{826d8fe7-5a45-4699-b6f9-3c87219188b1}SA Customer.fields.{b09331a5-2365-4b62-ba44-d3e51093c3c2}address'],*/
                            /*searchDisplay: "AUTO",*/
                            /*required: true(),*/
                            /*validations: {}*/
                          /*)*/
                        /*),*/
                        /*a!sideBySideItem(*/
                          /*item: a!radioButtonField(*/
                            /*choiceLabels: cons!SA_CustomerGenderConstant,*/
                            /*choiceValues: cons!SA_CustomerGenderConstant,*/
                            /*label: "Gender",*/
                            /*labelPosition: "JUSTIFIED",*/
                            /*value: ri!customerRecord['recordType!{826d8fe7-5a45-4699-b6f9-3c87219188b1}SA Customer.fields.{433c15ec-ae2a-4124-8cca-dca38ffb8874}gender'],*/
                            /*saveInto: ri!customerRecord['recordType!{826d8fe7-5a45-4699-b6f9-3c87219188b1}SA Customer.fields.{433c15ec-ae2a-4124-8cca-dca38ffb8874}gender'],*/
                            /*required: true(),*/
                            /*choiceLayout: "COMPACT",*/
                            /*validations: {}*/
                          /*)*/
                        /*)*/
                      /*}*/
                    /*),*/
                    /*a!sideBySideLayout(*/
                      /*items: {*/
                        /*a!sideBySideItem(*/
                          /*item: a!textField(*/
                            /*label: "Email ID",*/
                            /*helpTooltip: "Please enter a valid email address.",*/
                            /*labelPosition: "JUSTIFIED",*/
                            /*value: ri!customerRecord['recordType!{826d8fe7-5a45-4699-b6f9-3c87219188b1}SA Customer.fields.{a57139dc-5a70-4734-be15-515a09c7ef03}emailId'],*/
                            /*saveInto: ri!customerRecord['recordType!{826d8fe7-5a45-4699-b6f9-3c87219188b1}SA Customer.fields.{a57139dc-5a70-4734-be15-515a09c7ef03}emailId'],*/
                            /*refreshAfter: "UNFOCUS",*/
                            /*required: true(),*/
                            /*validations: {*/
                              /*if(*/
                                /*contains(*/
                                  /*tostring(local!index),*/
                                  /*tostring(*/
                                    /*ri!customerRecord['recordType!{826d8fe7-5a45-4699-b6f9-3c87219188b1}SA Customer.fields.{a57139dc-5a70-4734-be15-515a09c7ef03}emailId']*/
                                  /*)*/
                                /*),*/
                                /*"Email ID already Exists",*/
                                /*{}*/
                              /*),*/
                              /*if(*/
                                /*or(*/
                                  /*isnull(*/
                                    /*trim(*/
                                      /*ri!customerRecord['recordType!{826d8fe7-5a45-4699-b6f9-3c87219188b1}SA Customer.fields.{a57139dc-5a70-4734-be15-515a09c7ef03}emailId']*/
                                    /*)*/
                                  /*),*/
                                  /*len(*/
                                    /*trim(*/
                                      /*ri!customerRecord['recordType!{826d8fe7-5a45-4699-b6f9-3c87219188b1}SA Customer.fields.{a57139dc-5a70-4734-be15-515a09c7ef03}emailId']*/
                                    /*)*/
                                  /*) &gt; 255,*/
                                  /*length(*/
                                    /*split(*/
                                      /*trim(*/
                                        /*ri!customerRecord['recordType!{826d8fe7-5a45-4699-b6f9-3c87219188b1}SA Customer.fields.{a57139dc-5a70-4734-be15-515a09c7ef03}emailId']*/
                                      /*),*/
                                      /*" "*/
                                    /*)*/
                                  /*) &gt; 1,*/
                                  /*count(*/
                                    /*split(*/
                                      /*ri!customerRecord['recordType!{826d8fe7-5a45-4699-b6f9-3c87219188b1}SA Customer.fields.{a57139dc-5a70-4734-be15-515a09c7ef03}emailId'],*/
                                      /*"@"*/
                                    /*)*/
                                  /*) &lt;&gt; 2*/
                                /*),*/
                                /*false(),*/
                                /*with(*/
                                  /*a!localVariables(*/
                                    /*local!Part: split(*/
                                      /*trim(*/
                                        /*ri!customerRecord['recordType!{826d8fe7-5a45-4699-b6f9-3c87219188b1}SA Customer.fields.{a57139dc-5a70-4734-be15-515a09c7ef03}emailId']*/
                                      /*),*/
                                      /*"@"*/
                                    /*)[1],*/
                                    /*local!domainPart: split(*/
                                      /*trim(*/
                                        /*ri!customerRecord['recordType!{826d8fe7-5a45-4699-b6f9-3c87219188b1}SA Customer.fields.{a57139dc-5a70-4734-be15-515a09c7ef03}emailId']*/
                                      /*),*/
                                      /*"@"*/
                                    /*)[2],*/
                                    /*if(*/
                                      /*or(*/
                                        /*length(split(local!domainPart, ".")) &lt; 2,*/
                                        /*contains(split(local!Part, "."), ""),*/
                                        /*contains(split(local!domainPart, "."), ""),*/
                                        /*not(*/
                                          /*isnull(*/
                                            /*stripwith(*/
                                              /*lower(local!domainPart),*/
                                              /*"abcdefghijklmnopqrstuvwxyz1234567890-."*/
                                            /*)*/
                                          /*)*/
                                        /*),*/
                                        /*not(*/
                                          /*isnull(*/
                                            /*stripwith(*/
                                              /*lower(local!Part),*/
                                              /*"abcdefghijklmnopqrstuvwxyz1234567890-._+'&amp;%"*/
                                            /*)*/
                                          /*)*/
                                        /*)*/
                                      /*),*/
                                      /*"Please enter valid email ID",*/
                                      /*{}*/
                                    /*)*/
                                  /*)*/
                                /*)*/
                              /*)*/
                            /*}*/
                          /*)*/
                        /*),*/
                        /*a!sideBySideItem(*/
                          /*item: a!textField(*/
                            /*label: "Phone",*/
                            /*helpTooltip: "Please enter your phone number.",*/
                            /*labelPosition: "JUSTIFIED",*/
                            /*value: ri!customerRecord['recordType!{826d8fe7-5a45-4699-b6f9-3c87219188b1}SA Customer.fields.{47d28317-7644-4620-a7a8-9842e513980f}phoneNumber'],*/
                            /*saveInto: ri!customerRecord['recordType!{826d8fe7-5a45-4699-b6f9-3c87219188b1}SA Customer.fields.{47d28317-7644-4620-a7a8-9842e513980f}phoneNumber'],*/
                            /*refreshAfter: "UNFOCUS",*/
                            /*required: true(),*/
                            /*validations: {*/
                              /*if(*/
                                /*lenb(*/
                                  /*ri!customerRecord['recordType!{826d8fe7-5a45-4699-b6f9-3c87219188b1}SA Customer.fields.{47d28317-7644-4620-a7a8-9842e513980f}phoneNumber']*/
                                /*) = 10,*/
                                /*{},*/
                                /*"Phone Number must be 10 digits "*/
                              /*),*/
                              /*if(*/
                                /*a!isNullOrEmpty(*/
                                  /*ri!customerRecord['recordType!{826d8fe7-5a45-4699-b6f9-3c87219188b1}SA Customer.fields.{47d28317-7644-4620-a7a8-9842e513980f}phoneNumber']*/
                                /*),*/
                                /*{},*/
                                /*if(*/
                                  /*a!isPhoneNumber(*/
                                    /*ri!customerRecord['recordType!{826d8fe7-5a45-4699-b6f9-3c87219188b1}SA Customer.fields.{47d28317-7644-4620-a7a8-9842e513980f}phoneNumber'],*/
                                    /*"IN"*/
                                  /*),*/
                                  /*"",*/
                                  /*"Enter Phone Number"*/
                                /*)*/
                              /*)*/
                            /*}*/
                          /*)*/
                        /*)*/
                      /*}*/
                    /*),*/
                    /*a!paragraphField(*/
                      /*label: "Enter Your Request ",*/
                      /*labelPosition: "ABOVE",*/
                      /*helpTooltip: "Please enter the details of your request.",*/
                      /*value: ri!requestRecord['recordType!{e29ff48d-88a7-4b94-b317-2a3d3f8f9e4a}SA Request.fields.{5407d62d-7e8b-4c11-9c4b-86c8a58ca007}userComments'],*/
                      /*saveInto: ri!requestRecord['recordType!{e29ff48d-88a7-4b94-b317-2a3d3f8f9e4a}SA Request.fields.{5407d62d-7e8b-4c11-9c4b-86c8a58ca007}userComments'],*/
                      /*refreshAfter: "UNFOCUS",*/
                      /*height: "MEDIUM",*/
                      /*required: true(),*/
                      /*validations: {}*/
                    /*),*/
                    /*a!radioButtonField(*/
                      /*choiceLabels: { "Email", "Portal" },*/
                      /*choiceValues: { "Email", "Portal" },*/
                      /*label: "How did you hear about us ?",*/
                      /*labelPosition: "ABOVE",*/
                      /*value: ri!requestRecord['recordType!{e29ff48d-88a7-4b94-b317-2a3d3f8f9e4a}SA Request.fields.{cc07505a-baa5-43c8-b720-f12413639fce}sourceType'],*/
                      /*saveInto: {*/
                        /*ri!requestRecord['recordType!{e29ff48d-88a7-4b94-b317-2a3d3f8f9e4a}SA Request.fields.{cc07505a-baa5-43c8-b720-f12413639fce}sourceType']*/
                      /*},*/
                      /*required: true(),*/
                      /*choiceLayout: "COMPACT",*/
                      /*choiceStyle: "STANDARD",*/
                      /*validations: {}*/
                    /*)*/
                  /*},*/
                  /*style: "STANDARD",*/
                  /*shape: "ROUNDED",*/
                  /*marginBelow: "MORE",*/
                  /*showShadow: true(),*/
                  /*decorativeBarPosition: "START",*/
                  /*decorativeBarColor: "#008080"*/
                /*),*/
                
                #"SYSTEM_SYSRULES_cardLayout"(
                  contents:
                
                 

                
                #"SYSTEM_SYSRULES_sectionLayout_v1"(
                  label: "Let's Get Started",
                  labelColor: "#008080",
            
                 
                  contents: {
                    #"SYSTEM_SYSRULES_sideBySideLayout"(
                      items: {
                        #"SYSTEM_SYSRULES_sideBySideItem"(
                          item: #"SYSTEM_SYSRULES_textField"(
                            label: "First Name",
                            /*labelPosition: "JUSTIFIED",*/
                            value: ri!customerRecord[#"urn:appian:record-field:v1:826d8fe7-5a45-4699-b6f9-3c87219188b1/7ade2570-b8f3-49e2-bca3-3d032ef8ff7c"],
                            saveInto: ri!customerRecord[#"urn:appian:record-field:v1:826d8fe7-5a45-4699-b6f9-3c87219188b1/7ade2570-b8f3-49e2-bca3-3d032ef8ff7c"],
                            refreshAfter: "UNFOCUS",
                            required: true(),
                            validations: {}
                          )
                        ),
                        #"SYSTEM_SYSRULES_sideBySideItem"(
                          item: #"SYSTEM_SYSRULES_textField"(
                            label: "Email ID",
                            helpTooltip: "Please enter a valid email address.",
                            /*labelPosition: "JUSTIFIED",*/
                            value: ri!customerRecord[#"urn:appian:record-field:v1:826d8fe7-5a45-4699-b6f9-3c87219188b1/a57139dc-5a70-4734-be15-515a09c7ef03"],
                            saveInto: ri!customerRecord[#"urn:appian:record-field:v1:826d8fe7-5a45-4699-b6f9-3c87219188b1/a57139dc-5a70-4734-be15-515a09c7ef03"],
                            refreshAfter: "UNFOCUS",
                            required: true(),
                            validations: {
                              if(
                                contains(
                                  a!defaultValue(local!index,"Example@gmail.com"),

                                  ri!customerRecord[#"urn:appian:record-field:v1:826d8fe7-5a45-4699-b6f9-3c87219188b1/a57139dc-5a70-4734-be15-515a09c7ef03"]

                                ),
                                "Email ID already Exists",
                                {}
                              ),
                              if(
                                or(
                                  isnull(
                                    trim(
                                      ri!customerRecord[#"urn:appian:record-field:v1:826d8fe7-5a45-4699-b6f9-3c87219188b1/a57139dc-5a70-4734-be15-515a09c7ef03"]
                                    )
                                  ),
                                  len(
                                    trim(
                                      ri!customerRecord[#"urn:appian:record-field:v1:826d8fe7-5a45-4699-b6f9-3c87219188b1/a57139dc-5a70-4734-be15-515a09c7ef03"]
                                    )
                                  ) &gt; 255,
                                  length(
                                    split(
                                      trim(
                                        ri!customerRecord[#"urn:appian:record-field:v1:826d8fe7-5a45-4699-b6f9-3c87219188b1/a57139dc-5a70-4734-be15-515a09c7ef03"]
                                      ),
                                      " "
                                    )
                                  ) &gt; 1,
                                  count(
                                    split(
                                      ri!customerRecord[#"urn:appian:record-field:v1:826d8fe7-5a45-4699-b6f9-3c87219188b1/a57139dc-5a70-4734-be15-515a09c7ef03"],
                                      "@"
                                    )
                                  ) &lt;&gt; 2
                                ),
                                "Please enter valid email ID",
                                with(
                                  a!localVariables(
                                    local!Part: split(
                                      trim(
                                        ri!customerRecord[#"urn:appian:record-field:v1:826d8fe7-5a45-4699-b6f9-3c87219188b1/a57139dc-5a70-4734-be15-515a09c7ef03"]
                                      ),
                                      "@"
                                    )[1],
                                    local!domainPart: split(
                                      trim(
                                        ri!customerRecord[#"urn:appian:record-field:v1:826d8fe7-5a45-4699-b6f9-3c87219188b1/a57139dc-5a70-4734-be15-515a09c7ef03"]
                                      ),
                                      "@"
                                    )[2],
                                    if(
                                      or(
                                        length(split(local!domainPart, ".")) &lt; 2,
                                        contains(split(local!Part, "."), ""),
                                        contains(split(local!domainPart, "."), ""),
                                        not(
                                          isnull(
                                            stripwith(
                                              lower(local!domainPart),
                                              "abcdefghijklmnopqrstuvwxyz1234567890-."
                                            )
                                          )
                                        ),
                                        not(
                                          isnull(
                                            stripwith(
                                              lower(local!Part),
                                              "abcdefghijklmnopqrstuvwxyz1234567890-._+'&amp;%"
                                            )
                                          )
                                        )
                                      ),
                                      "Please enter valid email ID",
                                      {}
                                    )
                                  )
                                )
                              )
                            }
                          )
                        ),
                        #"SYSTEM_SYSRULES_sideBySideItem"(
                          
                          item: #"SYSTEM_SYSRULES_textField"(
                            label: "Phone",
                            helpTooltip: "Please enter your phone number.",
                            /*labelPosition: "JUSTIFIED",*/
                            value: ri!customerRecord[#"urn:appian:record-field:v1:826d8fe7-5a45-4699-b6f9-3c87219188b1/47d28317-7644-4620-a7a8-9842e513980f"],
                            saveInto: ri!customerRecord[#"urn:appian:record-field:v1:826d8fe7-5a45-4699-b6f9-3c87219188b1/47d28317-7644-4620-a7a8-9842e513980f"],
                            refreshAfter: "UNFOCUS",characterLimit: "10",
                            required: true(),
                            validations: {
                              if(
                                lenb(
                                  ri!customerRecord[#"urn:appian:record-field:v1:826d8fe7-5a45-4699-b6f9-3c87219188b1/47d28317-7644-4620-a7a8-9842e513980f"]
                                ) = 10,
                                {},
                                "Phone Number must be 10 digits "
                              ),
                              if(
                                a!isNullOrEmpty(
                                  ri!customerRecord[#"urn:appian:record-field:v1:826d8fe7-5a45-4699-b6f9-3c87219188b1/47d28317-7644-4620-a7a8-9842e513980f"]
                                ),
                                {},
                                if(
                                  a!isPhoneNumber(
                                    ri!customerRecord[#"urn:appian:record-field:v1:826d8fe7-5a45-4699-b6f9-3c87219188b1/47d28317-7644-4620-a7a8-9842e513980f"],
                                    "IN"
                                  ),
                                  "",
                                  "Enter Phone Number"
                                )
                              )
                            }
                          )
                        )
                      }
                    ),
                    a!localVariables(
                      local!appointmentHistory: reject(fn!isnull,#"SYSTEM_SYSRULES_forEach"(
                        #"SYSTEM_SYSRULES_queryRecordType_v1"(
                          recordType: #"urn:appian:record-type:v1:1c2f650b-ac49-4aac-ae9e-964bc6fd7ef0",
                          fields: {
                            #"urn:appian:record-field:v1:1c2f650b-ac49-4aac-ae9e-964bc6fd7ef0/cfc3014a-af99-4e5f-a47d-8e433f66dfd2",
                            #"urn:appian:record-field:v1:1c2f650b-ac49-4aac-ae9e-964bc6fd7ef0/96b40237-c643-4cb7-9a64-f4a39bb826f6",
                            #"urn:appian:record-field:v1:1c2f650b-ac49-4aac-ae9e-964bc6fd7ef0/8a55eded-1d1f-469c-9882-fc3cbb7567a1"
                          },
                          pagingInfo: #"SYSTEM_SYSRULES_pagingInfo"(startIndex: 1, batchSize: 700)
                        ).data,
                        if(
                          fv!item[#"urn:appian:record-field:v1:1c2f650b-ac49-4aac-ae9e-964bc6fd7ef0/8a55eded-1d1f-469c-9882-fc3cbb7567a1"] =a!defaultValue(ri!appointmentDetails[#"urn:appian:record-field:v1:1c2f650b-ac49-4aac-ae9e-964bc6fd7ef0/8a55eded-1d1f-469c-9882-fc3cbb7567a1"],today()),
                          fv!item,
                          null()
                        )
                      )),
                      local!SOTmembers : index(#"SYSTEM_SYSRULES_queryRecordType_v1"(recordType: #"urn:appian:record-type:v1:ced67f35-eb65-455a-a3a3-9ed2485a7aa6",
                      fields:#"urn:appian:record-field:v1:ced67f35-eb65-455a-a3a3-9ed2485a7aa6/900e6d26-c2de-42a3-8f86-71cc3e26b0de",
                      pagingInfo: #"SYSTEM_SYSRULES_pagingInfo"(startIndex: 1, batchSize: 1000)).data,#"urn:appian:record-field:v1:ced67f35-eb65-455a-a3a3-9ed2485a7aa6/900e6d26-c2de-42a3-8f86-71cc3e26b0de"),
                      local!AllSlots : #"_a-0000ec26-e8e9-8000-9ca6-011c48011c48_263493",
                      local!bookedAppointmentsForEachSlot : #"SYSTEM_SYSRULES_forEach"(
                        items: local!AllSlots,
                        expression: if(
                          a!isNullOrEmpty(
                            local!appointmentHistory),
                            0,
                            length(wherecontains(
                              tostring(fv!item),
                              local!appointmentHistory[#"urn:appian:record-field:v1:1c2f650b-ac49-4aac-ae9e-964bc6fd7ef0/cfc3014a-af99-4e5f-a47d-8e433f66dfd2"]
                            ))
                        )
                      ),
                      local!positions: reject(fn!isnull,#"SYSTEM_SYSRULES_forEach"(
                        items: local!bookedAppointmentsForEachSlot,
                        expression: if(or(length(local!SOTmembers) = fv!item,length(local!SOTmembers) &lt; fv!item),
                        fv!index,
                        null()))
                      ),
                      local!unreservedSlots:remove(local!AllSlots,local!positions),
                      local!refresh :a!refreshVariable(value: local!unreservedSlots,
                      refreshOnVarChange:local!appointmentDate
                   ),
                      #"SYSTEM_SYSRULES_sideBySideLayout"(
                      items: {
                        #"SYSTEM_SYSRULES_sideBySideItem"(
                          item: #"SYSTEM_SYSRULES_dateField"(
                            label: "Appointment Date",
                            labelPosition: "JUSTIFIED",
                            value: ri!appointmentDetails[#"urn:appian:record-field:v1:1c2f650b-ac49-4aac-ae9e-964bc6fd7ef0/8a55eded-1d1f-469c-9882-fc3cbb7567a1"],
                            saveInto:  {ri!appointmentDetails[#"urn:appian:record-field:v1:1c2f650b-ac49-4aac-ae9e-964bc6fd7ef0/8a55eded-1d1f-469c-9882-fc3cbb7567a1"],a!save(local!appointmentDate,ri!appointmentDetails[#"urn:appian:record-field:v1:1c2f650b-ac49-4aac-ae9e-964bc6fd7ef0/8a55eded-1d1f-469c-9882-fc3cbb7567a1"]),a!save(ri!appointmentDetails[#"urn:appian:record-field:v1:1c2f650b-ac49-4aac-ae9e-964bc6fd7ef0/cfc3014a-af99-4e5f-a47d-8e433f66dfd2"],null)},
                            required: true
                          )
                        ),
                        #"SYSTEM_SYSRULES_sideBySideItem"(
                          item: #"SYSTEM_SYSRULES_dropdownField_v1"(
                          choiceLabels: local!refresh,
                          choiceValues: local!refresh,
                          label: "Appointment Slot",
                          labelPosition: "JUSTIFIED",
                          instructions: "Time is 24hr-format(hh:mm)",
                          placeholder: "Select an Appointment Slot",
                          value: ri!appointmentDetails[#"urn:appian:record-field:v1:1c2f650b-ac49-4aac-ae9e-964bc6fd7ef0/cfc3014a-af99-4e5f-a47d-8e433f66dfd2"],
                          saveInto: ri!appointmentDetails[#"urn:appian:record-field:v1:1c2f650b-ac49-4aac-ae9e-964bc6fd7ef0/cfc3014a-af99-4e5f-a47d-8e433f66dfd2"],
                          required: true(),
                          disabled: 
                          a!isNullOrEmpty(
                            ri!appointmentDetails[#"urn:appian:record-field:v1:1c2f650b-ac49-4aac-ae9e-964bc6fd7ef0/8a55eded-1d1f-469c-9882-fc3cbb7567a1"]
                          )

                        ))
}
                      )
                    )
                    /*a!columnsLayout(*/
                      /*columns: {*/
                        /*a!columnLayout(*/
                          /*contents: a!localVariables(*/
                            /*local!appointmentHistory: reject(fn!isnull,a!forEach(*/
                              /*a!queryRecordType(*/
                                /*recordType: 'recordType!{1c2f650b-ac49-4aac-ae9e-964bc6fd7ef0}SA Sales Operation Team Appointment',*/
                                /*fields: {*/
                                  /*'recordType!{1c2f650b-ac49-4aac-ae9e-964bc6fd7ef0}SA Sales Operation Team Appointment.fields.{cfc3014a-af99-4e5f-a47d-8e433f66dfd2}appointmentTime',*/
                                  /*'recordType!{1c2f650b-ac49-4aac-ae9e-964bc6fd7ef0}SA Sales Operation Team Appointment.fields.{96b40237-c643-4cb7-9a64-f4a39bb826f6}appointedMember',*/
                                  /*'recordType!{1c2f650b-ac49-4aac-ae9e-964bc6fd7ef0}SA Sales Operation Team Appointment.fields.{8a55eded-1d1f-469c-9882-fc3cbb7567a1}appointmentDate'*/
                                /*},*/
                                /*pagingInfo: a!pagingInfo(startIndex: 1, batchSize: 700)*/
                              /*).data,*/
                              /*if(*/
                                /*fv!item['recordType!{1c2f650b-ac49-4aac-ae9e-964bc6fd7ef0}SA Sales Operation Team Appointment.fields.{8a55eded-1d1f-469c-9882-fc3cbb7567a1}appointmentDate'] =a!defaultValue(ri!appointmentDetails['recordType!{1c2f650b-ac49-4aac-ae9e-964bc6fd7ef0}SA Sales Operation Team Appointment.fields.{8a55eded-1d1f-469c-9882-fc3cbb7567a1}appointmentDate'],today()),*/
                                /*fv!item,*/
                                /*null()*/
                              /*)*/
                            /*)),*/
                            /*local!SOTmembers : index(a!queryRecordType(recordType: 'recordType!{ced67f35-eb65-455a-a3a3-9ed2485a7aa6}SA Sales Operation Employee Record',*/
                            /*fields:'recordType!{ced67f35-eb65-455a-a3a3-9ed2485a7aa6}SA Sales Operation Employee Record.fields.{900e6d26-c2de-42a3-8f86-71cc3e26b0de}userName',*/
                            /*pagingInfo: a!pagingInfo(startIndex: 1, batchSize: 1000)).data,'recordType!{ced67f35-eb65-455a-a3a3-9ed2485a7aa6}SA Sales Operation Employee Record.fields.{900e6d26-c2de-42a3-8f86-71cc3e26b0de}userName'),*/
                            /*local!AllSlots : cons!SA_SalesOperationAppointmentSlots,*/
                            /*local!bookedAppointmentsForEachSlot : a!forEach(*/
                              /*items: local!AllSlots,*/
                              /*expression: if(*/
                                /*a!isNullOrEmpty(*/
                                  /*local!appointmentHistory),*/
                                  /*0,*/
                                  /*length(wherecontains(*/
                                    /*tostring(fv!item),*/
                                    /*local!appointmentHistory['recordType!{1c2f650b-ac49-4aac-ae9e-964bc6fd7ef0}SA Sales Operation Team Appointment.fields.{cfc3014a-af99-4e5f-a47d-8e433f66dfd2}appointmentTime']*/
                                  /*))*/
                              /*)*/
                            /*),*/
                            /*local!positions: reject(fn!isnull,a!forEach(*/
                              /*items: local!bookedAppointmentsForEachSlot,*/
                              /*expression: if(or(length(local!SOTmembers) = fv!item,length(local!SOTmembers) &lt; fv!item),*/
                              /*fv!index,*/
                              /*null()))*/
                            /*),*/
                            /*local!unreservedSlots:remove(local!AllSlots,local!positions),*/
                            /*local!refresh :a!refreshVariable(value: local!unreservedSlots,*/
                            /*refreshOnReferencedVarChange: true(), refreshOnVarChange: local!appointmentHistory),*/
                            /*a!dropdownField(*/
                              /*instructions: "Time is 24hr-format(hh:mm)",*/
                              /*choiceLabels: local!refresh,*/
                              /*choiceValues: local!refresh,*/
                              /*label: "Appointment Slot",*/
                              /*required: true(),*/
                              /*placeholder: "Select an Appointment Slot",*/
                              /*value: ri!appointmentDetails['recordType!{1c2f650b-ac49-4aac-ae9e-964bc6fd7ef0}SA Sales Operation Team Appointment.fields.{cfc3014a-af99-4e5f-a47d-8e433f66dfd2}appointmentTime'],*/
                              /*saveInto: ri!appointmentDetails['recordType!{1c2f650b-ac49-4aac-ae9e-964bc6fd7ef0}SA Sales Operation Team Appointment.fields.{cfc3014a-af99-4e5f-a47d-8e433f66dfd2}appointmentTime'],*/
                              /*disabled: */
                                  /*a!isNullOrEmpty(*/
                                    /*ri!appointmentDetails['recordType!{1c2f650b-ac49-4aac-ae9e-964bc6fd7ef0}SA Sales Operation Team Appointment.fields.{8a55eded-1d1f-469c-9882-fc3cbb7567a1}appointmentDate']*/
                                  /*)*/
/**/
                            /*)*/
/**/
                          /*)*/
                        /*),*/
                        /*a!columnLayout(*/
                          /*contents: {*/
                            /*a!localVariables(*/
                              /*local!ChoiceValues: difference(*/
                                /*cons!SA_SalesOperationAppointmentSlots,*/
                                /*index(*/
                                  /*reject(*/
                                    /*fn!isnull,*/
                                    /*a!forEach(*/
                                      /*a!queryRecordType(*/
                                        /*recordType: 'recordType!{1c2f650b-ac49-4aac-ae9e-964bc6fd7ef0}SA Sales Operation Team Appointment',*/
                                        /*fields: {*/
                                          /*'recordType!{1c2f650b-ac49-4aac-ae9e-964bc6fd7ef0}SA Sales Operation Team Appointment.fields.{cfc3014a-af99-4e5f-a47d-8e433f66dfd2}appointmentTime',*/
                                          /*'recordType!{1c2f650b-ac49-4aac-ae9e-964bc6fd7ef0}SA Sales Operation Team Appointment.fields.{96b40237-c643-4cb7-9a64-f4a39bb826f6}appointedMember',*/
                                          /*'recordType!{1c2f650b-ac49-4aac-ae9e-964bc6fd7ef0}SA Sales Operation Team Appointment.fields.{8a55eded-1d1f-469c-9882-fc3cbb7567a1}appointmentDate'*/
                                        /*},*/
                                        /*pagingInfo: a!pagingInfo(startIndex: 1, batchSize: 5000)*/
                                      /*).data,*/
                                      /*if(*/
                                        /*and(*/
                                          /*{*/
                                            /*fv!item['recordType!{1c2f650b-ac49-4aac-ae9e-964bc6fd7ef0}SA Sales Operation Team Appointment.fields.{96b40237-c643-4cb7-9a64-f4a39bb826f6}appointedMember'] = a!defaultValue(*/
                                              /*ri!appointmentDetails['recordType!{1c2f650b-ac49-4aac-ae9e-964bc6fd7ef0}SA Sales Operation Team Appointment.fields.{96b40237-c643-4cb7-9a64-f4a39bb826f6}appointedMember'],*/
                                              /*"ChethanR"*/
                                            /*),*/
                                            /*fv!item['recordType!{1c2f650b-ac49-4aac-ae9e-964bc6fd7ef0}SA Sales Operation Team Appointment.fields.{8a55eded-1d1f-469c-9882-fc3cbb7567a1}appointmentDate'] = a!defaultValue(*/
                                              /*ri!appointmentDetails['recordType!{1c2f650b-ac49-4aac-ae9e-964bc6fd7ef0}SA Sales Operation Team Appointment.fields.{8a55eded-1d1f-469c-9882-fc3cbb7567a1}appointmentDate'],*/
                                              /*today()*/
                                            /*)*/
                                          /*}*/
                                        /*),*/
                                        /*fv!item,*/
                                        /*null()*/
                                      /*)*/
                                    /*)*/
                                  /*),*/
                                  /*'recordType!{1c2f650b-ac49-4aac-ae9e-964bc6fd7ef0}SA Sales Operation Team Appointment.fields.{cfc3014a-af99-4e5f-a47d-8e433f66dfd2}appointmentTime',*/
                                  /*"11 AM"*/
                                /*)*/
                              /*),*/
                              /*local!refresh: a!refreshVariable(*/
                                /*value: local!ChoiceValues,*/
                                /*refreshOnReferencedVarChange: true()*/
                              /*),*/
                              /*a!dropdownField(*/
                                /*instructions: "Time is 24hr-format(hh:mm)",*/
                                /*choiceLabels: local!refresh,*/
                                /*choiceValues: local!refresh,*/
                                /*label: "Appointment Slot",*/
                                /*required: true(),*/
                                /*placeholder: "Select an Appointment Slot",*/
                                /*value: ri!appointmentDetails['recordType!{1c2f650b-ac49-4aac-ae9e-964bc6fd7ef0}SA Sales Operation Team Appointment.fields.{cfc3014a-af99-4e5f-a47d-8e433f66dfd2}appointmentTime'],*/
                                /*saveInto: ri!appointmentDetails['recordType!{1c2f650b-ac49-4aac-ae9e-964bc6fd7ef0}SA Sales Operation Team Appointment.fields.{cfc3014a-af99-4e5f-a47d-8e433f66dfd2}appointmentTime'],*/
                                /*disabled: or(*/
                                  /*{*/
                                    /*a!isNullOrEmpty(*/
                                      /*ri!appointmentDetails['recordType!{1c2f650b-ac49-4aac-ae9e-964bc6fd7ef0}SA Sales Operation Team Appointment.fields.{96b40237-c643-4cb7-9a64-f4a39bb826f6}appointedMember']*/
                                    /*),*/
                                    /*a!isNullOrEmpty(*/
                                      /*ri!appointmentDetails['recordType!{1c2f650b-ac49-4aac-ae9e-964bc6fd7ef0}SA Sales Operation Team Appointment.fields.{8a55eded-1d1f-469c-9882-fc3cbb7567a1}appointmentDate']*/
                                    /*)*/
                                  /*}*/
                                /*)*/
/*                                */
                              /*)*/
                            /*)*/
                          /*}*/
                        /*)*/
/*                        */
                      /*}*/
                    /*),*/
                  }
                ),
                shape: "ROUNDED",
                  marginAbove: "EVEN_MORE",
                marginBelow: "MORE",
                showShadow: true(),
                decorativeBarPosition: "START",
                decorativeBarColor: "#008080"),
                {
                  #"SYSTEM_SYSRULES_ButtonArrayLayout"(
                    buttons: {
                      #"SYSTEM_SYSRULES_buttonWidget_v1"(
                        label: "Book Appointment",
                        saveInto: {
                          
                          #"SYSTEM_SYSRULES_startProcess"(
                            processModel: #"_a-0000ec26-e8e9-8000-9ca6-011c48011c48_267847",
                            processParameters: {customerRecord: ri!customerRecord, appointmentDetails: ri!appointmentDetails, requestRecord: ri!requestRecord}
                          ),
                          
                          a!save(target: local!submit, value: true())
                         
                        },
                        /*submit: true(),*/
                        style: "SOLID",
                        color: "#008080",
                        /*disabled: if(*/
                          /*a!isNullOrEmpty(*/
                            /*ri!requestRecord['recordType!{e29ff48d-88a7-4b94-b317-2a3d3f8f9e4a}SA Request.fields.{5407d62d-7e8b-4c11-9c4b-86c8a58ca007}userComments']*/
                          /*),*/
                          /*true,*/
                          /*false*/
                        /*),*/
                        validate: true()
                      )
                    },
                    align: "END",
                    marginBelow: "NONE"
                  )
                }
              },
              width: "AUTO"
            )
          }
        )
      },
      showWhen: local!submit = false
    ),
    #"SYSTEM_SYSRULES_sectionLayout_v1"(
      contents: {
        #"SYSTEM_SYSRULES_ButtonArrayLayout"(
          buttons: #"SYSTEM_SYSRULES_buttonWidget_v1"(
            label: "Back",
            icon: "arrow-circle-left-alt",
            saveInto: {
              
              a!save(target: ri!customerRecord, value: null()),
              a!save(target: ri!requestRecord, value: null()),
              a!save(target: ri!age, value: null()),
              
              a!save(ri!appointmentDetails,null),
              a!save(target: local!submit, value: false())
            },
            style: "LINK",
            color: "#008080",
            validate: false
          ),
          align: "START"
        ),
        #"SYSTEM_SYSRULES_cardLayout"(
          contents: {
            #"SYSTEM_SYSRULES_richTextDisplayField"(
              labelPosition: "COLLAPSED",
              value: {
                #"SYSTEM_SYSRULES_richTextItem_v1"(
                  text: "Thank You",
                  color: "#008080",
                  size: "EXTRA_LARGE",
                  style: "STRONG"
                ),
                char(10),
                #"SYSTEM_SYSRULES_richTextIcon"(
                  icon: "thumbs-up",
                  color: "#008080",
                  size: "LARGE_PLUS"
                ),
                char(10),
                #"SYSTEM_SYSRULES_richTextItem_v1"(
                  text: "Your submission has been received",
                  color: "STANDARD",
                  size: "SMALL",
                  style: "EMPHASIS"
                )
              },
              align: "CENTER"
            )
          },
          height: "AUTO",
          style: "TRANSPARENT",
          shape: "ROUNDED",
          padding: "STANDARD",
          marginAbove: "STANDARD",
          marginBelow: "STANDARD",
          showShadow: true,
          decorativeBarPosition: "TOP",
          decorativeBarColor: "#008080"
        )
      },
      showWhen: local!submit
    )
  }
)</definition>
        <namedTypedValue>
            <name>customerRecord</name>
            <type>
                <name>826d8fe7-5a45-4699-b6f9-3c87219188b1</name>
                <namespace>urn:com:appian:recordtype:datatype</namespace>
            </type>
        </namedTypedValue>
        <namedTypedValue>
            <name>requestRecord</name>
            <type>
                <name>e29ff48d-88a7-4b94-b317-2a3d3f8f9e4a</name>
                <namespace>urn:com:appian:recordtype:datatype</namespace>
            </type>
        </namedTypedValue>
        <namedTypedValue>
            <name>age</name>
            <type>
                <name>int</name>
                <namespace>http://www.w3.org/2001/XMLSchema</namespace>
            </type>
        </namedTypedValue>
        <namedTypedValue>
            <name>appointmentDetails</name>
            <description>Appointment Details</description>
            <type>
                <name>1c2f650b-ac49-4aac-ae9e-964bc6fd7ef0</name>
                <namespace>urn:com:appian:recordtype:datatype</namespace>
            </type>
        </namedTypedValue>
        <preferredEditor>interface</preferredEditor>
        <offlineEnabled>false</offlineEnabled>
        <isCustom>false</isCustom>
    </interface>
    <roleMap public="true">
        <role inherit="true" allowForAll="false" name="readers">
            <users/>
            <groups/>
        </role>
        <role inherit="true" allowForAll="false" name="authors">
            <users/>
            <groups/>
        </role>
        <role inherit="true" allowForAll="false" name="administrators">
            <users/>
            <groups/>
        </role>
        <role inherit="false" allowForAll="false" name="denyReaders">
            <users/>
            <groups/>
        </role>
        <role inherit="false" allowForAll="false" name="denyAuthors">
            <users/>
            <groups/>
        </role>
        <role inherit="false" allowForAll="false" name="denyAdministrators">
            <users/>
            <groups/>
        </role>
    </roleMap>
    <typedValue>
        <type>
            <name>RuleTestConfig?list</name>
            <namespace>http://www.appian.com/ae/types/2009</namespace>
        </type>
        <value>
            <el>
                <a:name/>
                <a:ruleInputTestConfigs>
                    <a:value xmlns:xsi="http://www.w3.org/2001/XMLSchema-instance" xsi:type="a:Expression">#"SYSTEM_SYSRULES_queryRecordType_v1"(
  recordType: #"urn:appian:record-type:v1:826d8fe7-5a45-4699-b6f9-3c87219188b1",
  fields: {},
  filters: #"SYSTEM_SYSRULES_queryLogicalExpression"(
    operator: "AND",
    filters: {
      #"SYSTEM_SYSRULES_queryFilter"(
        field: #"urn:appian:record-field:v1:826d8fe7-5a45-4699-b6f9-3c87219188b1/1a9e0b17-7436-44e6-a796-b29627a62548",
        operator: "=",
        value: 200
      )
    },
    ignoreFiltersWithEmptyValues: true
  ),
  pagingInfo: #"SYSTEM_SYSRULES_pagingInfo"(
    startIndex: 1,
    batchSize: 100
  )
).data</a:value>
                    <a:nameRef>customerRecord</a:nameRef>
                    <a:id>1</a:id>
                </a:ruleInputTestConfigs>
                <a:ruleInputTestConfigs>
                    <a:value xmlns:xsi="http://www.w3.org/2001/XMLSchema-instance" xsi:type="a:Expression">null</a:value>
                    <a:nameRef>requestRecord</a:nameRef>
                    <a:id>2</a:id>
                </a:ruleInputTestConfigs>
                <a:ruleInputTestConfigs>
                    <a:value xmlns:xsd="http://www.w3.org/2001/XMLSchema" xmlns:xsi="http://www.w3.org/2001/XMLSchema-instance" xsi:nil="true" xsi:type="xsd:int"/>
                    <a:nameRef>age</a:nameRef>
                    <a:id>3</a:id>
                </a:ruleInputTestConfigs>
                <a:ruleInputTestConfigs>
                    <a:value xmlns:xsi="http://www.w3.org/2001/XMLSchema-instance" xsi:type="a:Expression">null</a:value>
                    <a:nameRef>appointmentDetails</a:nameRef>
                    <a:id>4</a:id>
                </a:ruleInputTestConfigs>
                <a:assertions xmlns:xsi="http://www.w3.org/2001/XMLSchema-instance" xsi:nil="true"/>
            </el>
        </value>
    </typedValue>
    <history>
        <historyInfo versionUuid="_a-0000ec0c-8b27-8000-9ca2-011c48011c48_254869"/>
        <historyInfo versionUuid="_a-0000ec0c-8b27-8000-9ca2-011c48011c48_254895"/>
        <historyInfo versionUuid="_a-0000ec0c-8b27-8000-9ca2-011c48011c48_254923"/>
        <historyInfo versionUuid="_a-0000ec0c-8b27-8000-9ca2-011c48011c48_254951"/>
        <historyInfo versionUuid="_a-0000ec0c-8b27-8000-9ca2-011c48011c48_254980"/>
        <historyInfo versionUuid="_a-0000ec0c-8b27-8000-9ca2-011c48011c48_255010"/>
        <historyInfo versionUuid="_a-0000ec0c-8b27-8000-9ca2-011c48011c48_255041"/>
        <historyInfo versionUuid="_a-0000ec0c-8b27-8000-9ca2-011c48011c48_255073"/>
        <historyInfo versionUuid="_a-0000ec0c-8b27-8000-9ca2-011c48011c48_255148"/>
        <historyInfo versionUuid="_a-0000ec0c-8b27-8000-9ca2-011c48011c48_255182"/>
        <historyInfo versionUuid="_a-0000ec0c-8b27-8000-9ca2-011c48011c48_255223"/>
        <historyInfo versionUuid="_a-0000ec0c-8b27-8000-9ca2-011c48011c48_255348"/>
        <historyInfo versionUuid="_a-0000ec0c-8b27-8000-9ca2-011c48011c48_255385"/>
        <historyInfo versionUuid="_a-0000ec0c-8b27-8000-9ca2-011c48011c48_255423"/>
        <historyInfo versionUuid="_a-0000ec0c-8b27-8000-9ca2-011c48011c48_255572"/>
        <historyInfo versionUuid="_a-0000ec0c-8b27-8000-9ca2-011c48011c48_255732"/>
        <historyInfo versionUuid="_a-0000ec0c-8b27-8000-9ca2-011c48011c48_255795"/>
        <historyInfo versionUuid="_a-0000ec0c-8b27-8000-9ca2-011c48011c48_255850"/>
        <historyInfo versionUuid="_a-0000ec0c-8b27-8000-9ca2-011c48011c48_255899"/>
        <historyInfo versionUuid="_a-0000ec0c-8b27-8000-9ca2-011c48011c48_255943"/>
        <historyInfo versionUuid="_a-0000ec0c-8b27-8000-9ca2-011c48011c48_255996"/>
        <historyInfo versionUuid="_a-0000ec19-b9d1-8000-9ca4-011c48011c48_256191"/>
        <historyInfo versionUuid="_a-0000ec19-b9d1-8000-9ca4-011c48011c48_256238"/>
        <historyInfo versionUuid="_a-0000ec19-b9d1-8000-9ca4-011c48011c48_256296"/>
        <historyInfo versionUuid="_a-0000ec19-b9d1-8000-9ca4-011c48011c48_256356"/>
        <historyInfo versionUuid="_a-0000ec19-b9d1-8000-9ca4-011c48011c48_256703"/>
        <historyInfo versionUuid="_a-0000ec19-b9d1-8000-9ca4-011c48011c48_256846"/>
        <historyInfo versionUuid="_a-0000ec19-b9d1-8000-9ca4-011c48011c48_256925"/>
        <historyInfo versionUuid="_a-0000ec19-b9d1-8000-9ca4-011c48011c48_256997"/>
        <historyInfo versionUuid="_a-0000ec19-b9d1-8000-9ca4-011c48011c48_257278"/>
        <historyInfo versionUuid="_a-0000ec19-b9d1-8000-9ca4-011c48011c48_257383"/>
        <historyInfo versionUuid="_a-0000ec19-b9d1-8000-9ca4-011c48011c48_257439"/>
        <historyInfo versionUuid="_a-0000ec19-b9d1-8000-9ca4-011c48011c48_257560"/>
        <historyInfo versionUuid="_a-0000ec19-b9d1-8000-9ca4-011c48011c48_257704"/>
        <historyInfo versionUuid="_a-0000ec19-b9d1-8000-9ca4-011c48011c48_257769"/>
        <historyInfo versionUuid="_a-0000ec19-b9d1-8000-9ca4-011c48011c48_257829"/>
        <historyInfo versionUuid="_a-0000ec19-b9d1-8000-9ca4-011c48011c48_257909"/>
        <historyInfo versionUuid="_a-0000ec19-b9d1-8000-9ca4-011c48011c48_258212"/>
        <historyInfo versionUuid="_a-0000ec19-b9d1-8000-9ca4-011c48011c48_258281"/>
        <historyInfo versionUuid="_a-0000ec19-b9d1-8000-9ca4-011c48011c48_258362"/>
        <historyInfo versionUuid="_a-0000ec19-b9d1-8000-9ca4-011c48011c48_258441"/>
        <historyInfo versionUuid="_a-0000ec19-b9d1-8000-9ca4-011c48011c48_258515"/>
        <historyInfo versionUuid="_a-0000ec19-b9d1-8000-9ca4-011c48011c48_258582"/>
        <historyInfo versionUuid="_a-0000ec19-b9d1-8000-9ca4-011c48011c48_258650"/>
        <historyInfo versionUuid="_a-0000ec19-b9d1-8000-9ca4-011c48011c48_258720"/>
        <historyInfo versionUuid="_a-0000ec19-b9d1-8000-9ca4-011c48011c48_258790"/>
        <historyInfo versionUuid="_a-0000ec19-b9d1-8000-9ca4-011c48011c48_258861"/>
        <historyInfo versionUuid="_a-0000ec19-b9d1-8000-9ca4-011c48011c48_258939"/>
        <historyInfo versionUuid="_a-0000ec19-b9d1-8000-9ca4-011c48011c48_259012"/>
        <historyInfo versionUuid="_a-0000ec19-b9d1-8000-9ca4-011c48011c48_259113"/>
        <historyInfo versionUuid="_a-0000ec19-b9d1-8000-9ca4-011c48011c48_259188"/>
        <historyInfo versionUuid="_a-0000ec19-b9d1-8000-9ca4-011c48011c48_259421"/>
        <historyInfo versionUuid="_a-0000ec19-b9d1-8000-9ca4-011c48011c48_259498"/>
        <historyInfo versionUuid="_a-0000ec19-b9d1-8000-9ca4-011c48011c48_259656"/>
        <historyInfo versionUuid="_a-0000ec26-e8e9-8000-9ca6-011c48011c48_262532"/>
        <historyInfo versionUuid="_a-0000ec26-e8e9-8000-9ca6-011c48011c48_262709"/>
        <historyInfo versionUuid="_a-0000ec26-e8e9-8000-9ca6-011c48011c48_262805"/>
        <historyInfo versionUuid="_a-0000ec26-e8e9-8000-9ca6-011c48011c48_262887"/>
        <historyInfo versionUuid="_a-0000ec26-e8e9-8000-9ca6-011c48011c48_263099"/>
        <historyInfo versionUuid="_a-0000ec26-e8e9-8000-9ca6-011c48011c48_263198"/>
        <historyInfo versionUuid="_a-0000ec26-e8e9-8000-9ca6-011c48011c48_263390"/>
        <historyInfo versionUuid="_a-0000ec26-e8e9-8000-9ca6-011c48011c48_263440"/>
        <historyInfo versionUuid="_a-0000ec26-e8e9-8000-9ca6-011c48011c48_263595"/>
        <historyInfo versionUuid="_a-0000ec26-e8e9-8000-9ca6-011c48011c48_263763"/>
        <historyInfo versionUuid="_a-0000ec26-e8e9-8000-9ca6-011c48011c48_264013"/>
        <historyInfo versionUuid="_a-0000ec26-e8e9-8000-9ca6-011c48011c48_264109"/>
        <historyInfo versionUuid="_a-0000ec26-e8e9-8000-9ca6-011c48011c48_264449"/>
        <historyInfo versionUuid="_a-0000ec26-e8e9-8000-9ca6-011c48011c48_264540"/>
        <historyInfo versionUuid="_a-0000ec26-e8e9-8000-9ca6-011c48011c48_264858"/>
        <historyInfo versionUuid="_a-0000ec26-e8e9-8000-9ca6-011c48011c48_265012"/>
        <historyInfo versionUuid="_a-0000ec26-e8e9-8000-9ca6-011c48011c48_265181"/>
        <historyInfo versionUuid="_a-0000ec26-e8e9-8000-9ca6-011c48011c48_265276"/>
        <historyInfo versionUuid="_a-0000ec26-e8e9-8000-9ca6-011c48011c48_265372"/>
        <historyInfo versionUuid="_a-0000ec26-e8e9-8000-9ca6-011c48011c48_265519"/>
        <historyInfo versionUuid="_a-0000ec26-e8e9-8000-9ca6-011c48011c48_265617"/>
        <historyInfo versionUuid="_a-0000ec26-e8e9-8000-9ca6-011c48011c48_265775"/>
        <historyInfo versionUuid="_a-0000ec26-e8e9-8000-9ca6-011c48011c48_265875"/>
        <historyInfo versionUuid="_a-0000ec26-e8e9-8000-9ca6-011c48011c48_266036"/>
        <historyInfo versionUuid="_a-0000ec26-e8e9-8000-9ca6-011c48011c48_266148"/>
        <historyInfo versionUuid="_a-0000ec26-e8e9-8000-9ca6-011c48011c48_266270"/>
        <historyInfo versionUuid="_a-0000ec26-e8e9-8000-9ca6-011c48011c48_266419"/>
        <historyInfo versionUuid="_a-0000ec26-e8e9-8000-9ca6-011c48011c48_266548"/>
        <historyInfo versionUuid="_a-0000ec26-e8e9-8000-9ca6-011c48011c48_266654"/>
        <historyInfo versionUuid="_a-0000ec26-e8e9-8000-9ca6-011c48011c48_266831"/>
        <historyInfo versionUuid="_a-0000ec26-e8e9-8000-9ca6-011c48011c48_266939"/>
        <historyInfo versionUuid="_a-0000ec26-e8e9-8000-9ca6-011c48011c48_267067"/>
        <historyInfo versionUuid="_a-0000ec26-e8e9-8000-9ca6-011c48011c48_267173"/>
        <historyInfo versionUuid="_a-0000ec26-e8e9-8000-9ca6-011c48011c48_267366"/>
        <historyInfo versionUuid="_a-0000ec26-e8e9-8000-9ca6-011c48011c48_267478"/>
        <historyInfo versionUuid="_a-0000ec26-e8e9-8000-9ca6-011c48011c48_267714"/>
        <historyInfo versionUuid="_a-0000ec26-e8e9-8000-9ca6-011c48011c48_267846"/>
        <historyInfo versionUuid="_a-0000ec26-e8e9-8000-9ca6-011c48011c48_267967"/>
        <historyInfo versionUuid="_a-0000ec26-e8e9-8000-9ca6-011c48011c48_268210"/>
        <historyInfo versionUuid="_a-0000ec26-e8e9-8000-9ca6-011c48011c48_268532"/>
        <historyInfo versionUuid="_a-0000ec26-e8e9-8000-9ca6-011c48011c48_268661"/>
        <historyInfo versionUuid="_a-0000ec26-e8e9-8000-9ca6-011c48011c48_268780"/>
        <historyInfo versionUuid="_a-0000ec26-e8e9-8000-9ca6-011c48011c48_268915"/>
        <historyInfo versionUuid="_a-0000ec26-e8e9-8000-9ca6-011c48011c48_269048"/>
        <historyInfo versionUuid="_a-0000ec26-e8e9-8000-9ca6-011c48011c48_269186"/>
        <historyInfo versionUuid="_a-0000ec26-e8e9-8000-9ca6-011c48011c48_269309"/>
        <historyInfo versionUuid="_a-0000ec26-e8e9-8000-9ca6-011c48011c48_269446"/>
        <historyInfo versionUuid="_a-0000ec26-e8e9-8000-9ca6-011c48011c48_269596"/>
        <historyInfo versionUuid="_a-0000ec26-e8e9-8000-9ca6-011c48011c48_269736"/>
        <historyInfo versionUuid="_a-0000ec26-e8e9-8000-9ca6-011c48011c48_269938"/>
        <historyInfo versionUuid="_a-0000ec26-e8e9-8000-9ca6-011c48011c48_270206"/>
        <historyInfo versionUuid="_a-0000ec26-e8e9-8000-9ca6-011c48011c48_270335"/>
        <historyInfo versionUuid="_a-0000ec26-e8e9-8000-9ca6-011c48011c48_270465"/>
        <historyInfo versionUuid="_a-0000ec26-e8e9-8000-9ca6-011c48011c48_270614"/>
        <historyInfo versionUuid="_a-0000ec34-17d1-8000-9ca8-011c48011c48_273323"/>
        <historyInfo versionUuid="_a-0000ec34-17d1-8000-9ca8-011c48011c48_273534"/>
        <historyInfo versionUuid="_a-0000ec34-17d1-8000-9ca8-011c48011c48_273668"/>
        <historyInfo versionUuid="_a-0000ec41-475a-8000-9caa-011c48011c48_279648"/>
        <historyInfo versionUuid="_a-0000ec41-475a-8000-9caa-011c48011c48_280530"/>
        <historyInfo versionUuid="_a-0000ec41-475a-8000-9caa-011c48011c48_280897"/>
        <historyInfo versionUuid="_a-0000ec41-475a-8000-9caa-011c48011c48_281948"/>
        <historyInfo versionUuid="_a-0000ec41-475a-8000-9caa-011c48011c48_282280"/>
        <historyInfo versionUuid="_a-0000ec4e-764a-8000-9cac-011c48011c48_282997"/>
        <historyInfo versionUuid="_a-0000ec4e-764a-8000-9cac-011c48011c48_293206"/>
    </history>
</contentHaul>
