<?xml version="1.0" encoding="UTF-8" standalone="yes"?>
<contentHaul xmlns:a="http://www.appian.com/ae/types/2009">
    <versionUuid>_a-0000ec19-b9d1-8000-9ca4-011c48011c48_261655</versionUuid>
    <rule>
        <name>SA_TestSaveNewCustomer</name>
        <uuid>_a-0000ec19-b9d1-8000-9ca4-011c48011c48_260524</uuid>
        <description>Save New Customer</description>
        <parentUuid>_a-0000ebfe-97a0-8000-9ca0-011c48011c48_254323</parentUuid>
        <visibility>
            <advertise>false</advertise>
            <hierarchy>true</hierarchy>
            <indexable>true</indexable>
            <quota>false</quota>
            <searchable>true</searchable>
            <system>false</system>
            <unlogged>false</unlogged>
        </visibility>
        <definition>/*a!forEach(*/
  /*items:ri!customerRecord ,*/
  /*expression: if(*/
    /*fv!itemCount &gt;1,*/
    /*a!update(fv!item,'recordType!{826d8fe7-5a45-4699-b6f9-3c87219188b1}SA Customer.fields.{1a9e0b17-7436-44e6-a796-b29627a62548}customerId', 365 ),*/
    /*890*/
  /*))*/
  
/*a!localVariables(*/
  /*local!mail : {},*/
  /*local!existingCustomerRecord : {},*/
  /*{*/
  /*a!forEach(*/
    /*items: ri!existingCustomersEmails,*/
    /*expression: {*/
      /*a!update(local!mail, 1,fv!item),*/
      /*a!forEach(*/
        /*items: ri!customerRecord,*/
        /*expression: if(*/
          /*fv!item['recordType!{826d8fe7-5a45-4699-b6f9-3c87219188b1}SA Customer.fields.{a57139dc-5a70-4734-be15-515a09c7ef03}emailId'] = ri!mail,*/
          /*fv!item['recordType!{826d8fe7-5a45-4699-b6f9-3c87219188b1}SA Customer.fields.{1a9e0b17-7436-44e6-a796-b29627a62548}customerId'],*/
          /*fv!item*/
        /*)*/
      /*)*/
    /*}*/
  /*)*/
  /*}*/
/*)*/
a!flatten(#"SYSTEM_SYSRULES_forEach"(
  items: ri!existingCustomersEmails,
  expression: a!localVariables(
    local!mail:fv!item,
    reject(fn!isnull, #"SYSTEM_SYSRULES_forEach"(
      items: ri!customerRecord,
      expression: if(
        fv!item[#"urn:appian:record-field:v1:826d8fe7-5a45-4699-b6f9-3c87219188b1/a57139dc-5a70-4734-be15-515a09c7ef03"]=local!mail,
        fv!item,
        ""
      )
    ))
  )
))</definition>
        <namedTypedValue>
            <name>customerRecord</name>
            <type>
                <name>826d8fe7-5a45-4699-b6f9-3c87219188b1?list</name>
                <namespace>urn:com:appian:recordtype:datatype</namespace>
            </type>
        </namedTypedValue>
        <namedTypedValue>
            <name>existingCustomerRecord</name>
            <type>
                <name>826d8fe7-5a45-4699-b6f9-3c87219188b1?list</name>
                <namespace>urn:com:appian:recordtype:datatype</namespace>
            </type>
        </namedTypedValue>
        <namedTypedValue>
            <name>existingCustomersEmails</name>
            <type>
                <name>Text?list</name>
                <namespace>http://www.appian.com/ae/types/2009</namespace>
            </type>
        </namedTypedValue>
        <namedTypedValue>
            <name>mail</name>
            <type>
                <name>string</name>
                <namespace>http://www.w3.org/2001/XMLSchema</namespace>
            </type>
            <value/>
        </namedTypedValue>
        <preferredEditor>legacy</preferredEditor>
        <offlineEnabled>false</offlineEnabled>
    </rule>
    <roleMap public="true">
        <role inherit="true" allowForAll="false" name="readers">
            <users/>
            <groups/>
        </role>
        <role inherit="true" allowForAll="false" name="authors">
            <users/>
            <groups/>
        </role>
        <role inherit="true" allowForAll="false" name="administrators">
            <users/>
            <groups/>
        </role>
        <role inherit="false" allowForAll="false" name="denyReaders">
            <users/>
            <groups/>
        </role>
        <role inherit="false" allowForAll="false" name="denyAuthors">
            <users/>
            <groups/>
        </role>
        <role inherit="false" allowForAll="false" name="denyAdministrators">
            <users/>
            <groups/>
        </role>
    </roleMap>
    <history>
        <historyInfo versionUuid="_a-0000ec19-b9d1-8000-9ca4-011c48011c48_261655"/>
    </history>
</contentHaul>
