<?xml version="1.0" encoding="UTF-8" standalone="yes"?>
<contentHaul xmlns:a="http://www.appian.com/ae/types/2009">
    <versionUuid>_a-0000ec34-17d1-8000-9ca8-011c48011c48_274317</versionUuid>
    <rule>
        <name>SA_NewCustomerRequestsLoadBalancer</name>
        <uuid>_a-0000ec34-17d1-8000-9ca8-011c48011c48_274171</uuid>
        <description>NewCustomer Requests Task Assigner Based on Work Load</description>
        <parentUuid>29340692-c7e4-416d-b9f2-435df57cdc04</parentUuid>
        <visibility>
            <advertise>false</advertise>
            <hierarchy>true</hierarchy>
            <indexable>true</indexable>
            <quota>false</quota>
            <searchable>true</searchable>
            <system>false</system>
            <unlogged>false</unlogged>
        </visibility>
        <definition>a!localVariables(
  local!groupMembers: #"SYSTEM_SYSRULES_forEach"(
    a!groupMembers(
      #"_a-0000ec19-b9d1-8000-9ca4-011c48011c48_256383"
    ).data,
    a!map(userName: fv!item)
  ),
  local!retrieveUsersWithTasks: #"SYSTEM_SYSRULES_queryRecordType_v1"(
    recordType: #"urn:appian:record-type:v1:e29ff48d-88a7-4b94-b317-2a3d3f8f9e4a",
    filters: #"SYSTEM_SYSRULES_queryFilter"(
      field: #"urn:appian:record-field:v1:e29ff48d-88a7-4b94-b317-2a3d3f8f9e4a/cc07505a-baa5-43c8-b720-f12413639fce",
      operator: "=",
      value: "Marketing Executive"
    ),
    fields: #"SYSTEM_SYSRULES_aggregationFields"(
      groupings: {
        #"SYSTEM_SYSRULES_grouping"(
          field: #"urn:appian:record-field:v1:e29ff48d-88a7-4b94-b317-2a3d3f8f9e4a/34ecb62a-df27-485a-9080-07712561de57",
          alias: "assignedTo"
        )
      },
      measures: {
        #"SYSTEM_SYSRULES_measure"(
          function: "COUNT",
          field: #"urn:appian:record-field:v1:e29ff48d-88a7-4b94-b317-2a3d3f8f9e4a/0d8ee8a8-99f4-4cf1-9d88-8b16171934da",
          alias: "taskCount"
        )
      }
    ),
    pagingInfo: #"SYSTEM_SYSRULES_pagingInfo"(startIndex: 1, batchSize: 100)
  ).data,
  local!ListOfUnassignedUsers: difference(
    #"SYSTEM_SYSRULES_forEach"(
      index(local!groupMembers, "userName"),
      tostring(fv!item)
    ),
    if(
      a!isNullOrEmpty(
        index(
          local!retrieveUsersWithTasks,
          "assignedTo"
        )
      ),
      ri!nullStringType,
      index(
        local!retrieveUsersWithTasks,
        "assignedTo"
      )
    )
  ),
  local!AllUsersWithtaskCounts: if(
    a!isNullOrEmpty(local!ListOfUnassignedUsers),
    local!retrieveUsersWithTasks,
    #"SYSTEM_SYSRULES_forEach"(
      items: local!ListOfUnassignedUsers,
      expression: append(
        local!retrieveUsersWithTasks,
        a!map(assignedTo: fv!item, taskCount: 0)
      )
    )
  ),
  local!singleRequestRecord: ri!newRequestRecord[ri!newRequestCounter],
  #"urn:appian:function:v1:a:update"(
    local!singleRequestRecord,
    #"urn:appian:record-field:v1:e29ff48d-88a7-4b94-b317-2a3d3f8f9e4a/34ecb62a-df27-485a-9080-07712561de57",
    index(
      local!AllUsersWithtaskCounts.assignedTo,
      wherecontains(
        tointeger(
          min(local!AllUsersWithtaskCounts.taskCount)
        ),
        local!AllUsersWithtaskCounts.taskCount
      )[1]
    )
  )
)</definition>
        <namedTypedValue>
            <name>newRequestRecord</name>
            <type>
                <name>e29ff48d-88a7-4b94-b317-2a3d3f8f9e4a?list</name>
                <namespace>urn:com:appian:recordtype:datatype</namespace>
            </type>
        </namedTypedValue>
        <namedTypedValue>
            <name>nullStringType</name>
            <type>
                <name>Text?list</name>
                <namespace>http://www.appian.com/ae/types/2009</namespace>
            </type>
        </namedTypedValue>
        <namedTypedValue>
            <name>newRequestCounter</name>
            <type>
                <name>int</name>
                <namespace>http://www.w3.org/2001/XMLSchema</namespace>
            </type>
        </namedTypedValue>
        <namedTypedValue>
            <name>singleNewRequestRecord</name>
            <type>
                <name>e29ff48d-88a7-4b94-b317-2a3d3f8f9e4a</name>
                <namespace>urn:com:appian:recordtype:datatype</namespace>
            </type>
        </namedTypedValue>
        <preferredEditor>legacy</preferredEditor>
        <offlineEnabled>false</offlineEnabled>
    </rule>
    <roleMap public="true">
        <role inherit="true" allowForAll="false" name="readers">
            <users/>
            <groups/>
        </role>
        <role inherit="true" allowForAll="false" name="authors">
            <users/>
            <groups/>
        </role>
        <role inherit="true" allowForAll="false" name="administrators">
            <users/>
            <groups/>
        </role>
        <role inherit="false" allowForAll="false" name="denyReaders">
            <users/>
            <groups/>
        </role>
        <role inherit="false" allowForAll="false" name="denyAuthors">
            <users/>
            <groups/>
        </role>
        <role inherit="false" allowForAll="false" name="denyAdministrators">
            <users/>
            <groups/>
        </role>
    </roleMap>
    <history>
        <historyInfo versionUuid="_a-0000ec34-17d1-8000-9ca8-011c48011c48_274317"/>
    </history>
</contentHaul>
