<?xml version="1.0" encoding="UTF-8" standalone="yes"?>
<contentHaul xmlns:a="http://www.appian.com/ae/types/2009">
    <versionUuid>_a-0000ec4e-764a-8000-9cac-011c48011c48_294010</versionUuid>
    <interface>
        <name>SA_Dummy</name>
        <uuid>_a-0000ec4e-764a-8000-9cac-011c48011c48_293939</uuid>
        <description></description>
        <parentUuid>_a-0000ebfe-97a0-8000-9ca0-011c48011c48_254323</parentUuid>
        <visibility>
            <advertise>false</advertise>
            <hierarchy>true</hierarchy>
            <indexable>true</indexable>
            <quota>false</quota>
            <searchable>true</searchable>
            <system>false</system>
            <unlogged>false</unlogged>
        </visibility>
        <definition>{
  #"SYSTEM_SYSRULES_sectionLayout_v1"(
    contents: {}
  ),
  #"SYSTEM_SYSRULES_columnsLayout"(
    columns: {
      #"SYSTEM_SYSRULES_columnLayout"(
        contents: {
          #"SYSTEM_SYSRULES_gridField_v2"(
            label: "Leads In Status OPEN",
            labelPosition: "ABOVE",
            data: #"SYSTEM_SYSRULES_recordData"(
              recordType: #"urn:appian:record-type:v1:e29ff48d-88a7-4b94-b317-2a3d3f8f9e4a",
              filters: #"SYSTEM_SYSRULES_queryLogicalExpression"(
                operator: "AND",
                filters: {
                  #"SYSTEM_SYSRULES_queryFilter"(
                    field: #"urn:appian:record-field:v1:e29ff48d-88a7-4b94-b317-2a3d3f8f9e4a/5d896fc6-4490-43da-b4f4-eb306a6e3cb4",
                    operator: "=",
                    value: "Open"
                  )
                },
                ignoreFiltersWithEmptyValues: true
              )
            ),
            columns: {
              #"SYSTEM_SYSRULES_gridColumn"(
                label: "Request Id",
                sortField: #"urn:appian:record-field:v1:e29ff48d-88a7-4b94-b317-2a3d3f8f9e4a/0d8ee8a8-99f4-4cf1-9d88-8b16171934da",
                value: #"SYSTEM_SYSRULES_linkField"(
                  links: {
                    #"SYSTEM_SYSRULES_recordLink"(
                      label: fv!row[#"urn:appian:record-field:v1:e29ff48d-88a7-4b94-b317-2a3d3f8f9e4a/0d8ee8a8-99f4-4cf1-9d88-8b16171934da"],
                      recordType: #"urn:appian:record-type:v1:e29ff48d-88a7-4b94-b317-2a3d3f8f9e4a",
                      identifier: fv!row[#"urn:appian:record-field:v1:e29ff48d-88a7-4b94-b317-2a3d3f8f9e4a/0d8ee8a8-99f4-4cf1-9d88-8b16171934da"]
                    )
                  }
                ),
                align: "END"
              ),
              #"SYSTEM_SYSRULES_gridColumn"(
                label: "Customer Need",
                sortField: #"urn:appian:record-field:v1:e29ff48d-88a7-4b94-b317-2a3d3f8f9e4a/9503c12f-5408-4d44-8d15-f6f1530b81d9",
                value: fv!row[#"urn:appian:record-field:v1:e29ff48d-88a7-4b94-b317-2a3d3f8f9e4a/9503c12f-5408-4d44-8d15-f6f1530b81d9"]
              ),
              #"SYSTEM_SYSRULES_gridColumn"(
                label: "Status",
                sortField: #"urn:appian:record-field:v1:e29ff48d-88a7-4b94-b317-2a3d3f8f9e4a/5d896fc6-4490-43da-b4f4-eb306a6e3cb4",
                value: fv!row[#"urn:appian:record-field:v1:e29ff48d-88a7-4b94-b317-2a3d3f8f9e4a/5d896fc6-4490-43da-b4f4-eb306a6e3cb4"]
              )
            },
            validations: {},
            refreshAfter: "RECORD_ACTION",
            showSearchBox: true,
            showRefreshButton: true,
            recordActions: {
              #"SYSTEM_SYSRULES_recordActionItem"(
                action: #"urn:appian:record-action:v1:e29ff48d-88a7-4b94-b317-2a3d3f8f9e4a/bc556dcb-4933-491b-9633-215b4f6ff3f3"
              )
            }
          )
        }
      ),
      #"SYSTEM_SYSRULES_columnLayout"(
        contents: {
          #"SYSTEM_SYSRULES_gridField_v2"(
            label: "Leads In Status Initial Contact",
            labelPosition: "ABOVE",
            data: #"SYSTEM_SYSRULES_recordData"(
              recordType: #"urn:appian:record-type:v1:e29ff48d-88a7-4b94-b317-2a3d3f8f9e4a",
              filters: #"SYSTEM_SYSRULES_queryLogicalExpression"(
                operator: "AND",
                filters: {
                  #"SYSTEM_SYSRULES_queryFilter"(
                    field: #"urn:appian:record-field:v1:e29ff48d-88a7-4b94-b317-2a3d3f8f9e4a/5d896fc6-4490-43da-b4f4-eb306a6e3cb4",
                    operator: "=",
                    value: "Initial Contact"
                  )
                },
                ignoreFiltersWithEmptyValues: true
              )
            ),
            columns: {
              #"SYSTEM_SYSRULES_gridColumn"(
                label: "Request Id",
                sortField: #"urn:appian:record-field:v1:e29ff48d-88a7-4b94-b317-2a3d3f8f9e4a/0d8ee8a8-99f4-4cf1-9d88-8b16171934da",
                value: #"SYSTEM_SYSRULES_linkField"(
                  links: {
                    #"SYSTEM_SYSRULES_recordLink"(
                      label: fv!row[#"urn:appian:record-field:v1:e29ff48d-88a7-4b94-b317-2a3d3f8f9e4a/0d8ee8a8-99f4-4cf1-9d88-8b16171934da"],
                      recordType: #"urn:appian:record-type:v1:e29ff48d-88a7-4b94-b317-2a3d3f8f9e4a",
                      identifier: fv!row[#"urn:appian:record-field:v1:e29ff48d-88a7-4b94-b317-2a3d3f8f9e4a/0d8ee8a8-99f4-4cf1-9d88-8b16171934da"]
                    )
                  }
                ),
                align: "END"
              ),
              #"SYSTEM_SYSRULES_gridColumn"(
                label: "Customer Need",
                sortField: #"urn:appian:record-field:v1:e29ff48d-88a7-4b94-b317-2a3d3f8f9e4a/9503c12f-5408-4d44-8d15-f6f1530b81d9",
                value: fv!row[#"urn:appian:record-field:v1:e29ff48d-88a7-4b94-b317-2a3d3f8f9e4a/9503c12f-5408-4d44-8d15-f6f1530b81d9"]
              ),
              #"SYSTEM_SYSRULES_gridColumn"(
                label: "Status",
                sortField: #"urn:appian:record-field:v1:e29ff48d-88a7-4b94-b317-2a3d3f8f9e4a/5d896fc6-4490-43da-b4f4-eb306a6e3cb4",
                value: fv!row[#"urn:appian:record-field:v1:e29ff48d-88a7-4b94-b317-2a3d3f8f9e4a/5d896fc6-4490-43da-b4f4-eb306a6e3cb4"]
              )
            },
            validations: {},
            refreshAfter: "RECORD_ACTION",
            showSearchBox: true,
            showRefreshButton: true,
            recordActions: {}
          ),
          #"SYSTEM_SYSRULES_gridField_v2"(
            label: "Leads In Status Follow up",
            labelPosition: "ABOVE",
            emptyGridMessage: "Great! You Don't Have Any Leads in Follow-up Phase",
            data: #"SYSTEM_SYSRULES_recordData"(
              recordType: #"urn:appian:record-type:v1:e29ff48d-88a7-4b94-b317-2a3d3f8f9e4a",
              filters: #"SYSTEM_SYSRULES_queryLogicalExpression"(
                operator: "AND",
                filters: {
                  #"SYSTEM_SYSRULES_queryFilter"(
                    field: #"urn:appian:record-field:v1:e29ff48d-88a7-4b94-b317-2a3d3f8f9e4a/5d896fc6-4490-43da-b4f4-eb306a6e3cb4",
                    operator: "=",
                    value: "Follow up"
                  )
                },
                ignoreFiltersWithEmptyValues: true
              )
            ),
            columns: {
              #"SYSTEM_SYSRULES_gridColumn"(
                label: "Request Id",
                sortField: #"urn:appian:record-field:v1:e29ff48d-88a7-4b94-b317-2a3d3f8f9e4a/0d8ee8a8-99f4-4cf1-9d88-8b16171934da",
                value: #"SYSTEM_SYSRULES_linkField"(
                  links: {
                    #"SYSTEM_SYSRULES_recordLink"(
                      label: fv!row[#"urn:appian:record-field:v1:e29ff48d-88a7-4b94-b317-2a3d3f8f9e4a/0d8ee8a8-99f4-4cf1-9d88-8b16171934da"],
                      recordType: #"urn:appian:record-type:v1:e29ff48d-88a7-4b94-b317-2a3d3f8f9e4a",
                      identifier: fv!row[#"urn:appian:record-field:v1:e29ff48d-88a7-4b94-b317-2a3d3f8f9e4a/0d8ee8a8-99f4-4cf1-9d88-8b16171934da"]
                    )
                  }
                ),
                align: "END"
              ),
              #"SYSTEM_SYSRULES_gridColumn"(
                label: "Customer Need",
                sortField: #"urn:appian:record-field:v1:e29ff48d-88a7-4b94-b317-2a3d3f8f9e4a/9503c12f-5408-4d44-8d15-f6f1530b81d9",
                value: fv!row[#"urn:appian:record-field:v1:e29ff48d-88a7-4b94-b317-2a3d3f8f9e4a/9503c12f-5408-4d44-8d15-f6f1530b81d9"]
              ),
              #"SYSTEM_SYSRULES_gridColumn"(
                label: "Status",
                sortField: #"urn:appian:record-field:v1:e29ff48d-88a7-4b94-b317-2a3d3f8f9e4a/5d896fc6-4490-43da-b4f4-eb306a6e3cb4",
                value: fv!row[#"urn:appian:record-field:v1:e29ff48d-88a7-4b94-b317-2a3d3f8f9e4a/5d896fc6-4490-43da-b4f4-eb306a6e3cb4"]
              )
            },
            validations: {},
            refreshAfter: "RECORD_ACTION",
            showSearchBox: true,
            showRefreshButton: true,
            recordActions: {}
          ),
          #"SYSTEM_SYSRULES_gridField_v2"(
            label: "Leads In Status Deep Engagement",
            labelPosition: "ABOVE",
            data: #"SYSTEM_SYSRULES_recordData"(
              recordType: #"urn:appian:record-type:v1:e29ff48d-88a7-4b94-b317-2a3d3f8f9e4a",
              filters: #"SYSTEM_SYSRULES_queryLogicalExpression"(
                operator: "AND",
                filters: {
                  #"SYSTEM_SYSRULES_queryFilter"(
                    field: #"urn:appian:record-field:v1:e29ff48d-88a7-4b94-b317-2a3d3f8f9e4a/5d896fc6-4490-43da-b4f4-eb306a6e3cb4",
                    operator: "=",
                    value: "Deep Engagement"
                  )
                },
                ignoreFiltersWithEmptyValues: true
              )
            ),
            columns: {
              #"SYSTEM_SYSRULES_gridColumn"(
                label: "Request Id",
                sortField: #"urn:appian:record-field:v1:e29ff48d-88a7-4b94-b317-2a3d3f8f9e4a/0d8ee8a8-99f4-4cf1-9d88-8b16171934da",
                value: #"SYSTEM_SYSRULES_linkField"(
                  links: {
                    #"SYSTEM_SYSRULES_recordLink"(
                      label: fv!row[#"urn:appian:record-field:v1:e29ff48d-88a7-4b94-b317-2a3d3f8f9e4a/0d8ee8a8-99f4-4cf1-9d88-8b16171934da"],
                      recordType: #"urn:appian:record-type:v1:e29ff48d-88a7-4b94-b317-2a3d3f8f9e4a",
                      identifier: fv!row[#"urn:appian:record-field:v1:e29ff48d-88a7-4b94-b317-2a3d3f8f9e4a/0d8ee8a8-99f4-4cf1-9d88-8b16171934da"]
                    )
                  }
                ),
                align: "END"
              ),
              #"SYSTEM_SYSRULES_gridColumn"(
                label: "Customer Need",
                sortField: #"urn:appian:record-field:v1:e29ff48d-88a7-4b94-b317-2a3d3f8f9e4a/9503c12f-5408-4d44-8d15-f6f1530b81d9",
                value: fv!row[#"urn:appian:record-field:v1:e29ff48d-88a7-4b94-b317-2a3d3f8f9e4a/9503c12f-5408-4d44-8d15-f6f1530b81d9"]
              ),
              #"SYSTEM_SYSRULES_gridColumn"(
                label: "Status",
                sortField: #"urn:appian:record-field:v1:e29ff48d-88a7-4b94-b317-2a3d3f8f9e4a/5d896fc6-4490-43da-b4f4-eb306a6e3cb4",
                value: fv!row[#"urn:appian:record-field:v1:e29ff48d-88a7-4b94-b317-2a3d3f8f9e4a/5d896fc6-4490-43da-b4f4-eb306a6e3cb4"]
              )
            },
            validations: {},
            refreshAfter: "RECORD_ACTION",
            showSearchBox: true,
            showRefreshButton: true,
            recordActions: {}
          )
        }
      )
    }
  ),
  #"SYSTEM_SYSRULES_sectionLayout_v1"(
    label: "",
    contents: {
      #"SYSTEM_SYSRULES_columnsLayout"(
        columns: {
          #"SYSTEM_SYSRULES_columnLayout"(
            contents: {
              #"SYSTEM_SYSRULES_gridField_v2"(
                label: "Leads In Status Opportunity Created",
                labelPosition: "ABOVE",
                data: #"SYSTEM_SYSRULES_recordData"(
                  recordType: #"urn:appian:record-type:v1:e29ff48d-88a7-4b94-b317-2a3d3f8f9e4a",
                  filters: #"SYSTEM_SYSRULES_queryLogicalExpression"(
                    operator: "AND",
                    filters: {
                      #"SYSTEM_SYSRULES_queryFilter"(
                        field: #"urn:appian:record-field:v1:e29ff48d-88a7-4b94-b317-2a3d3f8f9e4a/5d896fc6-4490-43da-b4f4-eb306a6e3cb4",
                        operator: "=",
                        value: "Opportunity Created"
                      )
                    },
                    ignoreFiltersWithEmptyValues: true
                  )
                ),
                columns: {
                  #"SYSTEM_SYSRULES_gridColumn"(
                    label: "Request Id",
                    sortField: #"urn:appian:record-field:v1:e29ff48d-88a7-4b94-b317-2a3d3f8f9e4a/0d8ee8a8-99f4-4cf1-9d88-8b16171934da",
                    value: #"SYSTEM_SYSRULES_linkField"(
                      links: {
                        #"SYSTEM_SYSRULES_recordLink"(
                          label: fv!row[#"urn:appian:record-field:v1:e29ff48d-88a7-4b94-b317-2a3d3f8f9e4a/0d8ee8a8-99f4-4cf1-9d88-8b16171934da"],
                          recordType: #"urn:appian:record-type:v1:e29ff48d-88a7-4b94-b317-2a3d3f8f9e4a",
                          identifier: fv!row[#"urn:appian:record-field:v1:e29ff48d-88a7-4b94-b317-2a3d3f8f9e4a/0d8ee8a8-99f4-4cf1-9d88-8b16171934da"]
                        )
                      }
                    ),
                    align: "END"
                  ),
                  #"SYSTEM_SYSRULES_gridColumn"(
                    label: "Customer Need",
                    sortField: #"urn:appian:record-field:v1:e29ff48d-88a7-4b94-b317-2a3d3f8f9e4a/9503c12f-5408-4d44-8d15-f6f1530b81d9",
                    value: fv!row[#"urn:appian:record-field:v1:e29ff48d-88a7-4b94-b317-2a3d3f8f9e4a/9503c12f-5408-4d44-8d15-f6f1530b81d9"]
                  ),
                  #"SYSTEM_SYSRULES_gridColumn"(
                    label: "Status",
                    sortField: #"urn:appian:record-field:v1:e29ff48d-88a7-4b94-b317-2a3d3f8f9e4a/5d896fc6-4490-43da-b4f4-eb306a6e3cb4",
                    value: fv!row[#"urn:appian:record-field:v1:e29ff48d-88a7-4b94-b317-2a3d3f8f9e4a/5d896fc6-4490-43da-b4f4-eb306a6e3cb4"]
                  )
                },
                validations: {},
                refreshAfter: "RECORD_ACTION",
                showSearchBox: true,
                showRefreshButton: true,
                recordActions: {}
              )
            }
          ),
          #"SYSTEM_SYSRULES_columnLayout"(
            contents: {
              #"SYSTEM_SYSRULES_gridField_v2"(
                label: "Leads In Status Negotiation Successful",
                labelPosition: "ABOVE",
                data: #"SYSTEM_SYSRULES_recordData"(
                  recordType: #"urn:appian:record-type:v1:e29ff48d-88a7-4b94-b317-2a3d3f8f9e4a",
                  filters: #"SYSTEM_SYSRULES_queryLogicalExpression"(
                    operator: "AND",
                    filters: {
                      #"SYSTEM_SYSRULES_queryFilter"(
                        field: #"urn:appian:record-field:v1:e29ff48d-88a7-4b94-b317-2a3d3f8f9e4a/5d896fc6-4490-43da-b4f4-eb306a6e3cb4",
                        operator: "=",
                        value: "Negotiation Successful"
                      )
                    },
                    ignoreFiltersWithEmptyValues: true
                  )
                ),
                columns: {
                  #"SYSTEM_SYSRULES_gridColumn"(
                    label: "Request Id",
                    sortField: #"urn:appian:record-field:v1:e29ff48d-88a7-4b94-b317-2a3d3f8f9e4a/0d8ee8a8-99f4-4cf1-9d88-8b16171934da",
                    value: #"SYSTEM_SYSRULES_linkField"(
                      links: {
                        #"SYSTEM_SYSRULES_recordLink"(
                          label: fv!row[#"urn:appian:record-field:v1:e29ff48d-88a7-4b94-b317-2a3d3f8f9e4a/0d8ee8a8-99f4-4cf1-9d88-8b16171934da"],
                          recordType: #"urn:appian:record-type:v1:e29ff48d-88a7-4b94-b317-2a3d3f8f9e4a",
                          identifier: fv!row[#"urn:appian:record-field:v1:e29ff48d-88a7-4b94-b317-2a3d3f8f9e4a/0d8ee8a8-99f4-4cf1-9d88-8b16171934da"]
                        )
                      }
                    ),
                    align: "END"
                  ),
                  #"SYSTEM_SYSRULES_gridColumn"(
                    label: "Customer Need",
                    sortField: #"urn:appian:record-field:v1:e29ff48d-88a7-4b94-b317-2a3d3f8f9e4a/9503c12f-5408-4d44-8d15-f6f1530b81d9",
                    value: fv!row[#"urn:appian:record-field:v1:e29ff48d-88a7-4b94-b317-2a3d3f8f9e4a/9503c12f-5408-4d44-8d15-f6f1530b81d9"]
                  ),
                  #"SYSTEM_SYSRULES_gridColumn"(
                    label: "Status",
                    sortField: #"urn:appian:record-field:v1:e29ff48d-88a7-4b94-b317-2a3d3f8f9e4a/5d896fc6-4490-43da-b4f4-eb306a6e3cb4",
                    value: fv!row[#"urn:appian:record-field:v1:e29ff48d-88a7-4b94-b317-2a3d3f8f9e4a/5d896fc6-4490-43da-b4f4-eb306a6e3cb4"]
                  )
                },
                validations: {},
                refreshAfter: "RECORD_ACTION",
                showSearchBox: true,
                showRefreshButton: true,
                recordActions: {}
              )
            }
          )
        }
      )
    }
  )
}</definition>
        <preferredEditor>interface</preferredEditor>
        <offlineEnabled>false</offlineEnabled>
        <isCustom>false</isCustom>
    </interface>
    <roleMap public="true">
        <role inherit="true" allowForAll="false" name="readers">
            <users/>
            <groups/>
        </role>
        <role inherit="true" allowForAll="false" name="authors">
            <users/>
            <groups/>
        </role>
        <role inherit="true" allowForAll="false" name="administrators">
            <users/>
            <groups/>
        </role>
        <role inherit="false" allowForAll="false" name="denyReaders">
            <users/>
            <groups/>
        </role>
        <role inherit="false" allowForAll="false" name="denyAuthors">
            <users/>
            <groups/>
        </role>
        <role inherit="false" allowForAll="false" name="denyAdministrators">
            <users/>
            <groups/>
        </role>
    </roleMap>
    <history>
        <historyInfo versionUuid="_a-0000ec4e-764a-8000-9cac-011c48011c48_294010"/>
    </history>
</contentHaul>
