<?xml version="1.0" encoding="UTF-8" standalone="yes"?>
<contentHaul xmlns:a="http://www.appian.com/ae/types/2009">
    <versionUuid>_a-0000ec34-17d1-8000-9ca8-011c48011c48_271424</versionUuid>
    <interface>
        <name>SA_SOTAppointmentReviewSite</name>
        <uuid>_a-0000ec34-17d1-8000-9ca8-011c48011c48_271338</uuid>
        <description>SOT Appointment Review Site</description>
        <parentUuid>_a-0000ebfe-97a0-8000-9ca0-011c48011c48_254323</parentUuid>
        <visibility>
            <advertise>false</advertise>
            <hierarchy>true</hierarchy>
            <indexable>true</indexable>
            <quota>false</quota>
            <searchable>true</searchable>
            <system>false</system>
            <unlogged>false</unlogged>
        </visibility>
        <definition>#"SYSTEM_SYSRULES_gridField_v2"(
  label: "",
  data: #"_a-0000ec34-17d1-8000-9ca8-011c48011c48_271212"(
    loggedinuser: loggedInUser(),
    paginginfo: fv!pagingInfo
  ),
  columns: {
    #"SYSTEM_SYSRULES_gridColumn"(
      label: "Task Name",
      sortField:"c0",
      value: #"SYSTEM_SYSRULES_linkField"(
        links: #"SYSTEM_SYSRULES_processTaskLink"(label: fv!row.c0, task: fv!row.dp0)
      )
    ),
    #"SYSTEM_SYSRULES_gridColumn"(
      label: "Status",
      value: #"SYSTEM_SYSRULES_tagField"(
        tags: {
          #"SYSTEM_SYSRULES_tagItem"(
            text: index(
              {
                "Assigned",
                "Accepted",
                "Completed",
                "Not started",
                "Cancelled",
                "Paused"
              },
              tointeger(fv!row.c1) + 1,
              {}
            ),
            backgroundColor: "#008080"
          )
        }
      )
    ),
    #"SYSTEM_SYSRULES_gridColumn"(
      label: "Assigned Time",
      value: text(fv!row.c3, "mmm/dd/yyyy")
    ),
    #"SYSTEM_SYSRULES_gridColumn"(
      label: "Assignee",
      value: #"SYSTEM_SYSRULES_forEach"(
        items: fv!row.c4,
        expression:if(
          runtimetypeof(fv!item) = 4,
          user(fv!item, "firstName") &amp; " " &amp; user(fv!item, "lastName") &amp; char(10),
          group(fv!item, "groupName")

        )


      )
    )
  },
  initialSorts: #"SYSTEM_SYSRULES_sortInfo"(field: "c3", ascending: false())
)</definition>
        <preferredEditor>interface</preferredEditor>
        <offlineEnabled>false</offlineEnabled>
        <isCustom>false</isCustom>
    </interface>
    <roleMap public="true">
        <role inherit="true" allowForAll="false" name="readers">
            <users/>
            <groups/>
        </role>
        <role inherit="true" allowForAll="false" name="authors">
            <users/>
            <groups/>
        </role>
        <role inherit="true" allowForAll="false" name="administrators">
            <users/>
            <groups/>
        </role>
        <role inherit="false" allowForAll="false" name="denyReaders">
            <users/>
            <groups/>
        </role>
        <role inherit="false" allowForAll="false" name="denyAuthors">
            <users/>
            <groups/>
        </role>
        <role inherit="false" allowForAll="false" name="denyAdministrators">
            <users/>
            <groups/>
        </role>
    </roleMap>
    <history>
        <historyInfo versionUuid="_a-0000ec34-17d1-8000-9ca8-011c48011c48_271424"/>
    </history>
</contentHaul>
