<?xml version="1.0" encoding="UTF-8" standalone="yes"?>
<contentHaul xmlns:a="http://www.appian.com/ae/types/2009">
    <versionUuid>_a-0000ec41-475a-8000-9caa-011c48011c48_275714</versionUuid>
    <interface>
        <name>SA_ManualRequestForm</name>
        <uuid>_a-0000ec0c-8b27-8000-9ca2-011c48011c48_255944</uuid>
        <description>Marketing executive form to fill or bulk upload requests via excel. </description>
        <parentUuid>_a-0000ebfe-97a0-8000-9ca0-011c48011c48_254323</parentUuid>
        <visibility>
            <advertise>false</advertise>
            <hierarchy>true</hierarchy>
            <indexable>true</indexable>
            <quota>false</quota>
            <searchable>true</searchable>
            <system>false</system>
            <unlogged>false</unlogged>
        </visibility>
        <definition>a!localVariables(
  local!visibility: {},
  local!thankyou: false(),
  local!Form: true(),
  local!index: index(
    index(
      #"SYSTEM_SYSRULES_queryRecordType_v1"(
        recordType: #"urn:appian:record-type:v1:826d8fe7-5a45-4699-b6f9-3c87219188b1",
        fields: {
          #"urn:appian:record-field:v1:826d8fe7-5a45-4699-b6f9-3c87219188b1/a57139dc-5a70-4734-be15-515a09c7ef03"
        },
        pagingInfo: #"SYSTEM_SYSRULES_pagingInfo"(1, 4999)
      ),
      "Data",
      {}
    ),
    #"urn:appian:record-field:v1:826d8fe7-5a45-4699-b6f9-3c87219188b1/a57139dc-5a70-4734-be15-515a09c7ef03",
    {}
  ),
  #"SYSTEM_SYSRULES_sectionLayout_v1"(
    /*label: "Section",*/
    contents: {
      #"SYSTEM_SYSRULES_richTextDisplayField"(
        labelPosition: "COLLAPSED",
        value: {
          #"SYSTEM_SYSRULES_richTextItem_v1"(
            text: "Let's Get Started",
            showWhen: local!Form,
            color: "#008080",
            size: "LARGE",
            style: "STRONG"
          )
        }
      ),
      #"SYSTEM_SYSRULES_richTextDisplayField"(
        labelPosition: "COLLAPSED",
        value: #"SYSTEM_SYSRULES_richTextItem_v1"(
          text: "To initiate your request, please choose one of the following options: ",
          showWhen: local!Form,
          color: "#008080",
          size: "MEDIUM_PLUS",
          style: "PLAIN"
        )
      ),
      #"SYSTEM_SYSRULES_sectionLayout_v1"(
        contents: #"SYSTEM_SYSRULES_cardChoiceField"(
          helpTooltip: "",
          data: {
            a!map(
              id: 1,
              icon: "user-plus",
              primaryText: "Single Upload",
              secondaryText: "Select to upload an individual request.",
              iconAltText: ""
            ),
            a!map(
              id: 2,
              icon: "users",
              primaryText: "Bulk Upload",
              secondaryText: "Select to Upload multiple Requests",
              iconAltText: ""
            )
          },
          cardTemplate: #"SYSTEM_SYSRULES_cardTemplateTile"(
            id: fv!data.id,
            primaryText: fv!data.primaryText,
            secondaryText: fv!data.secondaryText,
            icon: fv!data.icon,
            iconColor: "#008080",
            iconAltText: fv!data.iconAltText,
            tooltip: "Single Upload:
Click on the Single Upload button.
Fill out the form with the required details for an individual request.
Submit the form to complete the process.

Bulk Upload:
Click on the Bulk Upload button.
Download the provided Excel template.
Enter the details for multiple requests in the template.
Upload the completed Excel file to submit your requests."
          ),
          value: local!visibility,
          saveInto: local!visibility,
          maxSelections: 1,
          align: "CENTER",
          showShadow: true(),
          showWhen: local!Form
        )
      ),
      #"SYSTEM_SYSRULES_sectionLayout_v1"(
        label: "",
        contents: {
          #"SYSTEM_SYSRULES_richTextDisplayField"(
            labelPosition: "COLLAPSED",
            value: {
              #"SYSTEM_SYSRULES_richTextIcon"(
                icon: "check-circle",
                color: "#008080",
                size: "LARGE_PLUS"
              ),
              char(10),
              #"SYSTEM_SYSRULES_richTextItem_v1"(
                text: {
                  "Your Request has been submitted successfully!"
                },
                color: "#008080",
                size: "LARGE_PLUS"
              ),
              char(10)
            },
            showWhen: local!thankyou,
            align: "CENTER"
          ),
          #"SYSTEM_SYSRULES_ButtonArrayLayout"(
            buttons: {
              #"SYSTEM_SYSRULES_buttonWidget_v1"(
                label: "Go back",
                icon: "backward",
                iconPosition: "",
                saveInto: {
                  a!save(target: local!Form, value: true()),
                  a!save(target: local!thankyou, value: false())
                },
                style: "SOLID",
                color: "#008080",
                showWhen: local!thankyou
              )
            },
            align: "CENTER",
            marginBelow: "NONE"
          )
        }
      ),
      #"SYSTEM_SYSRULES_columnsLayout"(
        columns: {
          #"SYSTEM_SYSRULES_columnLayout"(
            contents: {
              #"SYSTEM_SYSRULES_columnsLayout"(
                columns: {
                  #"SYSTEM_SYSRULES_columnLayout"(
                    contents: #"SYSTEM_SYSRULES_cardLayout"(
                      contents: {
                        #"SYSTEM_SYSRULES_textField"(
                          label: "First Name",
                          labelPosition: "JUSTIFIED",
                          value: ri!customerRecord[#"urn:appian:record-field:v1:826d8fe7-5a45-4699-b6f9-3c87219188b1/7ade2570-b8f3-49e2-bca3-3d032ef8ff7c"],
                          saveInto: ri!customerRecord[#"urn:appian:record-field:v1:826d8fe7-5a45-4699-b6f9-3c87219188b1/7ade2570-b8f3-49e2-bca3-3d032ef8ff7c"],
                          refreshAfter: "UNFOCUS",
                          required: if(
                            a!isNotNullOrEmpty(ri!ExcelDocument),
                            false(),
                            true()
                          ),
                          validations: {}
                        ),
                        #"SYSTEM_SYSRULES_textField"(
                          label: "Last Name",
                          labelPosition: "JUSTIFIED",
                          value: ri!customerRecord[#"urn:appian:record-field:v1:826d8fe7-5a45-4699-b6f9-3c87219188b1/4f49b7d0-7f7a-4c62-8cd7-df382708b3ad"],
                          saveInto: ri!customerRecord[#"urn:appian:record-field:v1:826d8fe7-5a45-4699-b6f9-3c87219188b1/4f49b7d0-7f7a-4c62-8cd7-df382708b3ad"],
                          refreshAfter: "UNFOCUS",
                          required: if(
                            a!isNotNullOrEmpty(ri!ExcelDocument),
                            false(),
                            true()
                          ),
                          validations: {}
                        ),
                        #"SYSTEM_SYSRULES_sideBySideLayout"(
                          items: {
                            #"SYSTEM_SYSRULES_sideBySideItem"(
                              item: #"SYSTEM_SYSRULES_dateField"(
                                label: "Date of Birth",
                                labelPosition: "JUSTIFIED",
                                helpTooltip: "Please select your date of birth",
                                value: ri!customerRecord[#"urn:appian:record-field:v1:826d8fe7-5a45-4699-b6f9-3c87219188b1/9f192029-7f04-49ba-b621-111f1cfae4d7"],
                                saveInto: {
                                  ri!customerRecord[#"urn:appian:record-field:v1:826d8fe7-5a45-4699-b6f9-3c87219188b1/9f192029-7f04-49ba-b621-111f1cfae4d7"],
                                  a!save(
                                    ri!age,
                                    if(
                                      a!isNullOrEmpty(
                                        ri!customerRecord[#"urn:appian:record-field:v1:826d8fe7-5a45-4699-b6f9-3c87219188b1/9f192029-7f04-49ba-b621-111f1cfae4d7"]
                                      ),
                                      {},
                                      #"_a-0000ec0c-8b27-8000-9ca2-011c48011c48_254694"(
                                        record: ri!customerRecord[#"urn:appian:record-field:v1:826d8fe7-5a45-4699-b6f9-3c87219188b1/9f192029-7f04-49ba-b621-111f1cfae4d7"]
                                      )
                                    )
                                  )
                                },
                                required: if(
                                  a!isNotNullOrEmpty(ri!ExcelDocument),
                                  false(),
                                  true()
                                ),
                                validations: {}
                              )
                            ),
                            #"SYSTEM_SYSRULES_sideBySideItem"(
                              item: #"SYSTEM_SYSRULES_integerField"(
                                label: "Age:",
                                labelPosition: "ADJACENT",
                                value: ri!age,
                                saveInto: { ri!age },
                                required: if(
                                  a!isNotNullOrEmpty(ri!ExcelDocument),
                                  false(),
                                  true()
                                ),
                                readOnly: true(),
                                validations: {
                                  if(ri!age &lt; 18, "Age must be Above 18", {})
                                },
                                align: "CENTER"
                              )
                            )
                          }
                        ),
                        #"SYSTEM_SYSRULES_radioButtonField_v1"(
                          choiceLabels: #"_a-0000ebfe-97a0-8000-9ca0-011c48011c48_254429",
                          choiceValues: #"_a-0000ebfe-97a0-8000-9ca0-011c48011c48_254429",
                          label: "Gender",
                          labelPosition: "JUSTIFIED",
                          value: ri!customerRecord[#"urn:appian:record-field:v1:826d8fe7-5a45-4699-b6f9-3c87219188b1/433c15ec-ae2a-4124-8cca-dca38ffb8874"],
                          saveInto: ri!customerRecord[#"urn:appian:record-field:v1:826d8fe7-5a45-4699-b6f9-3c87219188b1/433c15ec-ae2a-4124-8cca-dca38ffb8874"],
                          required: if(
                            a!isNotNullOrEmpty(ri!ExcelDocument),
                            false(),
                            true()
                          ),
                          choiceLayout: "COMPACT",
                          validations: {}
                        ),
                        #"SYSTEM_SYSRULES_textField"(
                          label: "Email ID",
                          labelPosition: "JUSTIFIED",
                          helpTooltip: "Please enter a valid email address.",
                          value: ri!customerRecord[#"urn:appian:record-field:v1:826d8fe7-5a45-4699-b6f9-3c87219188b1/a57139dc-5a70-4734-be15-515a09c7ef03"],
                          saveInto: ri!customerRecord[#"urn:appian:record-field:v1:826d8fe7-5a45-4699-b6f9-3c87219188b1/a57139dc-5a70-4734-be15-515a09c7ef03"],
                          refreshAfter: "UNFOCUS",
                          required: if(
                            a!isNotNullOrEmpty(ri!ExcelDocument),
                            false(),
                            true()
                          ),
                          validations: {
                            if(
                              contains(
                                a!defaultValue(local!index, "Example@gmail.com"),
                                ri!customerRecord[#"urn:appian:record-field:v1:826d8fe7-5a45-4699-b6f9-3c87219188b1/a57139dc-5a70-4734-be15-515a09c7ef03"]
                              ),
                              "Email ID already Exists",
                              {}
                            ),
                            if(
                              or(
                                isnull(
                                  trim(
                                    ri!customerRecord[#"urn:appian:record-field:v1:826d8fe7-5a45-4699-b6f9-3c87219188b1/a57139dc-5a70-4734-be15-515a09c7ef03"]
                                  )
                                ),
                                len(
                                  trim(
                                    ri!customerRecord[#"urn:appian:record-field:v1:826d8fe7-5a45-4699-b6f9-3c87219188b1/a57139dc-5a70-4734-be15-515a09c7ef03"]
                                  )
                                ) &gt; 255,
                                length(
                                  split(
                                    trim(
                                      ri!customerRecord[#"urn:appian:record-field:v1:826d8fe7-5a45-4699-b6f9-3c87219188b1/a57139dc-5a70-4734-be15-515a09c7ef03"]
                                    ),
                                    " "
                                  )
                                ) &gt; 1,
                                count(
                                  split(
                                    ri!customerRecord[#"urn:appian:record-field:v1:826d8fe7-5a45-4699-b6f9-3c87219188b1/a57139dc-5a70-4734-be15-515a09c7ef03"],
                                    "@"
                                  )
                                ) &lt;&gt; 2
                              ),
                              "Please enter valid email ID",
                              with(
                                a!localVariables(
                                  local!Part: split(
                                    trim(
                                      ri!customerRecord[#"urn:appian:record-field:v1:826d8fe7-5a45-4699-b6f9-3c87219188b1/a57139dc-5a70-4734-be15-515a09c7ef03"]
                                    ),
                                    "@"
                                  )[1],
                                  local!domainPart: split(
                                    trim(
                                      ri!customerRecord[#"urn:appian:record-field:v1:826d8fe7-5a45-4699-b6f9-3c87219188b1/a57139dc-5a70-4734-be15-515a09c7ef03"]
                                    ),
                                    "@"
                                  )[2],
                                  if(
                                    or(
                                      length(split(local!domainPart, ".")) &lt; 2,
                                      contains(split(local!Part, "."), ""),
                                      contains(split(local!domainPart, "."), ""),
                                      not(
                                        isnull(
                                          stripwith(
                                            lower(local!domainPart),
                                            "abcdefghijklmnopqrstuvwxyz1234567890-."
                                          )
                                        )
                                      ),
                                      not(
                                        isnull(
                                          stripwith(
                                            lower(local!Part),
                                            "abcdefghijklmnopqrstuvwxyz1234567890-._+'&amp;%"
                                          )
                                        )
                                      )
                                    ),
                                    "Please enter valid email ID",
                                    {}
                                  )
                                )
                              )
                            )
                          }
                        ),
                        #"SYSTEM_SYSRULES_textField"(
                          label: "Phone",
                          labelPosition: "JUSTIFIED",
                          helpTooltip: "Please enter your phone number.",
                          value: ri!customerRecord[#"urn:appian:record-field:v1:826d8fe7-5a45-4699-b6f9-3c87219188b1/47d28317-7644-4620-a7a8-9842e513980f"],
                          saveInto: ri!customerRecord[#"urn:appian:record-field:v1:826d8fe7-5a45-4699-b6f9-3c87219188b1/47d28317-7644-4620-a7a8-9842e513980f"],
                          refreshAfter: "UNFOCUS",
                          required: if(
                            a!isNotNullOrEmpty(ri!ExcelDocument),
                            false(),
                            true()
                          ),
                          validations: {
                            if(
                              lenb(
                                ri!customerRecord[#"urn:appian:record-field:v1:826d8fe7-5a45-4699-b6f9-3c87219188b1/47d28317-7644-4620-a7a8-9842e513980f"]
                              ) = 10,
                              {},
                              "Phone Number must be 10 digits "
                            ),
                            if(
                              a!isNullOrEmpty(
                                ri!customerRecord[#"urn:appian:record-field:v1:826d8fe7-5a45-4699-b6f9-3c87219188b1/47d28317-7644-4620-a7a8-9842e513980f"]
                              ),
                              {},
                              if(
                                a!isPhoneNumber(
                                  ri!customerRecord[#"urn:appian:record-field:v1:826d8fe7-5a45-4699-b6f9-3c87219188b1/47d28317-7644-4620-a7a8-9842e513980f"],
                                  "IN"
                                ),
                                "",
                                "Enter Phone Number"
                              )
                            )
                          }
                        ),
                        #"SYSTEM_SYSRULES_dropdownField_v1"(
                          choiceLabels: #"_a-0000ebfe-97a0-8000-9ca0-011c48011c48_254451",
                          choiceValues: #"_a-0000ebfe-97a0-8000-9ca0-011c48011c48_254451",
                          label: "Territory",
                          labelPosition: "JUSTIFIED",
                          placeholder: "--- Select a Territory ---",
                          value: ri!customerRecord[#"urn:appian:record-field:v1:826d8fe7-5a45-4699-b6f9-3c87219188b1/b09331a5-2365-4b62-ba44-d3e51093c3c2"],
                          saveInto: ri!customerRecord[#"urn:appian:record-field:v1:826d8fe7-5a45-4699-b6f9-3c87219188b1/b09331a5-2365-4b62-ba44-d3e51093c3c2"],
                          searchDisplay: "AUTO",
                          required: if(
                            a!isNotNullOrEmpty(ri!ExcelDocument),
                            false(),
                            true()
                          ),
                          validations: {}
                        ),
                        #"SYSTEM_SYSRULES_paragraphField"(
                          label: "Enter Your Request ",
                          labelPosition: "ABOVE",
                          helpTooltip: "Please enter the details of your request.",
                          value: ri!requestRecord[#"urn:appian:record-field:v1:e29ff48d-88a7-4b94-b317-2a3d3f8f9e4a/5407d62d-7e8b-4c11-9c4b-86c8a58ca007"],
                          saveInto: ri!requestRecord[#"urn:appian:record-field:v1:e29ff48d-88a7-4b94-b317-2a3d3f8f9e4a/5407d62d-7e8b-4c11-9c4b-86c8a58ca007"],
                          refreshAfter: "UNFOCUS",
                          height: "MEDIUM",
                          required: if(
                            a!isNotNullOrEmpty(ri!ExcelDocument),
                            false(),
                            true()
                          ),
                          validations: {}
                        ),
                        #"SYSTEM_SYSRULES_ButtonArrayLayout"(
                          /*showWhen: a!isNotNullOrEmpty(ri!creationType),*/
                          buttons: {
                            #"SYSTEM_SYSRULES_buttonWidget_v1"(
                              label: "Submit Enquiry",
                              saveInto: {
                                a!save(ri!customerRecord[#"urn:appian:record-field:v1:826d8fe7-5a45-4699-b6f9-3c87219188b1/014215be-7d33-4cde-900f-010b57fe8586"],loggedInUser()),
                                a!save(ri!customerRecord[#"urn:appian:record-field:v1:826d8fe7-5a45-4699-b6f9-3c87219188b1/74b5bb15-96c5-4016-855b-2ff0d2793f94"],now()),
                               
                                  a!save(ri!requestRecord[#"urn:appian:record-field:v1:e29ff48d-88a7-4b94-b317-2a3d3f8f9e4a/a19f4a1d-5dba-48cd-862c-ca336c136186"],loggedInUser()),
                                  a!save(ri!requestRecord[#"urn:appian:record-field:v1:e29ff48d-88a7-4b94-b317-2a3d3f8f9e4a/efd67d88-f072-41c9-b384-24367a488e35"],now()),
                                  a!save(ri!requestRecord[#"urn:appian:record-field:v1:e29ff48d-88a7-4b94-b317-2a3d3f8f9e4a/5d896fc6-4490-43da-b4f4-eb306a6e3cb4"],"Open"),
                                
                                a!save(
                                  target: ri!requestRecord[#"urn:appian:record-field:v1:e29ff48d-88a7-4b94-b317-2a3d3f8f9e4a/cc07505a-baa5-43c8-b720-f12413639fce"],
                                  value: "Marketing Executive"
                                ),
                                a!save(target: local!thankyou, value: true()),
                                a!save(target: local!visibility, value: null()),
                                a!save(target: local!Form, value: false()),
                                #"SYSTEM_SYSRULES_startProcess"(
                                  processModel: #"_a-0000ebfe-97a0-8000-9ca0-011c48011c48_254614",
                                  processParameters: {
                                    customerRecord: ri!customerRecord,
                                    requestRecord: ri!requestRecord
                                  }
                                ),
                                a!save(target: ri!customerRecord, value: null()),
                                a!save(target: ri!requestRecord, value: null()),
                                a!save(target: ri!age, value: null())
                              },
                              submit: true(),
                              style: "SOLID"/*disabled: if(*/
                              /*a!isNullOrEmpty(*/
                              /*ri!requestRecord['recordType!{e29ff48d-88a7-4b94-b317-2a3d3f8f9e4a}SA Request.fields.{5407d62d-7e8b-4c11-9c4b-86c8a58ca007}userComments']*/
                              /*),*/
                              /*true,*/
                              /*false*/
                              /*)*/,
                              color: "#008080"
                            )
                          },
                          align: "END",
                          marginBelow: "NONE"
                        )
                      },
                      shape: "ROUNDED",
                      showShadow: true(),
                      decorativeBarPosition: "TOP",
                      decorativeBarColor: "#008080"
                    ),
                    width: "1X"
                  )
                }
              )
            }
          ),
          #"SYSTEM_SYSRULES_columnLayout"(
            contents: {
              #"SYSTEM_SYSRULES_cardLayout"(
                contents: {
                  #"SYSTEM_SYSRULES_imageField_v1"(
                    label: "Image",
                    labelPosition: "COLLAPSED",
                    images: {#"SYSTEM_SYSRULES_documentImage"(
                      document: #"_a-0000ec26-e8e9-8000-9ca6-011c48011c48_268323"
)
                    /*a!webImage(*/
                    /*source: "https://cdn.pixabay.com/photo/2017/02/14/07/54/sale-2065116_1280.jpg"*/
                    /*)*/
                    },
                    size: "FIT",
                    isThumbnail: false,
                    style: "STANDARD"
                  )
                },
                height: "AUTO",
                shape: "ROUNDED",
                decorativeBarPosition: "START",
                decorativeBarColor: "#008080"
              )
            },
            width: "MEDIUM_PLUS"
          )
        },
        showWhen: local!visibility = "1"
      ),
      #"SYSTEM_SYSRULES_sectionLayout_v1"(
        label: {},
        contents: {
          #"SYSTEM_SYSRULES_columnsLayout"(
            columns: {
              /*a!columnLayout(),*/
              #"SYSTEM_SYSRULES_columnLayout"(
                contents: {
                  #"SYSTEM_SYSRULES_cardLayout"(
                    contents: {
                      #"SYSTEM_SYSRULES_columnsLayout"(
                        columns: {
                          #"SYSTEM_SYSRULES_columnLayout"(
                            contents: {
                              #"SYSTEM_SYSRULES_fileUploadField_v1"(
                                label: "Upload Excel sheet with Leads",
                                labelPosition: "ABOVE",
                                target: #"_a-0000ec0c-8b27-8000-9ca2-011c48011c48_255183",
                                fileNames: ri!ExcelDocument &amp; now(),
                                maxSelections: 1,
                                value: ri!ExcelDocument,
                                saveInto: ri!ExcelDocument,
                                required: if(
                                  or(
                                    a!isNullOrEmpty(ri!customerRecord),
                                    a!isNullOrEmpty(ri!requestRecord)
                                  ),
                                  true(),
                                  false()
                                ),
                                /*requiredMessage: "Please upload Work Book Format. ",*/
                                validations: {
                                  if(
                                    or(fv!files.size &gt; 5000000),
                                    "Attachments may not exceed 5MB. Remove: " &amp; index(
                                      fv!files,
                                      "name",
                                      where(fv!files.size &gt; 5000000),
                                      {}
                                    ),
                                    ""
                                  ),
                                  a!localVariables(
                                    local!invalidExtensions: difference(upper(fv!files.extension), "XLSX"),
                                    if(
                                      length(local!invalidExtensions) &gt; 0,
                                      "Attachments must be xlsx files. Remove: " &amp; index(
                                        fv!files,
                                        "name",
                                        wherecontains(
                                          local!invalidExtensions,
                                          upper(fv!files.extension)
                                        ),
                                        ""
                                      ),
                                      ""
                                    )
                                  )
                                },
                                buttonDisplay: "LABEL_AND_ICON",
                                buttonStyle: "SECONDARY"
                              )
                            }
                          ),
                          #"SYSTEM_SYSRULES_columnLayout"(
                            contents: {
                              #"SYSTEM_SYSRULES_cardLayout"(
                                contents: #"SYSTEM_SYSRULES_richTextDisplayField"(
                                  labelPosition: "COLLAPSED",
                                  value: {
                                    #"SYSTEM_SYSRULES_richTextItem_v1"(
                                      text: {
                                        #"SYSTEM_SYSRULES_richTextIcon"(icon: "download", size: "MEDIUM"),
                                        " ",
                                        #"SYSTEM_SYSRULES_richTextItem_v1"(
                                          text: { "Download Excel Template" },
                                          style: { "STRONG" }
                                        )
                                      },
                                      color: "#008080"
                                    )
                                  },
                                  align: "CENTER",
                                  marginAbove: "LESS",
                                  marginBelow: "LESS"
                                ),
                                link: #"SYSTEM_SYSRULES_documentDownloadLink"(
                                  label: document(
                                    documentId: #"_a-0000ec19-b9d1-8000-9ca4-011c48011c48_256939",
                                    property: "name"
                                  ),
                                  document: #"_a-0000ec19-b9d1-8000-9ca4-011c48011c48_256939"
                                ),
                                style: "#f7fff7",
                                shape: "ROUNDED",
                                showBorder: false(),
                                showShadow: true()
                              )

                            }
                          )
                        }
                      ),
                      #"SYSTEM_SYSRULES_columnsLayout"(columns: {}),
                      #"SYSTEM_SYSRULES_ButtonArrayLayout"(
                        /*showWhen: a!isNotNullOrEmpty(ri!creationType),*/
                        buttons: {
                          #"SYSTEM_SYSRULES_buttonWidget_v1"(
                            label: "Submit Enquiry",
                            saveInto: {
                              #"SYSTEM_SYSRULES_submitUploadedFiles"(),
                              {
                                #"SYSTEM_SYSRULES_startProcess"(
                                  processModel: #"_a-0000ec0c-8b27-8000-9ca2-011c48011c48_255851",
                                  processParameters: { excelDocument: ri!excelDocument }
                                )
                              },
                              a!save(target: ri!excelDocument, value: null()),
                              a!save(target: local!Form, value: false()),
                              a!save(target: local!thankyou, value: true())/*a!save(target: ri!requestRecord, value: null())*/

                            },
                            submit: true(),
                            style: "SOLID"/*disabled: if(*/
                            /*a!isNullOrEmpty(*/
                            /*ri!requestRecord['recordType!{e29ff48d-88a7-4b94-b317-2a3d3f8f9e4a}SA Request.fields.{5407d62d-7e8b-4c11-9c4b-86c8a58ca007}userComments']*/
                            /*),*/
                            /*true,*/
                            /*false*/
                            /*)*/,
                            color: "#008080"
                          )
                        },
                        align: "END",
                        marginBelow: "NONE"
                      )
                    },
                    showWhen: local!Form,
                    /*style: "STANDARD",*/
                    shape: "ROUNDED",
                    padding: "STANDARD",
                    marginAbove: "MORE",
                    marginBelow: "MORE",
                    showShadow: true(),
                    decorativeBarPosition: "TOP",
                    decorativeBarColor: "#008080"
                  )
                }
              )/*a!columnLayout()*/

            }
          )
        },
        showWhen: local!visibility = "2"
      )
    }
  )
)</definition>
        <namedTypedValue>
            <name>customerRecord</name>
            <type>
                <name>826d8fe7-5a45-4699-b6f9-3c87219188b1</name>
                <namespace>urn:com:appian:recordtype:datatype</namespace>
            </type>
        </namedTypedValue>
        <namedTypedValue>
            <name>requestRecord</name>
            <type>
                <name>e29ff48d-88a7-4b94-b317-2a3d3f8f9e4a</name>
                <namespace>urn:com:appian:recordtype:datatype</namespace>
            </type>
        </namedTypedValue>
        <namedTypedValue>
            <name>excelDocument</name>
            <description>This Rule input hold the value of the excel document that's uploaded by marketing executive</description>
            <type>
                <name>CollaborationDocument</name>
                <namespace>http://www.appian.com/ae/types/2009</namespace>
            </type>
        </namedTypedValue>
        <namedTypedValue>
            <name>age</name>
            <type>
                <name>int</name>
                <namespace>http://www.w3.org/2001/XMLSchema</namespace>
            </type>
        </namedTypedValue>
        <preferredEditor>interface</preferredEditor>
        <offlineEnabled>false</offlineEnabled>
        <isCustom>false</isCustom>
    </interface>
    <roleMap public="true">
        <role inherit="true" allowForAll="false" name="readers">
            <users/>
            <groups/>
        </role>
        <role inherit="true" allowForAll="false" name="authors">
            <users/>
            <groups/>
        </role>
        <role inherit="true" allowForAll="false" name="administrators">
            <users/>
            <groups/>
        </role>
        <role inherit="false" allowForAll="false" name="denyReaders">
            <users/>
            <groups/>
        </role>
        <role inherit="false" allowForAll="false" name="denyAuthors">
            <users/>
            <groups/>
        </role>
        <role inherit="false" allowForAll="false" name="denyAdministrators">
            <users/>
            <groups/>
        </role>
    </roleMap>
    <typedValue>
        <type>
            <name>RuleTestConfig?list</name>
            <namespace>http://www.appian.com/ae/types/2009</namespace>
        </type>
        <value>
            <el>
                <a:name/>
                <a:ruleInputTestConfigs>
                    <a:value xmlns:xsi="http://www.w3.org/2001/XMLSchema-instance" xsi:type="a:Expression">null</a:value>
                    <a:nameRef>customerRecord</a:nameRef>
                    <a:id>1</a:id>
                </a:ruleInputTestConfigs>
                <a:ruleInputTestConfigs>
                    <a:value xmlns:xsi="http://www.w3.org/2001/XMLSchema-instance" xsi:type="a:Expression">null</a:value>
                    <a:nameRef>requestRecord</a:nameRef>
                    <a:id>2</a:id>
                </a:ruleInputTestConfigs>
                <a:ruleInputTestConfigs>
                    <a:value xmlns:xsi="http://www.w3.org/2001/XMLSchema-instance" xsi:type="a:Expression">null</a:value>
                    <a:nameRef>excelDocument</a:nameRef>
                    <a:id>3</a:id>
                </a:ruleInputTestConfigs>
                <a:ruleInputTestConfigs>
                    <a:value xmlns:xsd="http://www.w3.org/2001/XMLSchema" xmlns:xsi="http://www.w3.org/2001/XMLSchema-instance" xsi:nil="true" xsi:type="xsd:int"/>
                    <a:nameRef>age</a:nameRef>
                    <a:id>4</a:id>
                </a:ruleInputTestConfigs>
                <a:assertions xmlns:xsi="http://www.w3.org/2001/XMLSchema-instance" xsi:nil="true"/>
            </el>
        </value>
    </typedValue>
    <history>
        <historyInfo versionUuid="_a-0000ec41-475a-8000-9caa-011c48011c48_275714"/>
    </history>
</contentHaul>
