<?xml version="1.0" encoding="UTF-8" standalone="yes"?>
<contentHaul xmlns:a="http://www.appian.com/ae/types/2009">
    <versionUuid>_a-0000ec4e-764a-8000-9cac-011c48011c48_290597</versionUuid>
    <interface>
        <name>SA_Site_Main_Page</name>
        <uuid>_a-0000ec26-e8e9-8000-9ca6-011c48011c48_262903</uuid>
        <description>This page consist overview of the application</description>
        <parentUuid>_a-0000ebfe-97a0-8000-9ca0-011c48011c48_254323</parentUuid>
        <visibility>
            <advertise>false</advertise>
            <hierarchy>true</hierarchy>
            <indexable>true</indexable>
            <quota>false</quota>
            <searchable>true</searchable>
            <system>false</system>
            <unlogged>false</unlogged>
        </visibility>
        <definition>   a!localVariables(
     local!shows:0,
     {
       #"SYSTEM_SYSRULES_billboardLayout_v1"(
         backgroundMedia: #"SYSTEM_SYSRULES_documentImage"(
           document:#"_a-0000ec26-e8e9-8000-9ca6-011c48011c48_262934"
         ),
         backgroundMediaPositionHorizontal: "CENTER",
         backgroundMediaPositionVertical: "TOP",
         height: "MEDIUM",

         overlay: #"SYSTEM_SYSRULES_barOverlay"(
           contents: {
             #"SYSTEM_SYSRULES_sideBySideLayout"(
               items: {

                 #"SYSTEM_SYSRULES_sideBySideItem"(
                   item: #"SYSTEM_SYSRULES_richTextDisplayField"(
                     labelPosition: "COLLAPSED",
                     value: {
                       #"SYSTEM_SYSRULES_richTextIcon"(
                         icon: "user-alt",
                         color: "#F6CAEC",
                         size: "MEDIUM_PLUS"
                       ),
                       char(32),
                       char(32),
                       #"SYSTEM_SYSRULES_richTextItem_v1"(
                         text: concat(user(loggedInUser(), "firstName")," ",user(loggedInUser(), "lastName")),
                         color: "#F6CAEC",
                         size: "MEDIUM_PLUS",
                         style: "STRONG"

                       )
                     },
                     align: "RIGHT"
                   )
                 )
               }
             )

           },
           style: "SEMI_DARK",
           padding: "LESS"
         )
       ), 
       #"SYSTEM_SYSRULES_columnsLayout"(
         columns: {
           #"SYSTEM_SYSRULES_columnLayout"(
             contents: {
               #"SYSTEM_SYSRULES_cardLayout"(
                 contents: {
                   #"SYSTEM_SYSRULES_richTextDisplayField"(
                     labelPosition: "COLLAPSED",
                     value: {
                       #"SYSTEM_SYSRULES_richTextIcon"(
                         icon: "file-powerpoint",
                         color: "#008080",
                         size: "MEDIUM"
                       ),
                       char(32),
                       char(32),
                       #"SYSTEM_SYSRULES_richTextItem_v1"(text: "Portal Requests", style: "STRONG"),
                       char(10),
                       char(32),
                       char(32),
                       char(32),
                       char(32),
                       char(32),
                       char(32),
                       char(32),
                       char(32),
                       #"SYSTEM_SYSRULES_richTextItem_v1"(
                         text: 
                         #"SYSTEM_SYSRULES_queryRecordType_v1"(
                           recordType: #"urn:appian:record-type:v1:e29ff48d-88a7-4b94-b317-2a3d3f8f9e4a",
                          
                           filters: #"SYSTEM_SYSRULES_queryFilter"(
                             field: #"urn:appian:record-field:v1:e29ff48d-88a7-4b94-b317-2a3d3f8f9e4a/cc07505a-baa5-43c8-b720-f12413639fce",
                             operator: "=",
                             value: "Portal"
                           ),
                           pagingInfo: #"SYSTEM_SYSRULES_pagingInfo"(1, 5000)
                         ).totalCount
                       )
                     },
                     align: "CENTER"
                   )
                 },
                 style: "#f7fff7"
                 /*style: "#2596be"*/,
                 shape: "ROUNDED"
               )
             }
           ),
           #"SYSTEM_SYSRULES_columnLayout"(
             contents: {
               #"SYSTEM_SYSRULES_cardLayout"(
                 contents: {
                   #"SYSTEM_SYSRULES_richTextDisplayField"(
                     labelPosition: "COLLAPSED",
                     value: {
                       #"SYSTEM_SYSRULES_richTextIcon"(
                         icon: "envelope",
                         color: "#008080",
                         size: "MEDIUM"
                       ),
                       char(32),
                       char(32),
                       #"SYSTEM_SYSRULES_richTextItem_v1"(text: "Email Requests", style: "STRONG"),
                       char(10),
                       char(32),
                       char(32),
                       char(32),
                       char(32),
                       char(32),
                       char(32),
                       char(32),
                       char(32),
                       #"SYSTEM_SYSRULES_richTextItem_v1"(
                         text: 
                         #"SYSTEM_SYSRULES_queryRecordType_v1"(
                           recordType: #"urn:appian:record-type:v1:e29ff48d-88a7-4b94-b317-2a3d3f8f9e4a",

                           filters: #"SYSTEM_SYSRULES_queryFilter"(
                             field: #"urn:appian:record-field:v1:e29ff48d-88a7-4b94-b317-2a3d3f8f9e4a/cc07505a-baa5-43c8-b720-f12413639fce",
                             operator: "=",
                             value: "Email"
                           ),
                           pagingInfo: #"SYSTEM_SYSRULES_pagingInfo"(1, 5000)
                         ).totalCount
                       )
                     },
                     align: "CENTER"
                   )
                 },
                 style: "#f7fff7"
                 /*style: "#2596be"*/,
                 shape: "ROUNDED"
               )
             }
           ),
           #"SYSTEM_SYSRULES_columnLayout"(
             contents: {
               #"SYSTEM_SYSRULES_cardLayout"(
                 contents: {
                   #"SYSTEM_SYSRULES_richTextDisplayField"(
                     labelPosition: "COLLAPSED",
                     value: {
                       #"SYSTEM_SYSRULES_richTextIcon"(
                         icon: "user-alt",
                         color: "#008080",
                         size: "MEDIUM"
                       ),
                       char(32),
                       char(32),
                       #"SYSTEM_SYSRULES_richTextItem_v1"(text: "Manual Requests", style: "STRONG"),
                       char(10),
                       char(32),
                       char(32),
                       char(32),
                       char(32),
                       char(32),
                       char(32),
                       char(32),
                       char(32),
                       #"SYSTEM_SYSRULES_richTextItem_v1"(
                         text:
                         #"SYSTEM_SYSRULES_queryRecordType_v1"(
                           recordType: #"urn:appian:record-type:v1:e29ff48d-88a7-4b94-b317-2a3d3f8f9e4a",

                           filters: #"SYSTEM_SYSRULES_queryFilter"(
                             field: #"urn:appian:record-field:v1:e29ff48d-88a7-4b94-b317-2a3d3f8f9e4a/cc07505a-baa5-43c8-b720-f12413639fce",
                             operator: "=",
                             value: "Marketing Executive"
                           ),
                           pagingInfo: #"SYSTEM_SYSRULES_pagingInfo"(1, 5000)
                         ).totalCount
                       )
                     },
                     align: "CENTER"
                   )
                 },
                 style: "#f7fff7"
                 /*style: "#2596be"*/,
                 shape: "ROUNDED"
               )
             }
           )
         }
       ),
       #"SYSTEM_SYSRULES_columnsLayout"(),
       #"SYSTEM_SYSRULES_columnsLayout"(),
    
       #"SYSTEM_SYSRULES_sectionLayout_v1"( 
         contents: {
           #"SYSTEM_SYSRULES_columnsLayout"(
             columns: {
               #"SYSTEM_SYSRULES_columnLayout"(
                 contents: {
                   #"SYSTEM_SYSRULES_cardLayout"(
                     contents: {
                      #"f18e1e0a-0e95-461b-ba11-b3e5d06d7090"()
                     },
                     shape: "ROUNDED",
                     marginBelow: "LESS",
                     showShadow: true())
                 }
               )
             },
             showWhen: if(local!shows=0,true(),false())
           )
         }
       ),
       #"SYSTEM_SYSRULES_richTextDisplayField"(
         value: #"SYSTEM_SYSRULES_richTextItem_v1"(
           text: "Go Back to Menu",
           link: #"SYSTEM_SYSRULES_dynamicLink"(
             saveInto: {
               a!save(local!shows,0)

             }

           )
         )
         /*showWhen: or(local!shows=1,local!shows=2,local!shows=3)*/,
         align: "CENTER"
       )
     }
   )</definition>
        <preferredEditor>interface</preferredEditor>
        <offlineEnabled>false</offlineEnabled>
        <isCustom>false</isCustom>
    </interface>
    <roleMap public="true">
        <role inherit="true" allowForAll="false" name="readers">
            <users/>
            <groups/>
        </role>
        <role inherit="true" allowForAll="false" name="authors">
            <users/>
            <groups/>
        </role>
        <role inherit="true" allowForAll="false" name="administrators">
            <users/>
            <groups/>
        </role>
        <role inherit="false" allowForAll="false" name="denyReaders">
            <users/>
            <groups/>
        </role>
        <role inherit="false" allowForAll="false" name="denyAuthors">
            <users/>
            <groups/>
        </role>
        <role inherit="false" allowForAll="false" name="denyAdministrators">
            <users/>
            <groups/>
        </role>
    </roleMap>
    <history>
        <historyInfo versionUuid="_a-0000ec4e-764a-8000-9cac-011c48011c48_290597"/>
    </history>
</contentHaul>
