<?xml version="1.0" encoding="UTF-8" standalone="yes"?>
<contentHaul xmlns:a="http://www.appian.com/ae/types/2009">
    <versionUuid>_a-0000ec34-17d1-8000-9ca8-011c48011c48_270911</versionUuid>
    <interface>
        <name>SA_HomePage_interface</name>
        <uuid>_a-0000ec26-e8e9-8000-9ca6-011c48011c48_264601</uuid>
        <description>HomePage_interface with all the sections</description>
        <parentUuid>_a-0000ebfe-97a0-8000-9ca0-011c48011c48_254323</parentUuid>
        <visibility>
            <advertise>false</advertise>
            <hierarchy>true</hierarchy>
            <indexable>true</indexable>
            <quota>false</quota>
            <searchable>true</searchable>
            <system>false</system>
            <unlogged>false</unlogged>
        </visibility>
        <definition>a!localVariables(
  local!forms: 0,
  {
    #"SYSTEM_SYSRULES_sectionLayout_v1"(
      contents: {
        #"SYSTEM_SYSRULES_cardLayout"(
          contents: {
            #"SYSTEM_SYSRULES_columnsLayout"(
              columns: {
                /* Add empty columns on each side for better responsive behavior *
             * when a column in the layout has a fixed width                 */
                #"SYSTEM_SYSRULES_columnLayout"(),
                #"SYSTEM_SYSRULES_columnLayout"(
                  contents: {
                    #"SYSTEM_SYSRULES_cardLayout"(
                      contents: {
                        #"SYSTEM_SYSRULES_richTextDisplayField"(
                          labelPosition: "COLLAPSED",
                          value: {
                            #"SYSTEM_SYSRULES_richTextItem_v1"(
                              text: { "Get Things Done. Effortlessly" },
                              color: "#008080",
                              size: "LARGE",
                              style: { "STRONG" }
                            ),
                            char(10),
                            char(10),
                            #"SYSTEM_SYSRULES_richTextItem_v1"(
                              text: {
                                "Stop wasting time. Streamline your requests and achieve anything."
                              },
                              size: "MEDIUM_PLUS"
                            ),
                            char(10),
                            char(10)
                          }
                        ),
                        #"SYSTEM_SYSRULES_columnsLayout"(
                          columns: {
                            #"SYSTEM_SYSRULES_columnLayout"(
                              contents: #"SYSTEM_SYSRULES_cardLayout"(
                                contents: {
                                  #"SYSTEM_SYSRULES_richTextDisplayField"(
                                    value: {
                                      #"SYSTEM_SYSRULES_richTextIcon"(icon: "calendar"),
                                      char(32),
                                      #"SYSTEM_SYSRULES_richTextItem_v1"(text: "SCHEDULE APPOINTMENT")
                                    },
                                    align: "CENTER"
                                  )
                                },
                                link: #"SYSTEM_SYSRULES_dynamicLink"(saveInto: { a!save(local!forms, 1) }),
                                style: "#008080",
                                shape: "ROUNDED",
                                marginAbove: "MORE",
                                showShadow: true()
                              ),
                              width: "2X"
                            ),
                            #"SYSTEM_SYSRULES_columnLayout"(
                              contents: #"SYSTEM_SYSRULES_cardLayout"(
                                contents: {
                                  #"SYSTEM_SYSRULES_richTextDisplayField"(
                                    value: {
                                      #"SYSTEM_SYSRULES_richTextIcon"(icon: "USER"),
                                      char(32),
                                      #"SYSTEM_SYSRULES_richTextItem_v1"(text: "SIGN UP &amp; CREATE REQUEST")
                                    },
                                    align: "CENTER"
                                  )
                                },
                                link: #"SYSTEM_SYSRULES_dynamicLink"(
                                  saveInto: a!save(local!forms,2)
                                ),
                                shape: "ROUNDED",
                                /*style: "#008080",*/
                                marginAbove: "MORE",
                                showShadow: true()
                              ),
                              width: "2X"
                            ),
                            #"SYSTEM_SYSRULES_columnLayout"(contents: {})
                          }
                        )

                      },
                      style: "#f7fff7",
                      padding: "MORE",
                      marginBelow: "STANDARD",
                      showBorder: false
                    )
                  },
                  width: "WIDE"
                ),
                #"SYSTEM_SYSRULES_columnLayout"(
                  contents: {
                    #"SYSTEM_SYSRULES_imageField_v1"(
                      label: "",
                      labelPosition: "COLLAPSED",
                      images: {
                        #"SYSTEM_SYSRULES_documentImage"(document: #"_a-0000ec26-e8e9-8000-9ca6-011c48011c48_264667")
                      },
                      size: "FIT",
                      isThumbnail: false,
                      style: "STANDARD"
                    )
                  },
                  width: "WIDE"
                ),
                #"SYSTEM_SYSRULES_columnLayout"()
              },
              alignVertical: "MIDDLE",
              stackWhen: { "TABLET_PORTRAIT", "PHONE" }
            )
          },
          height: "AUTO",
          style: "#f7fff7",
          marginBelow: "NONE",
          showBorder: false
        ),
        #"SYSTEM_SYSRULES_horizontalLine"(marginAbove: "NONE", marginBelow: "MORE"),
        #"SYSTEM_SYSRULES_sectionLayout_v1"(
          label: "",
          contents: {
            #"SYSTEM_SYSRULES_richTextDisplayField"(
              labelPosition: "COLLAPSED",
              value: {
                #"SYSTEM_SYSRULES_richTextItem_v1"(
                  text: { "Why Choose Us?" },
                  color: "#008080",
                  size: "LARGE",
                  style: { "STRONG" }
                ),
                char(10),
                char(10),
                #"SYSTEM_SYSRULES_richTextItem_v1"(
                  text: {
                    "Experience the power of streamlined request management."
                  },
                  size: "MEDIUM_PLUS"
                )
              },
              marginAbove: "STANDARD",
              marginBelow: "STANDARD"
            )
          }
        ),
        #"SYSTEM_SYSRULES_columnsLayout"(
          columns: {
            #"SYSTEM_SYSRULES_columnLayout"(
              contents: {
                #"SYSTEM_SYSRULES_imageField_v1"(
                  label: "",
                  labelPosition: "COLLAPSED",
                  images: {
                    #"SYSTEM_SYSRULES_documentImage"(document: #"_a-0000ec26-e8e9-8000-9ca6-011c48011c48_264753")
                  },
                  size: "EXTRA_SMALL",
                  isThumbnail: false,
                  style: "STANDARD",
                  align: "START",
                  marginAbove: "LESS",
                  marginBelow: "LESS"
                ),
                #"SYSTEM_SYSRULES_richTextDisplayField"(
                  labelPosition: "COLLAPSED",
                  value: {
                    #"SYSTEM_SYSRULES_richTextItem_v1"(
                      text: { "Streamline Communication" },
                      color: "#008080",
                      size: "LARGE",
                      style: { "STRONG" }
                    ),
                    char(10),
                    char(10),
                    #"SYSTEM_SYSRULES_richTextItem_v1"(
                      text: {
                        "Stay connected and informed at every step of the process."
                      },
                      size: "MEDIUM"
                    )
                  }
                )
              }
            ),
            #"SYSTEM_SYSRULES_columnLayout"(
              contents: {
                #"SYSTEM_SYSRULES_imageField_v1"(
                  label: "",
                  labelPosition: "COLLAPSED",
                  images: {
                    #"SYSTEM_SYSRULES_documentImage"(document: #"_a-0000ec26-e8e9-8000-9ca6-011c48011c48_264712")
                  },
                  size: "EXTRA_SMALL",
                  isThumbnail: false,
                  style: "STANDARD",
                  align: "START",
                  marginAbove: "LESS",
                  marginBelow: "LESS"
                ),
                #"SYSTEM_SYSRULES_richTextDisplayField"(
                  labelPosition: "COLLAPSED",
                  value: {
                    #"SYSTEM_SYSRULES_richTextItem_v1"(
                      text: { "Boost" },
                      color: "#008080",
                      size: "LARGE",
                      style: { "STRONG" }
                    ),
                    char(10),
                    #"SYSTEM_SYSRULES_richTextItem_v1"(
                      text: { "Efficiency" },
                      color: "#008080",
                      size: "LARGE",
                      style: { "STRONG" }
                    ),
                    char(10),
                    char(10),
                    #"SYSTEM_SYSRULES_richTextItem_v1"(
                      text: {
                        "Reduce time spent managing requests and focus on what matters."
                      },
                      size: "MEDIUM"
                    )
                  }
                )
              }
            ),
            #"SYSTEM_SYSRULES_columnLayout"(
              contents: {
                #"SYSTEM_SYSRULES_imageField_v1"(
                  label: "",
                  labelPosition: "COLLAPSED",
                  images: {
                    #"SYSTEM_SYSRULES_documentImage"(document: #"_a-0000ec26-e8e9-8000-9ca6-011c48011c48_264747")
                  },
                  size: "EXTRA_SMALL",
                  isThumbnail: false,
                  style: "STANDARD",
                  align: "START",
                  marginAbove: "LESS",
                  marginBelow: "LESS"
                ),
                #"SYSTEM_SYSRULES_richTextDisplayField"(
                  labelPosition: "COLLAPSED",
                  value: {
                    #"SYSTEM_SYSRULES_richTextItem_v1"(
                      text: { "Get" },
                      color: "#008080",
                      size: "LARGE",
                      style: { "STRONG" }
                    ),
                    char(10),
                    #"SYSTEM_SYSRULES_richTextItem_v1"(
                      text: { "Organized" },
                      color: "#008080",
                      size: "LARGE",
                      style: { "STRONG" }
                    ),
                    char(10),
                    char(10),
                    #"SYSTEM_SYSRULES_richTextItem_v1"(
                      text: {
                        "Keep track of all your requests and their progress in one place."
                      },
                      size: "MEDIUM"
                    )
                  }
                )
              }
            )
          },
          stackWhen: { "TABLET_PORTRAIT", "PHONE" }
        ),
        #"SYSTEM_SYSRULES_horizontalLine"(marginAbove: "MORE", marginBelow: "MORE"),
        #"SYSTEM_SYSRULES_columnsLayout"(
          columns: {
            #"SYSTEM_SYSRULES_columnLayout"(
              contents: {
                #"SYSTEM_SYSRULES_richTextDisplayField"(
                  labelPosition: "COLLAPSED",
                  value: {
                    #"SYSTEM_SYSRULES_richTextItem_v1"(
                      text: { "How It Works" },
                      color: "#008080",
                      size: "LARGE",
                      style: { "STRONG" }
                    ),
                    char(10),
                    char(10),
                    #"SYSTEM_SYSRULES_richTextItem_v1"(
                      text: { "Simple Steps, Seamless Results" },
                      size: "MEDIUM_PLUS"
                    )
                  },
                  preventWrapping: false,
                  marginAbove: "MORE",
                  marginBelow: "STANDARD"
                )
              }
            ),
            #"SYSTEM_SYSRULES_columnLayout"(
              contents: {
                #"SYSTEM_SYSRULES_imageField_v1"(
                  label: "",
                  labelPosition: "COLLAPSED",
                  images: { #"SYSTEM_SYSRULES_documentImage"(document: #"_a-0000ec26-e8e9-8000-9ca6-011c48011c48_264899") },
                  size: "EXTRA_SMALL",
                  isThumbnail: false,
                  style: "STANDARD",
                  align: "START",
                  marginAbove: "LESS",
                  marginBelow: "LESS"
                ),
                #"SYSTEM_SYSRULES_richTextDisplayField"(
                  labelPosition: "COLLAPSED",
                  value: {
                    #"SYSTEM_SYSRULES_richTextItem_v1"(
                      text: { "Tell" },
                      color: "#008080",
                      size: "MEDIUM_PLUS",
                      style: { "STRONG" }
                    ),
                    char(10),
                    char(10),
                    "Briefly describe your request using our intuitive app"
                  }
                )
              }
            ),
            #"SYSTEM_SYSRULES_columnLayout"(
              contents: {
                #"SYSTEM_SYSRULES_imageField_v1"(
                  label: "",
                  labelPosition: "COLLAPSED",
                  images: {
                    #"SYSTEM_SYSRULES_documentImage"(document: #"_a-0000ec26-e8e9-8000-9ca6-011c48011c48_264905")
                  },
                  size: "EXTRA_SMALL",
                  isThumbnail: false,
                  style: "STANDARD",
                  align: "START",
                  marginAbove: "LESS",
                  marginBelow: "LESS"
                ),
                #"SYSTEM_SYSRULES_richTextDisplayField"(
                  labelPosition: "COLLAPSED",
                  value: {
                    #"SYSTEM_SYSRULES_richTextItem_v1"(
                      text: { "Connect " },
                      color: "#008080",
                      size: "MEDIUM_PLUS",
                      style: { "STRONG" }
                    ),
                    char(10),
                    char(10),
                    "Our dedicated team will ensure your request reaches the right people for swift action"
                  }
                )
              }
            ),
            #"SYSTEM_SYSRULES_columnLayout"(
              contents: {
                #"SYSTEM_SYSRULES_imageField_v1"(
                  label: "",
                  labelPosition: "COLLAPSED",
                  images: {
                    #"SYSTEM_SYSRULES_documentImage"(document: #"_a-0000ec26-e8e9-8000-9ca6-011c48011c48_264893")
                  },
                  size: "EXTRA_SMALL",
                  isThumbnail: false,
                  style: "STANDARD",
                  align: "START",
                  marginAbove: "LESS",
                  marginBelow: "LESS"
                ),
                #"SYSTEM_SYSRULES_richTextDisplayField"(
                  labelPosition: "COLLAPSED",
                  value: {
                    #"SYSTEM_SYSRULES_richTextItem_v1"(
                      text: { "Track" },
                      color: "#008080",
                      size: "MEDIUM_PLUS",
                      style: { "STRONG" }
                    ),
                    char(10),
                    char(10),
                    "Get real-time updates and notifications every step of the way."
                  }
                )
              }
            )
          },
          marginAbove: "EVEN_MORE",
          marginBelow: "EVEN_MORE"
        ),
        #"SYSTEM_SYSRULES_columnsLayout"(
          columns: {
            #"SYSTEM_SYSRULES_columnLayout"(
              contents: {
                #"SYSTEM_SYSRULES_columnsLayout"(
                  columns: {
                    #"SYSTEM_SYSRULES_columnLayout"(
                      contents: {
                        #"SYSTEM_SYSRULES_columnsLayout"(
                          columns: {
                            #"SYSTEM_SYSRULES_columnLayout"(
                              contents: {
                                #"SYSTEM_SYSRULES_richTextDisplayField"(
                                  labelPosition: "COLLAPSED",
                                  value: {
                                    #"SYSTEM_SYSRULES_richTextItem_v1"(
                                      text: { "Contact Us Now" },
                                      color: "#008080",
                                      size: "LARGE",
                                      style: { "STRONG" }
                                    ),
                                    char(10),
                                    char(10),
                                    #"SYSTEM_SYSRULES_richTextItem_v1"(
                                      text: { "Have a question? Get in touch" },
                                      size: "MEDIUM_PLUS"
                                    )
                                  },
                                  marginAbove: "MORE",
                                  marginBelow: "STANDARD"
                                )
                              }
                            ),
                            #"SYSTEM_SYSRULES_columnLayout"(contents: {}),
                            #"SYSTEM_SYSRULES_columnLayout"(
                              contents: #"SYSTEM_SYSRULES_cardLayout"(
                                contents: {
                                  #"SYSTEM_SYSRULES_richTextDisplayField"(
                                    value: #"SYSTEM_SYSRULES_richTextItem_v1"(text: "Email Us Your Request!"),
                                    align: "CENTER"
                                  )
                                },
                                link: #"SYSTEM_SYSRULES_safeLink"(
                                  uri: "mailto:processmodel3259@wbjs.appian.community"
                                ),
                                style: "#008080",
                                marginAbove: "MORE",
                                showShadow: true()
                              )
                            )
                          }
                        )
                      }
                    )
                  }
                )

              }
            )
          }
        )
        
      },
      showWhen: local!forms=0
    ),
    #"SYSTEM_SYSRULES_ButtonArrayLayout"(
      buttons: 
      #"SYSTEM_SYSRULES_buttonWidget_v1"(
        label: "Home page",
        icon: "arrow-circle-left-alt",
        saveInto: {a!save(local!forms,0)},
        style: "SOLID",
        color: "#008080",
        validate: false()
        
      ),
      showWhen: or(local!forms=1,local!forms=2),
      align: "START"
    ),
    #"SYSTEM_SYSRULES_cardLayout"(
      contents: {
        
        #"_a-0000ebfe-97a0-8000-9ca0-011c48011c48_254288"(
        customerRecord: ri!customerRecord,
        requestRecord: ri!requestRecord,
        age: ri!age,
        appointmentDetails: ri!appoinmentDetails
      )},
      showWhen: local!forms = 1
    ),
    #"SYSTEM_SYSRULES_cardLayout"(
      contents: #"_a-0000ec26-e8e9-8000-9ca6-011c48011c48_266692"(customerRecord: ri!customerRecord,
      requestRecord: ri!requestRecord,
      age: ri!age,
      appointmentDetails: ri!appoinmentDetails
        
      ),
      showWhen: local!forms=2
    )
  }
)</definition>
        <namedTypedValue>
            <name>customerRecord</name>
            <type>
                <name>826d8fe7-5a45-4699-b6f9-3c87219188b1</name>
                <namespace>urn:com:appian:recordtype:datatype</namespace>
            </type>
        </namedTypedValue>
        <namedTypedValue>
            <name>requestRecord</name>
            <type>
                <name>e29ff48d-88a7-4b94-b317-2a3d3f8f9e4a</name>
                <namespace>urn:com:appian:recordtype:datatype</namespace>
            </type>
        </namedTypedValue>
        <namedTypedValue>
            <name>age</name>
            <type>
                <name>int</name>
                <namespace>http://www.w3.org/2001/XMLSchema</namespace>
            </type>
        </namedTypedValue>
        <namedTypedValue>
            <name>appoinmentDetails</name>
            <type>
                <name>1c2f650b-ac49-4aac-ae9e-964bc6fd7ef0</name>
                <namespace>urn:com:appian:recordtype:datatype</namespace>
            </type>
        </namedTypedValue>
        <preferredEditor>interface</preferredEditor>
        <offlineEnabled>false</offlineEnabled>
        <isCustom>false</isCustom>
    </interface>
    <roleMap public="true">
        <role inherit="true" allowForAll="false" name="readers">
            <users/>
            <groups/>
        </role>
        <role inherit="true" allowForAll="false" name="authors">
            <users/>
            <groups/>
        </role>
        <role inherit="true" allowForAll="false" name="administrators">
            <users/>
            <groups/>
        </role>
        <role inherit="false" allowForAll="false" name="denyReaders">
            <users/>
            <groups/>
        </role>
        <role inherit="false" allowForAll="false" name="denyAuthors">
            <users/>
            <groups/>
        </role>
        <role inherit="false" allowForAll="false" name="denyAdministrators">
            <users/>
            <groups/>
        </role>
    </roleMap>
    <history>
        <historyInfo versionUuid="_a-0000ec26-e8e9-8000-9ca6-011c48011c48_265633"/>
        <historyInfo versionUuid="_a-0000ec26-e8e9-8000-9ca6-011c48011c48_265650"/>
        <historyInfo versionUuid="_a-0000ec26-e8e9-8000-9ca6-011c48011c48_265676"/>
        <historyInfo versionUuid="_a-0000ec26-e8e9-8000-9ca6-011c48011c48_265894"/>
        <historyInfo versionUuid="_a-0000ec26-e8e9-8000-9ca6-011c48011c48_265914"/>
        <historyInfo versionUuid="_a-0000ec26-e8e9-8000-9ca6-011c48011c48_265935"/>
        <historyInfo versionUuid="_a-0000ec26-e8e9-8000-9ca6-011c48011c48_266292"/>
        <historyInfo versionUuid="_a-0000ec26-e8e9-8000-9ca6-011c48011c48_266315"/>
        <historyInfo versionUuid="_a-0000ec26-e8e9-8000-9ca6-011c48011c48_266443"/>
        <historyInfo versionUuid="_a-0000ec26-e8e9-8000-9ca6-011c48011c48_266724"/>
        <historyInfo versionUuid="_a-0000ec26-e8e9-8000-9ca6-011c48011c48_267508"/>
        <historyInfo versionUuid="_a-0000ec26-e8e9-8000-9ca6-011c48011c48_267535"/>
        <historyInfo versionUuid="_a-0000ec26-e8e9-8000-9ca6-011c48011c48_267563"/>
        <historyInfo versionUuid="_a-0000ec26-e8e9-8000-9ca6-011c48011c48_267601"/>
        <historyInfo versionUuid="_a-0000ec26-e8e9-8000-9ca6-011c48011c48_268247"/>
        <historyInfo versionUuid="_a-0000ec26-e8e9-8000-9ca6-011c48011c48_268278"/>
        <historyInfo versionUuid="_a-0000ec26-e8e9-8000-9ca6-011c48011c48_268310"/>
        <historyInfo versionUuid="_a-0000ec26-e8e9-8000-9ca6-011c48011c48_268401"/>
        <historyInfo versionUuid="_a-0000ec26-e8e9-8000-9ca6-011c48011c48_269972"/>
        <historyInfo versionUuid="_a-0000ec26-e8e9-8000-9ca6-011c48011c48_270688"/>
        <historyInfo versionUuid="_a-0000ec26-e8e9-8000-9ca6-011c48011c48_270724"/>
        <historyInfo versionUuid="_a-0000ec34-17d1-8000-9ca8-011c48011c48_270911"/>
    </history>
</contentHaul>
