<?xml version="1.0" encoding="UTF-8" standalone="yes"?>
<contentHaul xmlns:a="http://www.appian.com/ae/types/2009">
    <versionUuid>_a-0000ec4e-764a-8000-9cac-011c48011c48_288101</versionUuid>
    <interface>
        <name>SA_PaymentSuccessScreen</name>
        <uuid>_a-0000ec4e-764a-8000-9cac-011c48011c48_288090</uuid>
        <description>Payment Success Screen</description>
        <parentUuid>_a-0000ebfe-97a0-8000-9ca0-011c48011c48_254323</parentUuid>
        <visibility>
            <advertise>false</advertise>
            <hierarchy>true</hierarchy>
            <indexable>true</indexable>
            <quota>false</quota>
            <searchable>true</searchable>
            <system>false</system>
            <unlogged>false</unlogged>
        </visibility>
        <definition>#"SYSTEM_SYSRULES_columnsLayout"(
  columns: {
    #"SYSTEM_SYSRULES_columnLayout"(
      contents: {
        #"SYSTEM_SYSRULES_columnsLayout"(
          columns: {
            #"SYSTEM_SYSRULES_columnLayout"(contents: {}),
            #"SYSTEM_SYSRULES_columnLayout"(
              contents: {
                #"SYSTEM_SYSRULES_imageField_v1"(
                  label: "",
                  labelPosition: "ABOVE",
                  images: {
                    #"SYSTEM_SYSRULES_webImage"(
                      source: "https://cdn.dribbble.com/users/282075/screenshots/4756095/icon_confirmation.gif"
                    )
                  },
                  size: "LARGE",
                  isThumbnail: false,
                  style: "STANDARD",
                  align: "CENTER",
                  marginAbove: "MORE",
                  marginBelow: "MORE"
                ),
                #"SYSTEM_SYSRULES_richTextDisplayField"(
                  labelPosition: "COLLAPSED",
                  value: {
                    #"SYSTEM_SYSRULES_richTextItem_v1"(
                      text: {
                        "Congratulations , Payment successful.  "
                      },
                      color: "#008080",
                      size: "LARGE_PLUS",
                      style: { "STRONG" }
                    ),
                    char(10),
                    char(10),
                    #"SYSTEM_SYSRULES_richTextItem_v1"(
                      text: {
                        "Invoice Has been Generated, Please Check Your Email."
                      },
                      size: "MEDIUM",
                      style: { "STRONG" }
                    )
                  },
                  align: "CENTER",
                  marginAbove: "MORE",
                  marginBelow: "MORE"
                ),
                #"SYSTEM_SYSRULES_richTextDisplayField"(
                  labelPosition: "COLLAPSED",
                  value: {
                    #"SYSTEM_SYSRULES_richTextItem_v1"(
                      text: { #"SYSTEM_SYSRULES_richTextIcon"(icon: "home"), " " },
                      color: "#008080",
                      size: "MEDIUM_PLUS",
                      style: { "STRONG" }
                    ),
                    #"SYSTEM_SYSRULES_richTextItem_v1"(
                      text: {
                        #"SYSTEM_SYSRULES_richTextItem_v1"(
                          text: { "Home" },
                          color: "#008080",
                          size: "MEDIUM_PLUS",
                          style: { "STRONG" }
                        )
                      },
                      link: #"SYSTEM_SYSRULES_safeLink"(
                        uri: "https://wbjs.appian.community/suite/sites/site",
                        openLinkIn: "SAME_TAB"
                      ),
                      linkStyle: "INLINE"
                    )
                  },
                  align: "CENTER"
                )
              }
            ),
            #"SYSTEM_SYSRULES_columnLayout"(contents: {})
          }
        ),
        #"SYSTEM_SYSRULES_sideBySideLayout"(items: {})
      }
    )
  }
)</definition>
        <preferredEditor>interface</preferredEditor>
        <offlineEnabled>false</offlineEnabled>
        <isCustom>false</isCustom>
    </interface>
    <roleMap public="true">
        <role inherit="true" allowForAll="false" name="readers">
            <users/>
            <groups/>
        </role>
        <role inherit="true" allowForAll="false" name="authors">
            <users/>
            <groups/>
        </role>
        <role inherit="true" allowForAll="false" name="administrators">
            <users/>
            <groups/>
        </role>
        <role inherit="false" allowForAll="false" name="denyReaders">
            <users/>
            <groups/>
        </role>
        <role inherit="false" allowForAll="false" name="denyAuthors">
            <users/>
            <groups/>
        </role>
        <role inherit="false" allowForAll="false" name="denyAdministrators">
            <users/>
            <groups/>
        </role>
    </roleMap>
    <history>
        <historyInfo versionUuid="_a-0000ec4e-764a-8000-9cac-011c48011c48_288101"/>
    </history>
</contentHaul>
