<?xml version="1.0" encoding="UTF-8" standalone="yes"?>
<contentHaul xmlns:a="http://www.appian.com/ae/types/2009">
    <versionUuid>_a-0000ec4e-764a-8000-9cac-011c48011c48_289577</versionUuid>
    <interface>
        <name>SA_PaymentTaskList_Customer</name>
        <uuid>_a-0000ec4e-764a-8000-9cac-011c48011c48_284297</uuid>
        <description></description>
        <parentUuid>29340692-c7e4-416d-b9f2-435df57cdc04</parentUuid>
        <visibility>
            <advertise>false</advertise>
            <hierarchy>true</hierarchy>
            <indexable>true</indexable>
            <quota>false</quota>
            <searchable>true</searchable>
            <system>false</system>
            <unlogged>false</unlogged>
        </visibility>
        <definition>{
  #"SYSTEM_SYSRULES_sectionLayout_v1"(
    label: "My Pending Payments",
    labelIcon: "hand-holding-usd",
    labelColor: "#008080",
    contents: {
      #"SYSTEM_SYSRULES_gridField_v2"(
        label: "",
        labelPosition: "ABOVE",
        data: #"_a-0000ec4e-764a-8000-9cac-011c48011c48_284303"(
         
        ).data,
        columns: {
          #"SYSTEM_SYSRULES_gridColumn"(
            label: "Task Name",
            sortField: "c0",
            value: #"SYSTEM_SYSRULES_linkField"(
              
              links: #"SYSTEM_SYSRULES_processTaskLink"(
                label : fv!row.c0,             
                task: fv!row.dp0
              )
            )
          
          ),
          #"SYSTEM_SYSRULES_gridColumn"(
            label: "Status",
            value:#"SYSTEM_SYSRULES_tagField"(
              tags: {
                #"SYSTEM_SYSRULES_tagItem"(
                  text: index(
                    {
                      "Assigned",
                      "Accepted",
                      "Completed",
                      "Not started",
                      "Cancelled",
                      "Paused"
                    },
                    tointeger(fv!row.c1) + 1,
                    {}
                  )
                )
              }
            ),
            backgroundColor: "NONE"
          ),
          #"SYSTEM_SYSRULES_gridColumn"(
            label: "Start Time",
            value: fv!row.c3
          ),
          #"SYSTEM_SYSRULES_gridColumn"(
            label: "Assigned To",
            value: #"SYSTEM_SYSRULES_forEach"(
              items: fv!row.c4,
              expression:if(
                runtimetypeof(fv!item) = 4,
                user(fv!item, "firstName") &amp; " " &amp; user(fv!item, "lastName") &amp; char(10),
                group(fv!item, "groupName")

              )


            )
          )
        },
        initialSorts: #"SYSTEM_SYSRULES_sortInfo"(field: "c3", ascending: false()),
        validations: {}
      )
    }
  )
}</definition>
        <preferredEditor>interface</preferredEditor>
        <offlineEnabled>false</offlineEnabled>
        <isCustom>false</isCustom>
    </interface>
    <roleMap public="true">
        <role inherit="true" allowForAll="false" name="readers">
            <users/>
            <groups/>
        </role>
        <role inherit="true" allowForAll="false" name="authors">
            <users/>
            <groups/>
        </role>
        <role inherit="true" allowForAll="false" name="administrators">
            <users/>
            <groups/>
        </role>
        <role inherit="false" allowForAll="false" name="denyReaders">
            <users/>
            <groups/>
        </role>
        <role inherit="false" allowForAll="false" name="denyAuthors">
            <users/>
            <groups/>
        </role>
        <role inherit="false" allowForAll="false" name="denyAdministrators">
            <users/>
            <groups/>
        </role>
    </roleMap>
    <history>
        <historyInfo versionUuid="_a-0000ec4e-764a-8000-9cac-011c48011c48_289577"/>
    </history>
</contentHaul>
