<?xml version="1.0" encoding="UTF-8" standalone="yes"?>
<contentHaul xmlns:a="http://www.appian.com/ae/types/2009">
    <versionUuid>_a-0000ec19-b9d1-8000-9ca4-011c48011c48_259577</versionUuid>
    <constant>
        <name>SA_InstructionsContent</name>
        <uuid>_a-0000ec19-b9d1-8000-9ca4-011c48011c48_259573</uuid>
        <description>this constant consists of the helptool tips for marketing executive in his site</description>
        <parentUuid>29340692-c7e4-416d-b9f2-435df57cdc04</parentUuid>
        <visibility>
            <advertise>false</advertise>
            <hierarchy>true</hierarchy>
            <indexable>true</indexable>
            <quota>false</quota>
            <searchable>true</searchable>
            <system>false</system>
            <unlogged>false</unlogged>
        </visibility>
        <typedValue>
            <type>
                <name>Text?list</name>
                <namespace>http://www.appian.com/ae/types/2009</namespace>
            </type>
            <value>
                <el>Single Upload:</el>
                <el>Click on the Single Upload button.</el>
                <el>Fill out the form with the required details for an individual request.</el>
                <el>Submit the form to complete the process.</el>
                <el/>
                <el>Bulk Upload:</el>
                <el>Click on the Bulk Upload button.</el>
                <el>Download the provided Excel template.</el>
                <el>Enter the details for multiple requests in the template.</el>
                <el>Upload the completed Excel file to submit your requests.</el>
            </value>
        </typedValue>
        <isEnvironmentSpecific>false</isEnvironmentSpecific>
    </constant>
    <roleMap public="true">
        <role inherit="true" allowForAll="false" name="readers">
            <users/>
            <groups/>
        </role>
        <role inherit="true" allowForAll="false" name="authors">
            <users/>
            <groups/>
        </role>
        <role inherit="true" allowForAll="false" name="administrators">
            <users/>
            <groups/>
        </role>
        <role inherit="false" allowForAll="false" name="denyReaders">
            <users/>
            <groups/>
        </role>
        <role inherit="false" allowForAll="false" name="denyAuthors">
            <users/>
            <groups/>
        </role>
        <role inherit="false" allowForAll="false" name="denyAdministrators">
            <users/>
            <groups/>
        </role>
    </roleMap>
    <history>
        <historyInfo versionUuid="_a-0000ec19-b9d1-8000-9ca4-011c48011c48_259577"/>
    </history>
</contentHaul>
