<?xml version="1.0" encoding="UTF-8" standalone="yes"?>
<contentHaul xmlns:a="http://www.appian.com/ae/types/2009">
    <versionUuid>_a-0000ec19-b9d1-8000-9ca4-011c48011c48_257075</versionUuid>
    <rule>
        <name>SA_ExtractRequestData</name>
        <uuid>_a-0000ec19-b9d1-8000-9ca4-011c48011c48_257049</uuid>
        <description></description>
        <parentUuid>29340692-c7e4-416d-b9f2-435df57cdc04</parentUuid>
        <visibility>
            <advertise>false</advertise>
            <hierarchy>true</hierarchy>
            <indexable>true</indexable>
            <quota>false</quota>
            <searchable>true</searchable>
            <system>false</system>
            <unlogged>false</unlogged>
        </visibility>
        <definition>a!localVariables(
  local!excelData: remove(
    readexcelsheetpaging(
      excelDocument: ri!ExcelDocument,
      sheetNumber: 0,
      pagingInfo: #"SYSTEM_SYSRULES_pagingInfo"(1, 50),

    ).data,
    1
  ),
  {
    #"SYSTEM_SYSRULES_forEach"(
      items: local!excelData.values,
      expression: (
        #"urn:appian:record-type:v1:e29ff48d-88a7-4b94-b317-2a3d3f8f9e4a"(
          #"urn:appian:record-field:v1:e29ff48d-88a7-4b94-b317-2a3d3f8f9e4a/a39f236d-99cd-4494-8f9e-70f6e494107d": index(fv!item, 1, null),
          #"urn:appian:record-field:v1:e29ff48d-88a7-4b94-b317-2a3d3f8f9e4a/9503c12f-5408-4d44-8d15-f6f1530b81d9": index(fv!item, 2, null),
          #"urn:appian:record-field:v1:e29ff48d-88a7-4b94-b317-2a3d3f8f9e4a/3ac99b4f-ac7f-457d-a324-fdf312b35300": index(fv!item, 3, null),
          #"urn:appian:record-field:v1:e29ff48d-88a7-4b94-b317-2a3d3f8f9e4a/4faed056-b251-44ee-a8ad-b7ec36e911dd": index(fv!item, 4, null),
          #"urn:appian:record-field:v1:e29ff48d-88a7-4b94-b317-2a3d3f8f9e4a/0bec8d53-0f6d-4ad9-85eb-fb13af2fb09d": index(fv!item, 5, null),
          #"urn:appian:record-field:v1:e29ff48d-88a7-4b94-b317-2a3d3f8f9e4a/5d896fc6-4490-43da-b4f4-eb306a6e3cb4": index(fv!item, 6, null),
          #"urn:appian:record-field:v1:e29ff48d-88a7-4b94-b317-2a3d3f8f9e4a/34ecb62a-df27-485a-9080-07712561de57": "Nikhil",
          #"urn:appian:record-field:v1:e29ff48d-88a7-4b94-b317-2a3d3f8f9e4a/cc07505a-baa5-43c8-b720-f12413639fce": "Marketing Executive",
          #"urn:appian:record-field:v1:e29ff48d-88a7-4b94-b317-2a3d3f8f9e4a/66ddebfc-bac9-4f5e-b984-4a850ffe1b45": "40",
          #"urn:appian:record-field:v1:e29ff48d-88a7-4b94-b317-2a3d3f8f9e4a/a19f4a1d-5dba-48cd-862c-ca336c136186": loggedInUser(),
          #"urn:appian:record-field:v1:e29ff48d-88a7-4b94-b317-2a3d3f8f9e4a/efd67d88-f072-41c9-b384-24367a488e35": today(),
          #"urn:appian:record-field:v1:e29ff48d-88a7-4b94-b317-2a3d3f8f9e4a/d3f0a4ea-875f-4ab8-ae2c-018c14e8a61e": loggedInUser(),
          #"urn:appian:record-field:v1:e29ff48d-88a7-4b94-b317-2a3d3f8f9e4a/c2c75b11-0264-4216-8d21-a1679409b341": now(),
          #"urn:appian:record-field:v1:e29ff48d-88a7-4b94-b317-2a3d3f8f9e4a/49786708-6ce1-44c5-a1ce-e537d808cead": true(),
          #"urn:appian:record-field:v1:e29ff48d-88a7-4b94-b317-2a3d3f8f9e4a/5407d62d-7e8b-4c11-9c4b-86c8a58ca007": index(fv!item, 15, null)
        
        ),

      )
    ),
 
  },

)</definition>
        <namedTypedValue>
            <name>ExcelDocument</name>
            <type>
                <name>CollaborationDocument</name>
                <namespace>http://www.appian.com/ae/types/2009</namespace>
            </type>
        </namedTypedValue>
        <preferredEditor>legacy</preferredEditor>
        <offlineEnabled>false</offlineEnabled>
    </rule>
    <roleMap public="true">
        <role inherit="true" allowForAll="false" name="readers">
            <users/>
            <groups/>
        </role>
        <role inherit="true" allowForAll="false" name="authors">
            <users/>
            <groups/>
        </role>
        <role inherit="true" allowForAll="false" name="administrators">
            <users/>
            <groups/>
        </role>
        <role inherit="false" allowForAll="false" name="denyReaders">
            <users/>
            <groups/>
        </role>
        <role inherit="false" allowForAll="false" name="denyAuthors">
            <users/>
            <groups/>
        </role>
        <role inherit="false" allowForAll="false" name="denyAdministrators">
            <users/>
            <groups/>
        </role>
    </roleMap>
    <history>
        <historyInfo versionUuid="_a-0000ec19-b9d1-8000-9ca4-011c48011c48_257075"/>
    </history>
</contentHaul>
