<?xml version="1.0" encoding="UTF-8" standalone="yes"?>
<contentHaul xmlns:a="http://www.appian.com/ae/types/2009">
    <versionUuid>_a-0000ec4e-764a-8000-9cac-011c48011c48_287015</versionUuid>
    <interface>
        <name>SA_RequestPage</name>
        <uuid>_a-0000ec26-e8e9-8000-9ca6-011c48011c48_264594</uuid>
        <description>This interface for users to create a request from site </description>
        <parentUuid>_a-0000ebfe-97a0-8000-9ca0-011c48011c48_254323</parentUuid>
        <visibility>
            <advertise>false</advertise>
            <hierarchy>true</hierarchy>
            <indexable>true</indexable>
            <quota>false</quota>
            <searchable>true</searchable>
            <system>false</system>
            <unlogged>false</unlogged>
        </visibility>
        <definition>a!localVariables(
  local!id:tointeger( tostring
  (
    index(
    #"SYSTEM_SYSRULES_queryRecordType_v1"(
      recordType: #"urn:appian:record-type:v1:826d8fe7-5a45-4699-b6f9-3c87219188b1",
      filters: #"SYSTEM_SYSRULES_queryFilter"(
        field: #"urn:appian:record-field:v1:826d8fe7-5a45-4699-b6f9-3c87219188b1/a57139dc-5a70-4734-be15-515a09c7ef03",
        operator: "=",
        value: user(loggedInUser(),"email")
      ),
      pagingInfo: #"SYSTEM_SYSRULES_pagingInfo"(1, 1)
    ),
    "Data",
    #"urn:appian:record-field:v1:826d8fe7-5a45-4699-b6f9-3c87219188b1/1a9e0b17-7436-44e6-a796-b29627a62548",
    {}
  ))),
  {
    #"SYSTEM_SYSRULES_sectionLayout_v1"(
      label: "Request Form",
      labelIcon: "pager",
      labelColor: "#008080",
      contents: {
        #"SYSTEM_SYSRULES_columnsLayout"(
          columns: {
            #"SYSTEM_SYSRULES_columnLayout"(
              contents: {
                #"SYSTEM_SYSRULES_cardLayout"(
                  contents: {
                    #"SYSTEM_SYSRULES_columnsLayout"(
                      columns: {
                        #"SYSTEM_SYSRULES_columnLayout"(
                          contents: {
                            #"SYSTEM_SYSRULES_paragraphField"(
                              label: "Enter your Request ",
                              labelPosition: "ABOVE",
                              value: ri!request[#"urn:appian:record-field:v1:e29ff48d-88a7-4b94-b317-2a3d3f8f9e4a/9503c12f-5408-4d44-8d15-f6f1530b81d9"],
                              saveInto: {
                                ri!request[#"urn:appian:record-field:v1:e29ff48d-88a7-4b94-b317-2a3d3f8f9e4a/9503c12f-5408-4d44-8d15-f6f1530b81d9"],
                                a!save(
                                  target: ri!request[#"urn:appian:record-field:v1:e29ff48d-88a7-4b94-b317-2a3d3f8f9e4a/a39f236d-99cd-4494-8f9e-70f6e494107d"],
                                  value: local!id
                                )
                              },
                              refreshAfter: "UNFOCUS",
                              required: true(),
                              validations: {}
                            ),
                            #"SYSTEM_SYSRULES_integerField"(
                              label: "Budget",
                              labelPosition: "ABOVE",
                              value: ri!request[#"urn:appian:record-field:v1:e29ff48d-88a7-4b94-b317-2a3d3f8f9e4a/3ac99b4f-ac7f-457d-a324-fdf312b35300"],
                              saveInto: ri!request[#"urn:appian:record-field:v1:e29ff48d-88a7-4b94-b317-2a3d3f8f9e4a/3ac99b4f-ac7f-457d-a324-fdf312b35300"],
                              required: true()
                            ),
                            #"SYSTEM_SYSRULES_dateField"(
                              label: "Timeline",
                              labelPosition: "ABOVE",
                              value: ri!request[#"urn:appian:record-field:v1:e29ff48d-88a7-4b94-b317-2a3d3f8f9e4a/4faed056-b251-44ee-a8ad-b7ec36e911dd"],
                              saveInto: ri!request[#"urn:appian:record-field:v1:e29ff48d-88a7-4b94-b317-2a3d3f8f9e4a/4faed056-b251-44ee-a8ad-b7ec36e911dd"],
                              required: true()
                            )
                          },
                          width: "MEDIUM"
                        )/*a!columnLayout(*/
                        /*contents: {*/
                        /*a!textField(*/
                        /*label: "Text",*/
                        /*labelPosition: "ABOVE",*/
                        /*saveInto: {},*/
                        /*refreshAfter: "UNFOCUS",*/
                        /*validations: {}*/
                        /*),*/
                        /*a!textField(*/
                        /*label: "Text",*/
                        /*labelPosition: "ABOVE",*/
                        /*saveInto: {},*/
                        /*refreshAfter: "UNFOCUS",*/
                        /*validations: {}*/
                        /*),*/
                        /*a!textField(*/
                        /*label: "Text",*/
                        /*labelPosition: "ABOVE",*/
                        /*saveInto: {},*/
                        /*refreshAfter: "UNFOCUS",*/
                        /*validations: {}*/
                        /*)*/
                        /*}*/
                        /*)*/,
                        #"SYSTEM_SYSRULES_columnLayout"(
                          contents: {
                            #"SYSTEM_SYSRULES_imageField_v1"(
                              label: "",
                              labelPosition: "ABOVE",
                              images: {
                                #"SYSTEM_SYSRULES_documentImage"(document: #"_a-0000ec41-475a-8000-9caa-011c48011c48_275631")
                              },
                              size: "LARGE",
                              isThumbnail: false,
                              style: "STANDARD"
                            )
                          },
                          width: "MEDIUM"
                        )

                      }
                    ),
                    #"SYSTEM_SYSRULES_ButtonLayout"(
                      primaryButtons: {
                        #"SYSTEM_SYSRULES_buttonWidget_v1"(
                          label: "Submit Request",
                          saveInto: {
                            a!save(ri!request[#"urn:appian:record-field:v1:e29ff48d-88a7-4b94-b317-2a3d3f8f9e4a/a19f4a1d-5dba-48cd-862c-ca336c136186"],loggedInUser()),
                            a!save(ri!request[#"urn:appian:record-field:v1:e29ff48d-88a7-4b94-b317-2a3d3f8f9e4a/efd67d88-f072-41c9-b384-24367a488e35"],now()),
                            a!save(ri!request[#"urn:appian:record-field:v1:e29ff48d-88a7-4b94-b317-2a3d3f8f9e4a/5d896fc6-4490-43da-b4f4-eb306a6e3cb4"],"Open"),
                            a!save(ri!request[#"urn:appian:record-field:v1:e29ff48d-88a7-4b94-b317-2a3d3f8f9e4a/66ddebfc-bac9-4f5e-b984-4a850ffe1b45"],"50"),
                            a!save(ri!request[#"urn:appian:record-field:v1:e29ff48d-88a7-4b94-b317-2a3d3f8f9e4a/cc07505a-baa5-43c8-b720-f12413639fce"],"Portal")
                          },
                          submit: true,
                          style: "SOLID",
                          color: "#008080"
                        )
                      },
                      secondaryButtons: {
                        #"SYSTEM_SYSRULES_buttonWidget_v1"(
                          label: "Cancel",
                          value: true,
                          saveInto: ri!cancel,
                          submit: true,
                          style: "OUTLINE",
                          color: "#008080",
                          validate: false
                        )
                      }
                    )
                  },
                  height: "AUTO",
                  style: "TRANSPARENT",
                  shape: "ROUNDED",
                  marginBelow: "STANDARD",
                  decorativeBarPosition: "START",
                  decorativeBarColor: "#008080"
                )
              }
            ),
            #"SYSTEM_SYSRULES_columnLayout"(
              contents: {},
              width: "1X"
            )
          }
        )
      }
    )
  }
)</definition>
        <namedTypedValue>
            <name>request</name>
            <type>
                <name>e29ff48d-88a7-4b94-b317-2a3d3f8f9e4a</name>
                <namespace>urn:com:appian:recordtype:datatype</namespace>
            </type>
        </namedTypedValue>
        <namedTypedValue>
            <name>customer</name>
            <type>
                <name>826d8fe7-5a45-4699-b6f9-3c87219188b1</name>
                <namespace>urn:com:appian:recordtype:datatype</namespace>
            </type>
        </namedTypedValue>
        <namedTypedValue>
            <name>cancel</name>
            <type>
                <name>boolean</name>
                <namespace>http://www.w3.org/2001/XMLSchema</namespace>
            </type>
        </namedTypedValue>
        <preferredEditor>interface</preferredEditor>
        <offlineEnabled>false</offlineEnabled>
        <isCustom>false</isCustom>
    </interface>
    <roleMap public="true">
        <role inherit="true" allowForAll="false" name="readers">
            <users/>
            <groups/>
        </role>
        <role inherit="true" allowForAll="false" name="authors">
            <users/>
            <groups/>
        </role>
        <role inherit="true" allowForAll="false" name="administrators">
            <users/>
            <groups/>
        </role>
        <role inherit="false" allowForAll="false" name="denyReaders">
            <users/>
            <groups/>
        </role>
        <role inherit="false" allowForAll="false" name="denyAuthors">
            <users/>
            <groups/>
        </role>
        <role inherit="false" allowForAll="false" name="denyAdministrators">
            <users/>
            <groups/>
        </role>
    </roleMap>
    <typedValue>
        <type>
            <name>RuleTestConfig?list</name>
            <namespace>http://www.appian.com/ae/types/2009</namespace>
        </type>
        <value>
            <el>
                <a:name/>
                <a:ruleInputTestConfigs>
                    <a:value xmlns:xsi="http://www.w3.org/2001/XMLSchema-instance" xsi:type="a:Expression">null</a:value>
                    <a:nameRef>request</a:nameRef>
                    <a:id>1</a:id>
                </a:ruleInputTestConfigs>
                <a:ruleInputTestConfigs>
                    <a:value xmlns:xsi="http://www.w3.org/2001/XMLSchema-instance" xsi:type="a:Expression">null</a:value>
                    <a:nameRef>customer</a:nameRef>
                    <a:id>2</a:id>
                </a:ruleInputTestConfigs>
                <a:ruleInputTestConfigs>
                    <a:value xmlns:xsd="http://www.w3.org/2001/XMLSchema" xmlns:xsi="http://www.w3.org/2001/XMLSchema-instance" xsi:nil="true" xsi:type="xsd:boolean"/>
                    <a:nameRef>cancel</a:nameRef>
                    <a:id>3</a:id>
                </a:ruleInputTestConfigs>
                <a:assertions xmlns:xsi="http://www.w3.org/2001/XMLSchema-instance" xsi:nil="true"/>
            </el>
        </value>
    </typedValue>
    <history>
        <historyInfo versionUuid="_a-0000ec4e-764a-8000-9cac-011c48011c48_287015"/>
    </history>
</contentHaul>
