<?xml version="1.0" encoding="UTF-8" standalone="yes"?>
<contentHaul xmlns:a="http://www.appian.com/ae/types/2009">
    <versionUuid>_a-0000ec5b-a51d-8000-9cae-011c48011c48_295209</versionUuid>
    <outboundIntegration>
        <name>SA_GetEnvelopeStatus</name>
        <uuid>c1046541-6d4d-4ec5-a9cc-4f6ef40e3425</uuid>
        <description>Get Envelope Status</description>
        <parentUuid>29340692-c7e4-416d-b9f2-435df57cdc04</parentUuid>
        <visibility>
            <advertise>false</advertise>
            <hierarchy>true</hierarchy>
            <indexable>true</indexable>
            <quota>false</quota>
            <searchable>true</searchable>
            <system>false</system>
            <unlogged>false</unlogged>
        </visibility>
        <definition></definition>
        <namedTypedValue>
            <name>EnvelopeId</name>
            <type>
                <name>string</name>
                <namespace>http://www.w3.org/2001/XMLSchema</namespace>
            </type>
            <value/>
        </namedTypedValue>
        <metadataExpr></metadataExpr>
        <preferredEditor>legacy</preferredEditor>
        <offlineEnabled>false</offlineEnabled>
        <sharedConfigParameters>
            <a:Dictionary xmlns:xsd="http://www.w3.org/2001/XMLSchema" xmlns:xsi="http://www.w3.org/2001/XMLSchema-instance"/>
        </sharedConfigParameters>
        <configParameters>
            <a:Dictionary xmlns:xsd="http://www.w3.org/2001/XMLSchema" xmlns:xsi="http://www.w3.org/2001/XMLSchema-instance">
                <types xsi:type="a:Dictionary">
                    <RootType xsi:type="a:Dictionary">
                        <properties xsi:type="a:Dictionary?list">
                            <item>
<description xsi:nil="true" xsi:type="a:Null"/>
<refresh xsi:type="xsd:string">NEVER</refresh>
<placeholder xsi:type="xsd:string">93be49ab-afa0-4adf-933c-f752070d71ec</placeholder>
<isImportCustomizable xsi:type="xsd:boolean">false</isImportCustomizable>
<instructionText xsi:nil="true" xsi:type="a:Null"/>
<isExpressionable xsi:type="xsd:boolean">true</isExpressionable>
<label xsi:type="xsd:string">Envelope ID</label>
<isRequired xsi:type="xsd:boolean">true</isRequired>
<displayHint xsi:type="xsd:string">NORMAL</displayHint>
<hasTransientChoices xsi:type="xsd:boolean">false</hasTransientChoices>
<key xsi:type="xsd:string">envelopeIDKey</key>
<isHidden xsi:type="xsd:boolean">false</isHidden>
<isMasked xsi:type="xsd:boolean">false</isMasked>
<isReadOnly xsi:type="xsd:boolean">false</isReadOnly>
<type xsi:type="xsd:string">STRING</type>
                            </item>
                            <item>
<description xsi:nil="true" xsi:type="a:Null"/>
<refresh xsi:type="xsd:string">NEVER</refresh>
<placeholder xsi:type="xsd:string">tabs, recipients, custom_fields</placeholder>
<isImportCustomizable xsi:type="xsd:boolean">false</isImportCustomizable>
<instructionText xsi:type="xsd:string">Additional information about the envelope to return. Enter properties in a comma-separated list. Valid values are: custom_fields, documents, attachments, extensions, folders, recipients, powerform, tabs, payment_tabs</instructionText>
<isExpressionable xsi:type="xsd:boolean">true</isExpressionable>
<label xsi:type="xsd:string">Include</label>
<isRequired xsi:type="xsd:boolean">false</isRequired>
<displayHint xsi:type="xsd:string">NORMAL</displayHint>
<hasTransientChoices xsi:type="xsd:boolean">false</hasTransientChoices>
<key xsi:type="xsd:string">include</key>
<isHidden xsi:type="xsd:boolean">false</isHidden>
<isMasked xsi:type="xsd:boolean">false</isMasked>
<isReadOnly xsi:type="xsd:boolean">false</isReadOnly>
<type xsi:type="xsd:string">STRING</type>
                            </item>
                        </properties>
                        <name xsi:type="xsd:string">RootType</name>
                    </RootType>
                </types>
                <state xsi:type="a:Dictionary">
                    <a:entry key="#t" xsi:type="xsd:string">#/types/RootType</a:entry>
                    <include xsi:type="xsd:string"/>
                    <envelopeIDKey xsi:type="a:Expression">ri!EnvelopeId</envelopeIDKey>
                </state>
                <connectedSystemTemplateKey xsi:type="xsd:string"/>
            </a:Dictionary>
        </configParameters>
        <isWrite>false</isWrite>
        <integrationType>plugin.[DocuSignMultiAuth].[DocuSignConnectedSystem].[RetrieveEnvelopeIntegration].READ</integrationType>
        <connectedSystemUuid>_a-0000ec34-17d1-8000-9ca8-011c48011c48_271024</connectedSystemUuid>
        <isConnectedSystemConnectionOptionSelected>true</isConnectedSystemConnectionOptionSelected>
        <integrationOutputs>
            <a:Dictionary xmlns:xsd="http://www.w3.org/2001/XMLSchema" xmlns:xsi="http://www.w3.org/2001/XMLSchema-instance">
                <outputs xsi:type="a:IntegrationOutput?list"/>
            </a:Dictionary>
        </integrationOutputs>
        <isRequestResponseLoggingEnabled>false</isRequestResponseLoggingEnabled>
    </outboundIntegration>
    <roleMap public="true">
        <role inherit="true" allowForAll="false" name="readers">
            <users/>
            <groups/>
        </role>
        <role inherit="true" allowForAll="false" name="authors">
            <users/>
            <groups/>
        </role>
        <role inherit="true" allowForAll="false" name="administrators">
            <users/>
            <groups/>
        </role>
        <role inherit="false" allowForAll="false" name="denyReaders">
            <users/>
            <groups/>
        </role>
        <role inherit="false" allowForAll="false" name="denyAuthors">
            <users/>
            <groups/>
        </role>
        <role inherit="false" allowForAll="false" name="denyAdministrators">
            <users/>
            <groups/>
        </role>
    </roleMap>
    <typedValue>
        <type>
            <name>RuleTestConfig?list</name>
            <namespace>http://www.appian.com/ae/types/2009</namespace>
        </type>
        <value>
            <el>
                <a:name/>
                <a:ruleInputTestConfigs>
                    <a:value xmlns:xsi="http://www.w3.org/2001/XMLSchema-instance" xsi:type="a:Expression">null</a:value>
                    <a:nameRef>EnvelopeId</a:nameRef>
                    <a:id/>
                </a:ruleInputTestConfigs>
                <a:assertions xmlns:xsi="http://www.w3.org/2001/XMLSchema-instance" xsi:nil="true"/>
            </el>
        </value>
    </typedValue>
    <history>
        <historyInfo versionUuid="_a-0000ec5b-a51d-8000-9cae-011c48011c48_295209"/>
    </history>
</contentHaul>
