<?xml version="1.0" encoding="UTF-8" standalone="yes"?>
<contentHaul xmlns:a="http://www.appian.com/ae/types/2009">
    <versionUuid>_a-0000ec34-17d1-8000-9ca8-011c48011c48_275018</versionUuid>
    <interface>
        <name>SA_RequestSummary</name>
        <uuid>c8dacbf8-6773-4d27-9ec8-3963211e46ec</uuid>
        <description>The interface used for your record view</description>
        <parentUuid>29340692-c7e4-416d-b9f2-435df57cdc04</parentUuid>
        <visibility>
            <advertise>false</advertise>
            <hierarchy>true</hierarchy>
            <indexable>true</indexable>
            <quota>false</quota>
            <searchable>true</searchable>
            <system>false</system>
            <unlogged>false</unlogged>
        </visibility>
        <definition>{
  #"SYSTEM_SYSRULES_sectionLayout_v1"(
    label: "",
    contents: {
      #"SYSTEM_SYSRULES_columnsLayout"(
        columns: {
          #"SYSTEM_SYSRULES_columnLayout"(
            contents: {
              /*a!textField(*/
              /*label: "Customer Id",*/
              /*labelPosition: "JUSTIFIED",*/
              /*value: ri!record['recordType!{e29ff48d-88a7-4b94-b317-2a3d3f8f9e4a}SA Request.fields.{a39f236d-99cd-4494-8f9e-70f6e494107d}customerId'],*/
              /*readOnly: true*/
              /*),*/
              /*a!textField(*/
              /*label: "Budget",*/
              /*labelPosition: "JUSTIFIED",*/
              /*value: a!defaultValue(*/
              /*ri!record['recordType!{e29ff48d-88a7-4b94-b317-2a3d3f8f9e4a}SA Request.fields.{3ac99b4f-ac7f-457d-a324-fdf312b35300}budget'],*/
              /*"–"*/
              /*),*/
              /*readOnly: true*/
              /*),*/
              /*a!textField(*/
              /*label: "User Comments",*/
              /*labelPosition: "JUSTIFIED",*/
              /*value: a!defaultValue(*/
              /*ri!record['recordType!{e29ff48d-88a7-4b94-b317-2a3d3f8f9e4a}SA Request.fields.{5407d62d-7e8b-4c11-9c4b-86c8a58ca007}userComments'],*/
              /*"–"*/
              /*),*/
              /*readOnly: true*/
              /*),*/
              #"SYSTEM_SYSRULES_textField"(
                label: "Source Type",
                labelPosition: "JUSTIFIED",
                value: a!defaultValue(
                  ri!record[#"urn:appian:record-field:v1:e29ff48d-88a7-4b94-b317-2a3d3f8f9e4a/cc07505a-baa5-43c8-b720-f12413639fce"],
                  "–"
                ),
                readOnly: true
              ),
              #"SYSTEM_SYSRULES_tagField"(
                label: "Status",
                labelPosition: "JUSTIFIED",
                tags: #"SYSTEM_SYSRULES_tagItem"(
                  backgroundColor: "#008080",
                  text: ri!record[#"urn:appian:record-field:v1:e29ff48d-88a7-4b94-b317-2a3d3f8f9e4a/5d896fc6-4490-43da-b4f4-eb306a6e3cb4"]
                )
              ),
              #"SYSTEM_SYSRULES_richTextDisplayField"(
                label: "Is Active",
                labelPosition: "JUSTIFIED",
                value: if(
                  isnull(
                    ri!record[#"urn:appian:record-field:v1:e29ff48d-88a7-4b94-b317-2a3d3f8f9e4a/49786708-6ce1-44c5-a1ce-e537d808cead"]
                  ),
                  "–",
                  {
                    #"SYSTEM_SYSRULES_richTextIcon"(
                      icon: if(
                        ri!record[#"urn:appian:record-field:v1:e29ff48d-88a7-4b94-b317-2a3d3f8f9e4a/49786708-6ce1-44c5-a1ce-e537d808cead"],
                        "check-circle",
                        "times-circle"
                      ),
                      color: if(
                        ri!record[#"urn:appian:record-field:v1:e29ff48d-88a7-4b94-b317-2a3d3f8f9e4a/49786708-6ce1-44c5-a1ce-e537d808cead"],
                        "POSITIVE",
                        "NEGATIVE"
                      )
                    ),
                    if(
                      ri!record[#"urn:appian:record-field:v1:e29ff48d-88a7-4b94-b317-2a3d3f8f9e4a/49786708-6ce1-44c5-a1ce-e537d808cead"],
                      " Yes",
                      " No"
                    )
                  }
                )
              ),
              /*a!textField(*/
              /*label: "Created By",*/
              /*labelPosition: "JUSTIFIED",*/
              /*value: a!defaultValue(*/
              /*ri!record['recordType!{e29ff48d-88a7-4b94-b317-2a3d3f8f9e4a}SA Request.fields.{a19f4a1d-5dba-48cd-862c-ca336c136186}createdBy'],*/
              /*"–"*/
              /*),*/
              /*readOnly: true*/
              /*),*/
              /*a!textField(*/
              /*label: "Modified By",*/
              /*labelPosition: "JUSTIFIED",*/
              /*value: a!defaultValue(*/
              /*ri!record['recordType!{e29ff48d-88a7-4b94-b317-2a3d3f8f9e4a}SA Request.fields.{d3f0a4ea-875f-4ab8-ae2c-018c14e8a61e}modifiedBy'],*/
              /*"–"*/
              /*),*/
              /*readOnly: true*/
              /*),*/
              
            }
          ),
          #"SYSTEM_SYSRULES_columnLayout"(
            contents: {
              /*a!richTextDisplayField(*/
              /*label: "Timeline",*/
              /*labelPosition: "JUSTIFIED",*/
              /*value: if(*/
              /*isnull(*/
              /*ri!record['recordType!{e29ff48d-88a7-4b94-b317-2a3d3f8f9e4a}SA Request.fields.{4faed056-b251-44ee-a8ad-b7ec36e911dd}timeline']*/
              /*),*/
              /*"–",*/
              /*{*/
              /*a!richTextIcon(icon: "calendar", color: "SECONDARY"),*/
              /*" ",*/
              /*a!richTextItem(*/
              /*text: text(*/
              /*ri!record['recordType!{e29ff48d-88a7-4b94-b317-2a3d3f8f9e4a}SA Request.fields.{4faed056-b251-44ee-a8ad-b7ec36e911dd}timeline'],*/
              /*"mmmm d, yyyy"*/
              /*)*/
              /*)*/
              /*}*/
              /*)*/
              /*),*/
              /*a!richTextDisplayField(*/
              /*label: "Qualify Lead",*/
              /*labelPosition: "JUSTIFIED",*/
              /*value: if(*/
              /*isnull(*/
              /*ri!record['recordType!{e29ff48d-88a7-4b94-b317-2a3d3f8f9e4a}SA Request.fields.{0bec8d53-0f6d-4ad9-85eb-fb13af2fb09d}qualifyLead']*/
              /*),*/
              /*"–",*/
              /*{*/
              /*a!richTextIcon(*/
              /*icon: if(*/
              /*ri!record['recordType!{e29ff48d-88a7-4b94-b317-2a3d3f8f9e4a}SA Request.fields.{0bec8d53-0f6d-4ad9-85eb-fb13af2fb09d}qualifyLead'],*/
              /*"check-circle",*/
              /*"times-circle"*/
              /*),*/
              /*color: if(*/
              /*ri!record['recordType!{e29ff48d-88a7-4b94-b317-2a3d3f8f9e4a}SA Request.fields.{0bec8d53-0f6d-4ad9-85eb-fb13af2fb09d}qualifyLead'],*/
              /*"POSITIVE",*/
              /*"NEGATIVE"*/
              /*)*/
              /*),*/
              /*if(*/
              /*ri!record['recordType!{e29ff48d-88a7-4b94-b317-2a3d3f8f9e4a}SA Request.fields.{0bec8d53-0f6d-4ad9-85eb-fb13af2fb09d}qualifyLead'],*/
              /*" Yes",*/
              /*" No"*/
              /*)*/
              /*}*/
              /*)*/
              /*),*/
              #"SYSTEM_SYSRULES_textField"(
                label: "Assigned To",
                labelPosition: "JUSTIFIED",
                value: a!defaultValue(
                  ri!record[#"urn:appian:record-field:v1:e29ff48d-88a7-4b94-b317-2a3d3f8f9e4a/34ecb62a-df27-485a-9080-07712561de57"],
                  "–"
                ),
                readOnly: true
              ),
              #"SYSTEM_SYSRULES_textField"(
                label: "Score",
                labelPosition: "JUSTIFIED",
                value: a!defaultValue(
                  ri!record[#"urn:appian:record-field:v1:e29ff48d-88a7-4b94-b317-2a3d3f8f9e4a/66ddebfc-bac9-4f5e-b984-4a850ffe1b45"],
                  "–"
                ),
                readOnly: true
              ),
              #"SYSTEM_SYSRULES_textField"(
                label: "Customer Need",
                labelPosition: "JUSTIFIED",
                value: a!defaultValue(
                  ri!record[#"urn:appian:record-field:v1:e29ff48d-88a7-4b94-b317-2a3d3f8f9e4a/9503c12f-5408-4d44-8d15-f6f1530b81d9"],
                  "–"
                ),
                readOnly: true
              ),
              /*a!richTextDisplayField(*/
              /*label: "Created On",*/
              /*labelPosition: "JUSTIFIED",*/
              /*value: if(*/
              /*isnull(*/
              /*ri!record['recordType!{e29ff48d-88a7-4b94-b317-2a3d3f8f9e4a}SA Request.fields.{efd67d88-f072-41c9-b384-24367a488e35}createdOn']*/
              /*),*/
              /*"–",*/
              /*{*/
              /*a!richTextIcon(icon: "calendar-o", color: "SECONDARY"),*/
              /*" ",*/
              /*a!richTextItem(*/
              /*text: text(*/
              /*ri!record['recordType!{e29ff48d-88a7-4b94-b317-2a3d3f8f9e4a}SA Request.fields.{efd67d88-f072-41c9-b384-24367a488e35}createdOn'],*/
              /*"mmmm d, yyyy h:mm AM/PM"*/
              /*)*/
              /*)*/
              /*}*/
              /*)*/
              /*),*/
              /*a!richTextDisplayField(*/
              /*label: "Modified On",*/
              /*labelPosition: "JUSTIFIED",*/
              /*value: if(*/
              /*isnull(*/
              /*ri!record['recordType!{e29ff48d-88a7-4b94-b317-2a3d3f8f9e4a}SA Request.fields.{c2c75b11-0264-4216-8d21-a1679409b341}modifiedOn']*/
              /*),*/
              /*"–",*/
              /*{*/
              /*a!richTextIcon(icon: "calendar-o", color: "SECONDARY"),*/
              /*" ",*/
              /*a!richTextItem(*/
              /*text: text(*/
              /*ri!record['recordType!{e29ff48d-88a7-4b94-b317-2a3d3f8f9e4a}SA Request.fields.{c2c75b11-0264-4216-8d21-a1679409b341}modifiedOn'],*/
              /*"mmmm d, yyyy h:mm AM/PM"*/
              /*)*/
              /*)*/
              /*}*/
              /*)*/
              /*)*/
              
            }
          )
        }
      )
    },
    labelSize: "MEDIUM",
    labelColor: "STANDARD",
    labelHeadingTag: "H2",
    divider: "NONE",
    marginAbove: "NONE",
    marginBelow: "STANDARD"
  )
}</definition>
        <namedTypedValue>
            <name>record</name>
            <type>
                <name>e29ff48d-88a7-4b94-b317-2a3d3f8f9e4a</name>
                <namespace>urn:com:appian:recordtype:datatype</namespace>
            </type>
        </namedTypedValue>
        <preferredEditor>interface</preferredEditor>
        <offlineEnabled>false</offlineEnabled>
        <isCustom>false</isCustom>
    </interface>
    <roleMap public="true">
        <role inherit="true" allowForAll="false" name="readers">
            <users/>
            <groups/>
        </role>
        <role inherit="true" allowForAll="false" name="authors">
            <users/>
            <groups/>
        </role>
        <role inherit="true" allowForAll="false" name="administrators">
            <users/>
            <groups/>
        </role>
        <role inherit="false" allowForAll="false" name="denyReaders">
            <users/>
            <groups/>
        </role>
        <role inherit="false" allowForAll="false" name="denyAuthors">
            <users/>
            <groups/>
        </role>
        <role inherit="false" allowForAll="false" name="denyAdministrators">
            <users/>
            <groups/>
        </role>
    </roleMap>
    <typedValue>
        <type>
            <name>RuleTestConfig?list</name>
            <namespace>http://www.appian.com/ae/types/2009</namespace>
        </type>
        <value>
            <el>
                <a:name/>
                <a:ruleInputTestConfigs>
                    <a:value xmlns:xsi="http://www.w3.org/2001/XMLSchema-instance" xsi:type="a:Expression">#"SYSTEM_SYSRULES_queryRecordType_v1"(
  recordType: #"urn:appian:record-type:v1:e29ff48d-88a7-4b94-b317-2a3d3f8f9e4a",
  fields: {},
  pagingInfo: #"SYSTEM_SYSRULES_pagingInfo"(
    startIndex: 1,
    batchSize: 1
  )
).data</a:value>
                    <a:nameRef>record</a:nameRef>
                    <a:id>1</a:id>
                </a:ruleInputTestConfigs>
                <a:assertions xmlns:xsi="http://www.w3.org/2001/XMLSchema-instance" xsi:nil="true"/>
            </el>
        </value>
    </typedValue>
    <history>
        <historyInfo versionUuid="be2d400f-ef43-430e-8a39-fb660871dc0e"/>
        <historyInfo versionUuid="_a-0000ec34-17d1-8000-9ca8-011c48011c48_275018"/>
    </history>
</contentHaul>
