<?xml version="1.0" encoding="UTF-8" standalone="yes"?>
<contentHaul xmlns:a="http://www.appian.com/ae/types/2009">
    <versionUuid>_a-0000ec4e-764a-8000-9cac-011c48011c48_291173</versionUuid>
    <interface>
        <name>SA_CreateActivity</name>
        <uuid>d90d4a6e-71d2-4099-a090-283cd7765077</uuid>
        <description>Form interface for creating new Activities as an action</description>
        <parentUuid>29340692-c7e4-416d-b9f2-435df57cdc04</parentUuid>
        <visibility>
            <advertise>false</advertise>
            <hierarchy>true</hierarchy>
            <indexable>true</indexable>
            <quota>false</quota>
            <searchable>true</searchable>
            <system>false</system>
            <unlogged>false</unlogged>
        </visibility>
        <definition>#"SYSTEM_SYSRULES_sectionLayout_v1"(
  label: "",
  contents: {
    #"SYSTEM_SYSRULES_sectionLayout_v1"(
      label: "Activity Form",
      labelIcon: "pager",
      labelColor: "#008080",
      contents: {
        #"SYSTEM_SYSRULES_cardLayout"(
          contents: {
            #"SYSTEM_SYSRULES_columnsLayout"(
              columns: {
                #"SYSTEM_SYSRULES_columnLayout"(
                  contents: {
                    #"SYSTEM_SYSRULES_textField"(
                      label: "Subject",
                      labelPosition: "ABOVE",
                      value: ri!record[#"urn:appian:record-field:v1:3390fdfd-354c-4c45-8f06-a0e63d262086/8ed07354-ecb4-4fe3-a0d0-4373cb0ed6a1"],
                      saveInto: ri!record[#"urn:appian:record-field:v1:3390fdfd-354c-4c45-8f06-a0e63d262086/8ed07354-ecb4-4fe3-a0d0-4373cb0ed6a1"],
                      characterLimit: 255,
                      required: false
                    ),
                    #"SYSTEM_SYSRULES_textField"(
                      label: "Communication Type",
                      labelPosition: "ABOVE",
                      value: ri!record[#"urn:appian:record-field:v1:3390fdfd-354c-4c45-8f06-a0e63d262086/f7b2cd32-8dba-456d-a6a9-ce6407a63096"],
                      saveInto: ri!record[#"urn:appian:record-field:v1:3390fdfd-354c-4c45-8f06-a0e63d262086/f7b2cd32-8dba-456d-a6a9-ce6407a63096"],
                      characterLimit: 255,
                      required: false
                    ),
                    #"SYSTEM_SYSRULES_paragraphField"(
                      label: "Interaction Outcome",
                      labelPosition: "ABOVE",
                      value: ri!record[#"urn:appian:record-field:v1:3390fdfd-354c-4c45-8f06-a0e63d262086/a4d8e977-66d0-439d-926a-871b068228f3"],
                      saveInto: ri!record[#"urn:appian:record-field:v1:3390fdfd-354c-4c45-8f06-a0e63d262086/a4d8e977-66d0-439d-926a-871b068228f3"],
                      characterLimit: 4000,
                      height: "TALL",
                      required: false
                    ),
                    #"SYSTEM_SYSRULES_dateTimeField"(
                      label: "Appointment",
                      labelPosition: "ABOVE",
                      value: ri!record[#"urn:appian:record-field:v1:3390fdfd-354c-4c45-8f06-a0e63d262086/5aaaa892-ecc0-4cc2-843c-2c8013027006"],
                      saveInto: ri!record[#"urn:appian:record-field:v1:3390fdfd-354c-4c45-8f06-a0e63d262086/5aaaa892-ecc0-4cc2-843c-2c8013027006"],
                      required: false
                    ),
                    #"SYSTEM_SYSRULES_ButtonLayout"(
                      primaryButtons: {
                        #"SYSTEM_SYSRULES_buttonWidget_v1"(
                          label: "Create",
                          saveInto: {
                            a!save(
                              target: ri!record[#"urn:appian:record-field:v1:3390fdfd-354c-4c45-8f06-a0e63d262086/395a4141-5873-4c19-8fab-9f606248388b"],
                              value: now()
                            ),
                            a!save(
                              target: ri!record[#"urn:appian:record-field:v1:3390fdfd-354c-4c45-8f06-a0e63d262086/12f66364-1330-40b6-8b42-09142196a5ac"],
                              value: loggedInUser()
                            ),
                            /*a!save(*/
                              /*target: ri!requestRecord['recordType!{e29ff48d-88a7-4b94-b317-2a3d3f8f9e4a}SA Request.fields.{66ddebfc-bac9-4f5e-b984-4a850ffe1b45}score'],*/
                              /*value: ri!requestRecord['recordType!{e29ff48d-88a7-4b94-b317-2a3d3f8f9e4a}SA Request.fields.{66ddebfc-bac9-4f5e-b984-4a850ffe1b45}score'] + 5*/
                            /*)*/
                          },
                          submit: true,
                          style: "SOLID",
                          color: "#008080",
                          validate: true
                        )
                      },
                      secondaryButtons: {
                        #"SYSTEM_SYSRULES_buttonWidget_v1"(
                          label: "Cancel",
                          value: true,
                          saveInto: ri!cancel,
                          submit: true,
                          style: "OUTLINE",
                          color: "#008080",
                          validate: false
                        )
                      }
                    )
                  }
                ),
                #"SYSTEM_SYSRULES_columnLayout"(
                  contents: {
                    #"SYSTEM_SYSRULES_cardLayout"(
                      contents: {
                        #"SYSTEM_SYSRULES_imageField_v1"(
                          label: "Image",
                          labelPosition: "COLLAPSED",
                          images: {
                            #"SYSTEM_SYSRULES_documentImage"(document: #"_a-0000ec41-475a-8000-9caa-011c48011c48_275625")
                          },
                          size: "MEDIUM_PLUS",
                          isThumbnail: false,
                          style: "STANDARD"
                        )
                      },
                      height: "AUTO",
                      shape: "ROUNDED",
                      decorativeBarPosition: "START",
                      decorativeBarColor: "#008080"
                    )
                  },
                  width: "MEDIUM_PLUS"
                )
              }
            )
          },
          height: "AUTO",
          style: "TRANSPARENT",
          shape: "ROUNDED",
          marginBelow: "STANDARD",
          decorativeBarPosition: "START",
          decorativeBarColor: "#008080"
        )
      }
    )
  }
)</definition>
        <namedTypedValue>
            <name>record</name>
            <type>
                <name>3390fdfd-354c-4c45-8f06-a0e63d262086</name>
                <namespace>urn:com:appian:recordtype:datatype</namespace>
            </type>
        </namedTypedValue>
        <namedTypedValue>
            <name>cancel</name>
            <type>
                <name>boolean</name>
                <namespace>http://www.w3.org/2001/XMLSchema</namespace>
            </type>
        </namedTypedValue>
        <namedTypedValue>
            <name>requestRecord</name>
            <type>
                <name>e29ff48d-88a7-4b94-b317-2a3d3f8f9e4a</name>
                <namespace>urn:com:appian:recordtype:datatype</namespace>
            </type>
        </namedTypedValue>
        <preferredEditor>interface</preferredEditor>
        <offlineEnabled>false</offlineEnabled>
        <isCustom>false</isCustom>
    </interface>
    <roleMap public="true">
        <role inherit="true" allowForAll="false" name="readers">
            <users/>
            <groups/>
        </role>
        <role inherit="true" allowForAll="false" name="authors">
            <users/>
            <groups/>
        </role>
        <role inherit="true" allowForAll="false" name="administrators">
            <users/>
            <groups/>
        </role>
        <role inherit="false" allowForAll="false" name="denyReaders">
            <users/>
            <groups/>
        </role>
        <role inherit="false" allowForAll="false" name="denyAuthors">
            <users/>
            <groups/>
        </role>
        <role inherit="false" allowForAll="false" name="denyAdministrators">
            <users/>
            <groups/>
        </role>
    </roleMap>
    <history>
        <historyInfo versionUuid="fe38938e-49dd-4ba9-9075-859fb5ac97c5"/>
        <historyInfo versionUuid="_a-0000ec4e-764a-8000-9cac-011c48011c48_291173"/>
    </history>
</contentHaul>
