<?xml version="1.0" encoding="UTF-8" standalone="yes"?>
<contentHaul xmlns:a="http://www.appian.com/ae/types/2009">
    <versionUuid>9ebba003-f215-41c5-b0db-86ea43cc11af</versionUuid>
    <interface>
        <name>SA_CreateRequest</name>
        <uuid>dea40970-c1e9-4774-a425-3445b050536e</uuid>
        <description>Form interface for creating new Requests as an action</description>
        <parentUuid>29340692-c7e4-416d-b9f2-435df57cdc04</parentUuid>
        <visibility>
            <advertise>false</advertise>
            <hierarchy>true</hierarchy>
            <indexable>true</indexable>
            <quota>false</quota>
            <searchable>true</searchable>
            <system>false</system>
            <unlogged>false</unlogged>
        </visibility>
        <definition>#"SYSTEM_SYSRULES_formLayout_v1"(
  label: "Create Request",
  contents: {
    #"SYSTEM_SYSRULES_columnsLayout"(
      columns: {
        #"SYSTEM_SYSRULES_columnLayout"(
          contents: {
            #"SYSTEM_SYSRULES_pickerFieldRecords_v2"(
              label: "Sa Customer",
              labelPosition: "ABOVE",
              placeholder: "Select a Sa Customer",
              maxSelections: 1,
              recordType: #"urn:appian:record-type:v1:826d8fe7-5a45-4699-b6f9-3c87219188b1",
              value: ri!record[#"urn:appian:record-field:v1:e29ff48d-88a7-4b94-b317-2a3d3f8f9e4a/a39f236d-99cd-4494-8f9e-70f6e494107d"],
              saveInto: ri!record[#"urn:appian:record-field:v1:e29ff48d-88a7-4b94-b317-2a3d3f8f9e4a/a39f236d-99cd-4494-8f9e-70f6e494107d"]
            ),
            #"SYSTEM_SYSRULES_integerField"(
              label: "Budget",
              labelPosition: "ABOVE",
              required: false,
              value: ri!record[#"urn:appian:record-field:v1:e29ff48d-88a7-4b94-b317-2a3d3f8f9e4a/3ac99b4f-ac7f-457d-a324-fdf312b35300"],
              saveInto: ri!record[#"urn:appian:record-field:v1:e29ff48d-88a7-4b94-b317-2a3d3f8f9e4a/3ac99b4f-ac7f-457d-a324-fdf312b35300"]
            ),
            #"SYSTEM_SYSRULES_textField"(
              label: "User Comments",
              labelPosition: "ABOVE",
              required: false,
              value: ri!record[#"urn:appian:record-field:v1:e29ff48d-88a7-4b94-b317-2a3d3f8f9e4a/5407d62d-7e8b-4c11-9c4b-86c8a58ca007"],
              saveInto: ri!record[#"urn:appian:record-field:v1:e29ff48d-88a7-4b94-b317-2a3d3f8f9e4a/5407d62d-7e8b-4c11-9c4b-86c8a58ca007"],
              characterLimit: 4000
            ),
            #"SYSTEM_SYSRULES_textField"(
              label: "Status",
              labelPosition: "ABOVE",
              required: false,
              value: ri!record[#"urn:appian:record-field:v1:e29ff48d-88a7-4b94-b317-2a3d3f8f9e4a/5d896fc6-4490-43da-b4f4-eb306a6e3cb4"],
              saveInto: ri!record[#"urn:appian:record-field:v1:e29ff48d-88a7-4b94-b317-2a3d3f8f9e4a/5d896fc6-4490-43da-b4f4-eb306a6e3cb4"],
              characterLimit: 255
            ),
            #"SYSTEM_SYSRULES_textField"(
              label: "Source Type",
              labelPosition: "ABOVE",
              required: false,
              value: ri!record[#"urn:appian:record-field:v1:e29ff48d-88a7-4b94-b317-2a3d3f8f9e4a/cc07505a-baa5-43c8-b720-f12413639fce"],
              saveInto: ri!record[#"urn:appian:record-field:v1:e29ff48d-88a7-4b94-b317-2a3d3f8f9e4a/cc07505a-baa5-43c8-b720-f12413639fce"],
              characterLimit: 255
            ),
            #"SYSTEM_SYSRULES_textField"(
              label: "Created By",
              labelPosition: "ABOVE",
              required: false,
              value: ri!record[#"urn:appian:record-field:v1:e29ff48d-88a7-4b94-b317-2a3d3f8f9e4a/a19f4a1d-5dba-48cd-862c-ca336c136186"],
              saveInto: ri!record[#"urn:appian:record-field:v1:e29ff48d-88a7-4b94-b317-2a3d3f8f9e4a/a19f4a1d-5dba-48cd-862c-ca336c136186"],
              characterLimit: 255
            ),
            #"SYSTEM_SYSRULES_checkboxField"(
              labelPosition: "COLLAPSED",
              required: false,
              choiceLabels: {
                "Is Active"
              },
              choiceValues: {
                true
              },
              value: if(
                ri!record[#"urn:appian:record-field:v1:e29ff48d-88a7-4b94-b317-2a3d3f8f9e4a/49786708-6ce1-44c5-a1ce-e537d808cead"],
                true,
                null
              ),
              saveInto: a!save(
                ri!record[#"urn:appian:record-field:v1:e29ff48d-88a7-4b94-b317-2a3d3f8f9e4a/49786708-6ce1-44c5-a1ce-e537d808cead"],
                if(
                  isnull(
                    save!value
                  ),
                  false,
                  true
                )
              )
            )
          }
        ),
        #"SYSTEM_SYSRULES_columnLayout"(
          contents: {
            #"SYSTEM_SYSRULES_textField"(
              label: "Customer Need",
              labelPosition: "ABOVE",
              required: false,
              value: ri!record[#"urn:appian:record-field:v1:e29ff48d-88a7-4b94-b317-2a3d3f8f9e4a/9503c12f-5408-4d44-8d15-f6f1530b81d9"],
              saveInto: ri!record[#"urn:appian:record-field:v1:e29ff48d-88a7-4b94-b317-2a3d3f8f9e4a/9503c12f-5408-4d44-8d15-f6f1530b81d9"],
              characterLimit: 4000
            ),
            #"SYSTEM_SYSRULES_dateField"(
              label: "Timeline",
              labelPosition: "ABOVE",
              required: false,
              value: ri!record[#"urn:appian:record-field:v1:e29ff48d-88a7-4b94-b317-2a3d3f8f9e4a/4faed056-b251-44ee-a8ad-b7ec36e911dd"],
              saveInto: ri!record[#"urn:appian:record-field:v1:e29ff48d-88a7-4b94-b317-2a3d3f8f9e4a/4faed056-b251-44ee-a8ad-b7ec36e911dd"]
            ),
            #"SYSTEM_SYSRULES_checkboxField"(
              labelPosition: "COLLAPSED",
              required: false,
              choiceLabels: {
                "Qualify Lead"
              },
              choiceValues: {
                true
              },
              value: if(
                ri!record[#"urn:appian:record-field:v1:e29ff48d-88a7-4b94-b317-2a3d3f8f9e4a/0bec8d53-0f6d-4ad9-85eb-fb13af2fb09d"],
                true,
                null
              ),
              saveInto: a!save(
                ri!record[#"urn:appian:record-field:v1:e29ff48d-88a7-4b94-b317-2a3d3f8f9e4a/0bec8d53-0f6d-4ad9-85eb-fb13af2fb09d"],
                if(
                  isnull(
                    save!value
                  ),
                  false,
                  true
                )
              )
            ),
            #"SYSTEM_SYSRULES_textField"(
              label: "Assigned To",
              labelPosition: "ABOVE",
              required: false,
              value: ri!record[#"urn:appian:record-field:v1:e29ff48d-88a7-4b94-b317-2a3d3f8f9e4a/34ecb62a-df27-485a-9080-07712561de57"],
              saveInto: ri!record[#"urn:appian:record-field:v1:e29ff48d-88a7-4b94-b317-2a3d3f8f9e4a/34ecb62a-df27-485a-9080-07712561de57"],
              characterLimit: 255
            ),
            #"SYSTEM_SYSRULES_integerField"(
              label: "Score",
              labelPosition: "ABOVE",
              required: false,
              value: ri!record[#"urn:appian:record-field:v1:e29ff48d-88a7-4b94-b317-2a3d3f8f9e4a/66ddebfc-bac9-4f5e-b984-4a850ffe1b45"],
              saveInto: ri!record[#"urn:appian:record-field:v1:e29ff48d-88a7-4b94-b317-2a3d3f8f9e4a/66ddebfc-bac9-4f5e-b984-4a850ffe1b45"]
            ),
            #"SYSTEM_SYSRULES_textField"(
              label: "Modified By",
              labelPosition: "ABOVE",
              required: false,
              value: ri!record[#"urn:appian:record-field:v1:e29ff48d-88a7-4b94-b317-2a3d3f8f9e4a/d3f0a4ea-875f-4ab8-ae2c-018c14e8a61e"],
              saveInto: ri!record[#"urn:appian:record-field:v1:e29ff48d-88a7-4b94-b317-2a3d3f8f9e4a/d3f0a4ea-875f-4ab8-ae2c-018c14e8a61e"],
              characterLimit: 255
            )
          }
        )
      }
    )
  },
  buttons: #"SYSTEM_SYSRULES_ButtonLayout"(
    primaryButtons: {
      #"SYSTEM_SYSRULES_buttonWidget_v1"(
        label: "Create",
        submit: true,
        validate: true,
        saveInto: {
          a!save(
            target: ri!record[#"urn:appian:record-field:v1:e29ff48d-88a7-4b94-b317-2a3d3f8f9e4a/efd67d88-f072-41c9-b384-24367a488e35"],
            value: now()
          )
        },
        style: "SOLID"
      )
    },
    secondaryButtons: {
      #"SYSTEM_SYSRULES_buttonWidget_v1"(
        label: "Cancel",
        value: true,
        saveInto: ri!cancel,
        submit: true,
        style: "OUTLINE",
        validate: false
      )
    }
  )
)</definition>
        <namedTypedValue>
            <name>record</name>
            <type>
                <name>e29ff48d-88a7-4b94-b317-2a3d3f8f9e4a</name>
                <namespace>urn:com:appian:recordtype:datatype</namespace>
            </type>
        </namedTypedValue>
        <namedTypedValue>
            <name>cancel</name>
            <type>
                <name>boolean</name>
                <namespace>http://www.w3.org/2001/XMLSchema</namespace>
            </type>
        </namedTypedValue>
        <preferredEditor>interface</preferredEditor>
        <offlineEnabled>false</offlineEnabled>
        <isCustom>false</isCustom>
    </interface>
    <roleMap public="true">
        <role inherit="true" allowForAll="false" name="readers">
            <users/>
            <groups/>
        </role>
        <role inherit="true" allowForAll="false" name="authors">
            <users/>
            <groups/>
        </role>
        <role inherit="true" allowForAll="false" name="administrators">
            <users/>
            <groups/>
        </role>
        <role inherit="false" allowForAll="false" name="denyReaders">
            <users/>
            <groups/>
        </role>
        <role inherit="false" allowForAll="false" name="denyAuthors">
            <users/>
            <groups/>
        </role>
        <role inherit="false" allowForAll="false" name="denyAdministrators">
            <users/>
            <groups/>
        </role>
    </roleMap>
    <history>
        <historyInfo versionUuid="9ebba003-f215-41c5-b0db-86ea43cc11af"/>
    </history>
</contentHaul>
