<?xml version="1.0" encoding="UTF-8" standalone="yes"?>
<contentHaul xmlns:a="http://www.appian.com/ae/types/2009">
    <versionUuid>_a-0000ec41-475a-8000-9caa-011c48011c48_275816</versionUuid>
    <interface>
        <name>SA_CreateTaskDetails</name>
        <uuid>e3207121-7908-4d3d-8957-46c42b5e4273</uuid>
        <description>Form interface for creating new Task Detailses as an action</description>
        <parentUuid>29340692-c7e4-416d-b9f2-435df57cdc04</parentUuid>
        <visibility>
            <advertise>false</advertise>
            <hierarchy>true</hierarchy>
            <indexable>true</indexable>
            <quota>false</quota>
            <searchable>true</searchable>
            <system>false</system>
            <unlogged>false</unlogged>
        </visibility>
        <definition>#"SYSTEM_SYSRULES_sectionLayout_v1"(
  label: "",
  contents: {
    #"SYSTEM_SYSRULES_sectionLayout_v1"(
      label: "Fill in Task Details",
      labelIcon: "pager",
      labelColor: "#008080",
      contents: {
        #"SYSTEM_SYSRULES_cardLayout"(
          contents: {
            #"SYSTEM_SYSRULES_columnsLayout"(
              columns: {
                #"SYSTEM_SYSRULES_columnLayout"(
                  contents: {
                    /*a!integerField(*/
                    /*label: "Activity Id",*/
                    /*labelPosition: "ABOVE",*/
                    /*required: true,*/
                    /*value: ri!record['recordType!{3390fdfd-354c-4c45-8f06-a0e63d262086}SA Activity.fields.{5ac92a98-f9a0-481a-b594-29961fc15398}activityId'],*/
                    /*saveInto: ri!record['recordType!{3390fdfd-354c-4c45-8f06-a0e63d262086}SA Activity.fields.{5ac92a98-f9a0-481a-b594-29961fc15398}activityId']*/
                    /*),*/
                    #"SYSTEM_SYSRULES_textField"(
                      label: "Title",
                      labelPosition: "ABOVE",
                      value: ri!record[#"urn:appian:record-field:v1:b759976b-2457-4ac2-8fa2-c68e6a797d71/ac0a22f5-4ed1-4269-be63-939a1281f594"],
                      saveInto: ri!record[#"urn:appian:record-field:v1:b759976b-2457-4ac2-8fa2-c68e6a797d71/ac0a22f5-4ed1-4269-be63-939a1281f594"],
                      characterLimit: 255,
                      required: false
                    ),
                    #"SYSTEM_SYSRULES_textField"(
                      label: "Description",
                      labelPosition: "ABOVE",
                      value: ri!record[#"urn:appian:record-field:v1:b759976b-2457-4ac2-8fa2-c68e6a797d71/15770a0f-462d-468d-86bd-26d5ba343adf"],
                      saveInto: ri!record[#"urn:appian:record-field:v1:b759976b-2457-4ac2-8fa2-c68e6a797d71/15770a0f-462d-468d-86bd-26d5ba343adf"],
                      characterLimit: 255,
                      required: false
                    ),
                     #"SYSTEM_SYSRULES_dateTimeField"(
                      label: "Due Date",
                      labelPosition: "ABOVE",
                      value: ri!record[#"urn:appian:record-field:v1:b759976b-2457-4ac2-8fa2-c68e6a797d71/4195bb8a-41c4-494a-af4b-e8ed876f94a1"],
                      saveInto: ri!record[#"urn:appian:record-field:v1:b759976b-2457-4ac2-8fa2-c68e6a797d71/4195bb8a-41c4-494a-af4b-e8ed876f94a1"],
                      required: false
                      
                    ),
                    #"SYSTEM_SYSRULES_sectionLayout_v1"(
                      label: "",
                      contents: {

                        #"SYSTEM_SYSRULES_ButtonLayout"(
                          primaryButtons: {
                            #"SYSTEM_SYSRULES_buttonWidget_v1"(
                              label: "Create",
                              saveInto: {
                                a!save(
                                  target: ri!record[#"urn:appian:record-field:v1:b759976b-2457-4ac2-8fa2-c68e6a797d71/0e74ed39-290e-4451-be81-9efe812c9126"],
                                  value: now()
                                ),
                                a!save(
                                  target: ri!record[#"urn:appian:record-field:v1:b759976b-2457-4ac2-8fa2-c68e6a797d71/c47f65c1-ac10-4684-80f1-100e3319aeb8"],
                                  value: loggedInUser()
                                )
                              },
                              submit: true,
                              style: "SOLID",
                              color: "#008080",
                              validate: true
                            )
                          },
                          secondaryButtons: {
                            #"SYSTEM_SYSRULES_buttonWidget_v1"(
                              label: "Cancel",
                              value: true,
                              saveInto: ri!cancel,
                              submit: true,
                              style: "OUTLINE",
                              color: "#008080",
                              validate: false
                            )
                          }
                        )
                      },
                      divider: "ABOVE",
                      marginAbove: "MORE"
                    )
                  }
                ),
                #"SYSTEM_SYSRULES_columnLayout"(
                  contents: {
                    #"SYSTEM_SYSRULES_cardLayout"(
                      contents: {
                        #"SYSTEM_SYSRULES_imageField_v1"(
                          label: "Image",
                          labelPosition: "COLLAPSED",
                          images: {#"SYSTEM_SYSRULES_documentImage"(
                            document: #"_a-0000ec41-475a-8000-9caa-011c48011c48_275637"
)
                          /*a!webImage(*/
                          /*source: "
https://cdn.pixabay.com/photo/2017/02/14/07/54/sale-2065116_1280.jpg"*/
                          /*)*/
                          },
                          size: "FIT",
                          isThumbnail: false,
                          style: "STANDARD"
                        )
                      },
                      height: "AUTO",
                      shape: "ROUNDED",
                      showBorder: false,
                      decorativeBarPosition: "NONE",
                      decorativeBarColor: "#008080"
                    )
                  },
                  width: "MEDIUM_PLUS"
                )
              }
            )
          },
          height: "AUTO",
          style: "TRANSPARENT",
          shape: "ROUNDED",
          marginBelow: "STANDARD",
          decorativeBarPosition: "START",
          decorativeBarColor: "#008080"
        )
      }
    )
  }
)</definition>
        <namedTypedValue>
            <name>record</name>
            <type>
                <name>b759976b-2457-4ac2-8fa2-c68e6a797d71</name>
                <namespace>urn:com:appian:recordtype:datatype</namespace>
            </type>
        </namedTypedValue>
        <namedTypedValue>
            <name>cancel</name>
            <type>
                <name>boolean</name>
                <namespace>http://www.w3.org/2001/XMLSchema</namespace>
            </type>
        </namedTypedValue>
        <preferredEditor>interface</preferredEditor>
        <offlineEnabled>false</offlineEnabled>
        <isCustom>false</isCustom>
    </interface>
    <roleMap public="true">
        <role inherit="true" allowForAll="false" name="readers">
            <users/>
            <groups/>
        </role>
        <role inherit="true" allowForAll="false" name="authors">
            <users/>
            <groups/>
        </role>
        <role inherit="true" allowForAll="false" name="administrators">
            <users/>
            <groups/>
        </role>
        <role inherit="false" allowForAll="false" name="denyReaders">
            <users/>
            <groups/>
        </role>
        <role inherit="false" allowForAll="false" name="denyAuthors">
            <users/>
            <groups/>
        </role>
        <role inherit="false" allowForAll="false" name="denyAdministrators">
            <users/>
            <groups/>
        </role>
    </roleMap>
    <history>
        <historyInfo versionUuid="79c1c631-088e-4639-bf24-e0990ebd28ab"/>
        <historyInfo versionUuid="_a-0000ec41-475a-8000-9caa-011c48011c48_275816"/>
    </history>
</contentHaul>
