<?xml version="1.0" encoding="UTF-8" standalone="yes"?>
<contentHaul xmlns:a="http://www.appian.com/ae/types/2009">
    <versionUuid>_a-0000ec4e-764a-8000-9cac-011c48011c48_290728</versionUuid>
    <interface>
        <name>SA_Reports</name>
        <uuid>f18e1e0a-0e95-461b-ba11-b3e5d06d7090</uuid>
        <description>This interface consists all reports</description>
        <parentUuid>_a-0000ebfe-97a0-8000-9ca0-011c48011c48_254323</parentUuid>
        <visibility>
            <advertise>false</advertise>
            <hierarchy>true</hierarchy>
            <indexable>true</indexable>
            <quota>false</quota>
            <searchable>true</searchable>
            <system>false</system>
            <unlogged>false</unlogged>
        </visibility>
        <definition>{
  #"SYSTEM_SYSRULES_columnsLayout"(
    columns: {
      #"SYSTEM_SYSRULES_columnLayout"(
        contents: {
          #"SYSTEM_SYSRULES_richTextDisplayField"(
            labelPosition: "COLLAPSED",
            value: {
              #"SYSTEM_SYSRULES_richTextItem_v1"(
                text: {
                  "Cases By Source Type"
                },
                color: "#008080",
                size: "MEDIUM_PLUS",
                style: {
                  "STRONG"
                }
              )
            }
          ),
          #"SYSTEM_SYSRULES_pieChartField"(
            data: #"urn:appian:record-type:v1:e29ff48d-88a7-4b94-b317-2a3d3f8f9e4a",
            config: #"SYSTEM_SYSRULES_pieChartConfig"(
              primaryGrouping: #"SYSTEM_SYSRULES_grouping"(
                field: #"urn:appian:record-field:v1:e29ff48d-88a7-4b94-b317-2a3d3f8f9e4a/cc07505a-baa5-43c8-b720-f12413639fce",
                alias: "sourceType_primaryGrouping"
              ),
              measures: {
                #"SYSTEM_SYSRULES_measure"(
                  function: "COUNT",
                  field: #"urn:appian:record-field:v1:e29ff48d-88a7-4b94-b317-2a3d3f8f9e4a/0d8ee8a8-99f4-4cf1-9d88-8b16171934da",
                  alias: "requestId_count_measure1"
                )
              },
              sort: {
                #"SYSTEM_SYSRULES_sortInfo"(
                  field: "requestId_count_measure1",
                  ascending: true
                )
              },
              dataLimit: 100
            ),
            label: "",
            labelPosition: "ABOVE",
            showDataLabels: true,
            showTooltips: true,
            showAsPercentage: false,
            allowImageDownload: true,
            colorScheme: "RAINFOREST",
            style: "PIE",
            seriesLabelStyle: "ON_CHART",
            height: "MEDIUM",
            refreshAfter: "RECORD_ACTION"
          )
        }
      ),
      #"SYSTEM_SYSRULES_columnLayout"(
        contents: {
          #"SYSTEM_SYSRULES_richTextDisplayField"(
            labelPosition: "COLLAPSED",
            value: {
              #"SYSTEM_SYSRULES_richTextItem_v1"(
                text: {
                  "Cases By Territory  "
                },
                color: "#008080",
                size: "MEDIUM_PLUS",
                style: {
                  "STRONG"
                }
              )
            }
          ),
          #"SYSTEM_SYSRULES_columnChartField"(
            data: #"SYSTEM_SYSRULES_recordData"(
              recordType: #"urn:appian:record-type:v1:e29ff48d-88a7-4b94-b317-2a3d3f8f9e4a",
              
              filters: #"SYSTEM_SYSRULES_queryLogicalExpression"(
                operator: "AND",
                filters: {
                  #"SYSTEM_SYSRULES_queryFilter"(
                    field: #"urn:appian:record-field:v1:e29ff48d-88a7-4b94-b317-2a3d3f8f9e4a/49786708-6ce1-44c5-a1ce-e537d808cead",
                    operator: "=",
                    value: true
                  ),
                  #"SYSTEM_SYSRULES_queryFilter"(
                    field: #"urn:appian:record-field:v1:e29ff48d-88a7-4b94-b317-2a3d3f8f9e4a/9498e43f-67fb-4d47-ad24-2aa794e5ee19/b09331a5-2365-4b62-ba44-d3e51093c3c2",
                    operator: "not null"
                  )
                  
                },
                ignoreFiltersWithEmptyValues: true
              )
            ),
            config: #"SYSTEM_SYSRULES_columnChartConfig"(
              primaryGrouping: #"SYSTEM_SYSRULES_grouping"(
                field: #"urn:appian:record-field:v1:e29ff48d-88a7-4b94-b317-2a3d3f8f9e4a/9498e43f-67fb-4d47-ad24-2aa794e5ee19/b09331a5-2365-4b62-ba44-d3e51093c3c2",
                alias: "address_primaryGrouping"
              ),
              measures: {
                #"SYSTEM_SYSRULES_measure"(
                  function: "COUNT",
                  field: #"urn:appian:record-field:v1:e29ff48d-88a7-4b94-b317-2a3d3f8f9e4a/49786708-6ce1-44c5-a1ce-e537d808cead",
                  alias: "isActive_count_measure1"
                )
              },
              sort: {
                #"SYSTEM_SYSRULES_sortInfo"(
                  field: "isActive_count_measure1",
                  ascending: true
                )
              },
              dataLimit: 5000
            ),
            label: "",
            stacking: "NONE",
            showLegend: true,
            showTooltips: true,
            labelPosition: "ABOVE",
            allowImageDownload: true,
            colorScheme: "RAINFOREST",
            height: "MEDIUM",
            xAxisStyle: "STANDARD",
            yAxisStyle: "STANDARD",
            refreshAfter: "RECORD_ACTION"
          )
        }
      ),
      #"SYSTEM_SYSRULES_columnLayout"(
        contents: {
          #"SYSTEM_SYSRULES_richTextDisplayField"(
            labelPosition: "COLLAPSED",
            value: {
              #"SYSTEM_SYSRULES_richTextItem_v1"(
                text: {
                  "Cases By Status"
                },
                color: "#008080",
                size: "MEDIUM_PLUS",
                style: {
                  "STRONG"
                }
              )
            }
          ),
          #"SYSTEM_SYSRULES_pieChartField"(
            data: #"urn:appian:record-type:v1:e29ff48d-88a7-4b94-b317-2a3d3f8f9e4a",
            config: #"SYSTEM_SYSRULES_pieChartConfig"(
              primaryGrouping: #"SYSTEM_SYSRULES_grouping"(
                field: #"urn:appian:record-field:v1:e29ff48d-88a7-4b94-b317-2a3d3f8f9e4a/5d896fc6-4490-43da-b4f4-eb306a6e3cb4",
                alias: "status_primaryGrouping"
              ),
              measures: {
                #"SYSTEM_SYSRULES_measure"(
                  function: "COUNT",
                  field: #"urn:appian:record-field:v1:e29ff48d-88a7-4b94-b317-2a3d3f8f9e4a/0d8ee8a8-99f4-4cf1-9d88-8b16171934da",
                  alias: "requestId_count_measure1"
                )
              },
              dataLimit: 100
            ),
            label: "",
            labelPosition: "ABOVE",
            showDataLabels: true,
            showTooltips: true,
            allowImageDownload: true,
            colorScheme: "RAINFOREST",
            style: "DONUT",
            seriesLabelStyle: "ON_CHART",
            height: "MEDIUM",
            refreshAfter: "RECORD_ACTION"
          )
        }
      )
    }
  ),
  #"SYSTEM_SYSRULES_columnsLayout"(
    columns: {
      #"SYSTEM_SYSRULES_columnLayout"(
        contents: {}
      ),
      #"SYSTEM_SYSRULES_columnLayout"(
        contents: {}
      )
    }
  )
}</definition>
        <preferredEditor>interface</preferredEditor>
        <offlineEnabled>false</offlineEnabled>
        <isCustom>false</isCustom>
    </interface>
    <roleMap public="true">
        <role inherit="true" allowForAll="false" name="readers">
            <users/>
            <groups/>
        </role>
        <role inherit="true" allowForAll="false" name="authors">
            <users/>
            <groups/>
        </role>
        <role inherit="true" allowForAll="false" name="administrators">
            <users/>
            <groups/>
        </role>
        <role inherit="false" allowForAll="false" name="denyReaders">
            <users/>
            <groups/>
        </role>
        <role inherit="false" allowForAll="false" name="denyAuthors">
            <users/>
            <groups/>
        </role>
        <role inherit="false" allowForAll="false" name="denyAdministrators">
            <users/>
            <groups/>
        </role>
    </roleMap>
    <history>
        <historyInfo versionUuid="_a-0000ec4e-764a-8000-9cac-011c48011c48_290728"/>
    </history>
</contentHaul>
