<?xml version="1.0" encoding="UTF-8" standalone="yes"?>
<contentHaul xmlns:a="http://www.appian.com/ae/types/2009">
    <versionUuid>_a-0000ec41-475a-8000-9caa-011c48011c48_275317</versionUuid>
    <interface>
        <name>SA_ActivitySummary</name>
        <uuid>ffaa4c8d-1092-4e98-929e-f3384e5c3520</uuid>
        <description>The interface used for your record view</description>
        <parentUuid>29340692-c7e4-416d-b9f2-435df57cdc04</parentUuid>
        <visibility>
            <advertise>false</advertise>
            <hierarchy>true</hierarchy>
            <indexable>true</indexable>
            <quota>false</quota>
            <searchable>true</searchable>
            <system>false</system>
            <unlogged>false</unlogged>
        </visibility>
        <definition>{
  #"SYSTEM_SYSRULES_columnsLayout"(
    columns: {
      #"SYSTEM_SYSRULES_columnLayout"(
        contents: {
          #"SYSTEM_SYSRULES_sectionLayout_v1"(
            label: "Activity",
            contents: {
              #"SYSTEM_SYSRULES_columnsLayout"(
                columns: {
                  #"SYSTEM_SYSRULES_columnLayout"(
                    contents: {
                      #"SYSTEM_SYSRULES_textField"(
                        label: "Customer",
                        labelPosition: "JUSTIFIED",
                        value: a!defaultValue(
                          if(
                            isnull(
                              ri!record[#"urn:appian:record-field:v1:3390fdfd-354c-4c45-8f06-a0e63d262086/a1d7fb81-1fd3-40ed-872b-b8a50028c234"]
                            ),
                            "–",
                            index(
                              #"SYSTEM_SYSRULES_queryRecordType_v1"(
                                recordType: #"urn:appian:record-type:v1:826d8fe7-5a45-4699-b6f9-3c87219188b1",
                                fields: #"urn:appian:record-field:v1:826d8fe7-5a45-4699-b6f9-3c87219188b1/433c15ec-ae2a-4124-8cca-dca38ffb8874",
                                pagingInfo: #"SYSTEM_SYSRULES_pagingInfo"(startIndex: 1, batchSize: 1),
                                filters: #"SYSTEM_SYSRULES_queryFilter"(
                                  field: #"urn:appian:record-field:v1:826d8fe7-5a45-4699-b6f9-3c87219188b1/1a9e0b17-7436-44e6-a796-b29627a62548",
                                  operator: "=",
                                  value: ri!record[#"urn:appian:record-field:v1:3390fdfd-354c-4c45-8f06-a0e63d262086/a1d7fb81-1fd3-40ed-872b-b8a50028c234"]
                                )
                              ).data,
                              1,
                              #"urn:appian:record-field:v1:826d8fe7-5a45-4699-b6f9-3c87219188b1/433c15ec-ae2a-4124-8cca-dca38ffb8874",
                              null
                            )
                          ),
                          "–"
                        ),
                        readOnly: true
                      ),
                      #"SYSTEM_SYSRULES_textField"(
                        label: "Interaction Outcome",
                        labelPosition: "JUSTIFIED",
                        value: a!defaultValue(
                          ri!record[#"urn:appian:record-field:v1:3390fdfd-354c-4c45-8f06-a0e63d262086/a4d8e977-66d0-439d-926a-871b068228f3"],
                          "–"
                        ),
                        readOnly: true
                      ),
                      #"SYSTEM_SYSRULES_richTextDisplayField"(
                        label: "Appointment",
                        labelPosition: "JUSTIFIED",
                        value: if(
                          isnull(
                            ri!record[#"urn:appian:record-field:v1:3390fdfd-354c-4c45-8f06-a0e63d262086/5aaaa892-ecc0-4cc2-843c-2c8013027006"]
                          ),
                          "–",
                          {
                            #"SYSTEM_SYSRULES_richTextIcon"(
                              icon: "calendar-o",
                              color: "SECONDARY"
                            ),
                            " ",
                            #"SYSTEM_SYSRULES_richTextItem_v1"(
                              text: text(
                                ri!record[#"urn:appian:record-field:v1:3390fdfd-354c-4c45-8f06-a0e63d262086/5aaaa892-ecc0-4cc2-843c-2c8013027006"],
                                "mmmm d, yyyy h:mm AM/PM"
                              )
                            )
                          }
                        )
                      ),
                      #"SYSTEM_SYSRULES_textField"(
                        label: "Created By",
                        labelPosition: "JUSTIFIED",
                        value: a!defaultValue(
                          ri!record[#"urn:appian:record-field:v1:3390fdfd-354c-4c45-8f06-a0e63d262086/12f66364-1330-40b6-8b42-09142196a5ac"],
                          "–"
                        ),
                        readOnly: true
                      ),
                      #"SYSTEM_SYSRULES_textField"(
                        label: "Modified By",
                        labelPosition: "JUSTIFIED",
                        value: a!defaultValue(
                          ri!record[#"urn:appian:record-field:v1:3390fdfd-354c-4c45-8f06-a0e63d262086/89255aaa-40d0-4e9d-8a7c-cc55d515c69e"],
                          "–"
                        ),
                        readOnly: true
                      ),
                      #"SYSTEM_SYSRULES_richTextDisplayField"(
                        label: "Is Active",
                        labelPosition: "JUSTIFIED",
                        value: if(
                          isnull(
                            ri!record[#"urn:appian:record-field:v1:3390fdfd-354c-4c45-8f06-a0e63d262086/65b5e88b-a300-4ffb-a4e9-4a1bae880e9e"]
                          ),
                          "–",
                          {
                            #"SYSTEM_SYSRULES_richTextIcon"(
                              icon: if(
                                ri!record[#"urn:appian:record-field:v1:3390fdfd-354c-4c45-8f06-a0e63d262086/65b5e88b-a300-4ffb-a4e9-4a1bae880e9e"],
                                "check-circle",
                                "times-circle"
                              ),
                              color: if(
                                ri!record[#"urn:appian:record-field:v1:3390fdfd-354c-4c45-8f06-a0e63d262086/65b5e88b-a300-4ffb-a4e9-4a1bae880e9e"],
                                "POSITIVE",
                                "NEGATIVE"
                              )
                            ),
                            if(
                              ri!record[#"urn:appian:record-field:v1:3390fdfd-354c-4c45-8f06-a0e63d262086/65b5e88b-a300-4ffb-a4e9-4a1bae880e9e"],
                              " Yes",
                              " No"
                            )
                          }
                        )
                      )
                    }
                  ),
                  #"SYSTEM_SYSRULES_columnLayout"(
                    contents: {
                      #"SYSTEM_SYSRULES_textField"(
                        label: "Subject",
                        labelPosition: "JUSTIFIED",
                        value: a!defaultValue(
                          ri!record[#"urn:appian:record-field:v1:3390fdfd-354c-4c45-8f06-a0e63d262086/8ed07354-ecb4-4fe3-a0d0-4373cb0ed6a1"],
                          "–"
                        ),
                        readOnly: true
                      ),
                      #"SYSTEM_SYSRULES_textField"(
                        label: "Communication Type",
                        labelPosition: "JUSTIFIED",
                        value: a!defaultValue(
                          ri!record[#"urn:appian:record-field:v1:3390fdfd-354c-4c45-8f06-a0e63d262086/f7b2cd32-8dba-456d-a6a9-ce6407a63096"],
                          "–"
                        ),
                        readOnly: true
                      ),
                      #"SYSTEM_SYSRULES_textField"(
                        label: "Request",
                        labelPosition: "JUSTIFIED",
                        value: a!defaultValue(
                          if(
                            isnull(
                              ri!record[#"urn:appian:record-field:v1:3390fdfd-354c-4c45-8f06-a0e63d262086/a073e862-1bf2-464c-a54d-de37377cecca"]
                            ),
                            "–",
                            index(
                              #"SYSTEM_SYSRULES_queryRecordType_v1"(
                                recordType: #"urn:appian:record-type:v1:e29ff48d-88a7-4b94-b317-2a3d3f8f9e4a",
                                fields: #"urn:appian:record-field:v1:e29ff48d-88a7-4b94-b317-2a3d3f8f9e4a/5d896fc6-4490-43da-b4f4-eb306a6e3cb4",
                                pagingInfo: #"SYSTEM_SYSRULES_pagingInfo"(startIndex: 1, batchSize: 1),
                                filters: #"SYSTEM_SYSRULES_queryFilter"(
                                  field: #"urn:appian:record-field:v1:e29ff48d-88a7-4b94-b317-2a3d3f8f9e4a/0d8ee8a8-99f4-4cf1-9d88-8b16171934da",
                                  operator: "=",
                                  value: ri!record[#"urn:appian:record-field:v1:3390fdfd-354c-4c45-8f06-a0e63d262086/a073e862-1bf2-464c-a54d-de37377cecca"]
                                )
                              ).data,
                              1,
                              #"urn:appian:record-field:v1:e29ff48d-88a7-4b94-b317-2a3d3f8f9e4a/5d896fc6-4490-43da-b4f4-eb306a6e3cb4",
                              null
                            )
                          ),
                          "–"
                        ),
                        readOnly: true
                      ),
                      #"SYSTEM_SYSRULES_richTextDisplayField"(
                        label: "Created On",
                        labelPosition: "JUSTIFIED",
                        value: if(
                          isnull(
                            ri!record[#"urn:appian:record-field:v1:3390fdfd-354c-4c45-8f06-a0e63d262086/395a4141-5873-4c19-8fab-9f606248388b"]
                          ),
                          "–",
                          {
                            #"SYSTEM_SYSRULES_richTextIcon"(
                              icon: "calendar-o",
                              color: "SECONDARY"
                            ),
                            " ",
                            #"SYSTEM_SYSRULES_richTextItem_v1"(
                              text: text(
                                ri!record[#"urn:appian:record-field:v1:3390fdfd-354c-4c45-8f06-a0e63d262086/395a4141-5873-4c19-8fab-9f606248388b"],
                                "mmmm d, yyyy h:mm AM/PM"
                              )
                            )
                          }
                        )
                      ),
                      #"SYSTEM_SYSRULES_richTextDisplayField"(
                        label: "Modified On",
                        labelPosition: "JUSTIFIED",
                        value: if(
                          isnull(
                            ri!record[#"urn:appian:record-field:v1:3390fdfd-354c-4c45-8f06-a0e63d262086/5bbc4f17-5bce-4ac4-b59c-cb219812a968"]
                          ),
                          "–",
                          {
                            #"SYSTEM_SYSRULES_richTextIcon"(
                              icon: "calendar-o",
                              color: "SECONDARY"
                            ),
                            " ",
                            #"SYSTEM_SYSRULES_richTextItem_v1"(
                              text: text(
                                ri!record[#"urn:appian:record-field:v1:3390fdfd-354c-4c45-8f06-a0e63d262086/5bbc4f17-5bce-4ac4-b59c-cb219812a968"],
                                "mmmm d, yyyy h:mm AM/PM"
                              )
                            )
                          }
                        )
                      )
                    }
                  )
                }
              )
            },
            labelSize: "MEDIUM",
            labelColor: "STANDARD",
            labelHeadingTag: "H2",
            divider: "ABOVE",
            marginAbove: "STANDARD",
            marginBelow: "MORE"
          )
        }
      ),
      #"SYSTEM_SYSRULES_columnLayout"(
        contents: {
          #"SYSTEM_SYSRULES_sectionLayout_v1"(
            label: "Event History",
            labelSize: "MEDIUM",
            labelHeadingTag: "H2",
            labelColor: "STANDARD",
            contents: {
              #"SYSTEM_SYSRULES_eventHistoryListField"(
                eventStyle: "PREVIEW_LIST",
                previewListPageSize: 10,
                displayUser: "IMAGE",
                eventData: #"SYSTEM_SYSRULES_eventData"(
                  recordType: #"urn:appian:record-type:v1:6d0ba720-6b97-4329-b058-9d3da769299d",
                  user: #"urn:appian:record-field:v1:6d0ba720-6b97-4329-b058-9d3da769299d/96f8f16f-01cb-41a4-8bc5-6a71283bdcdc",
                  timestamp: #"urn:appian:record-field:v1:6d0ba720-6b97-4329-b058-9d3da769299d/e3722f7e-7158-4c20-9794-26be24a38d46",
                  eventTypeName: fv!data[#"urn:appian:record-field:v1:6d0ba720-6b97-4329-b058-9d3da769299d/09c240b4-f368-4797-82b4-f802510de585/0f02957c-f154-4aa4-a175-0d75532a040e"],
                  filters: #"SYSTEM_SYSRULES_queryLogicalExpression"(
                    operator: "AND",
                    filters: {
                      #"SYSTEM_SYSRULES_queryFilter"(
                        field: #"urn:appian:record-field:v1:6d0ba720-6b97-4329-b058-9d3da769299d/f93ffd8e-ee59-4b8c-8fe2-713a709735fe",
                        operator: "=",
                        value: ri!record[#"urn:appian:record-field:v1:3390fdfd-354c-4c45-8f06-a0e63d262086/5ac92a98-f9a0-481a-b594-29961fc15398"]
                      )
                    },
                    ignoreFiltersWithEmptyValues: true
                  )
                )
              )
            },
            divider: "ABOVE",
            marginAbove: "STANDARD"
          )
        },
        width: "MEDIUM"
      )
    },
    spacing: "SPARSE",
    showDividers: true
  )
}</definition>
        <namedTypedValue>
            <name>record</name>
            <type>
                <name>3390fdfd-354c-4c45-8f06-a0e63d262086</name>
                <namespace>urn:com:appian:recordtype:datatype</namespace>
            </type>
        </namedTypedValue>
        <preferredEditor>interface</preferredEditor>
        <offlineEnabled>false</offlineEnabled>
        <isCustom>false</isCustom>
    </interface>
    <roleMap public="true">
        <role inherit="true" allowForAll="false" name="readers">
            <users/>
            <groups/>
        </role>
        <role inherit="true" allowForAll="false" name="authors">
            <users/>
            <groups/>
        </role>
        <role inherit="true" allowForAll="false" name="administrators">
            <users/>
            <groups/>
        </role>
        <role inherit="false" allowForAll="false" name="denyReaders">
            <users/>
            <groups/>
        </role>
        <role inherit="false" allowForAll="false" name="denyAuthors">
            <users/>
            <groups/>
        </role>
        <role inherit="false" allowForAll="false" name="denyAdministrators">
            <users/>
            <groups/>
        </role>
    </roleMap>
    <typedValue>
        <type>
            <name>RuleTestConfig?list</name>
            <namespace>http://www.appian.com/ae/types/2009</namespace>
        </type>
        <value>
            <el>
                <a:name/>
                <a:ruleInputTestConfigs>
                    <a:value xmlns:xsi="http://www.w3.org/2001/XMLSchema-instance" xsi:type="a:Expression">#"SYSTEM_SYSRULES_queryRecordType_v1"(
  recordType: #"urn:appian:record-type:v1:3390fdfd-354c-4c45-8f06-a0e63d262086",
  fields: {},
  pagingInfo: #"SYSTEM_SYSRULES_pagingInfo"(
    startIndex: 1,
    batchSize: 1
  )
).data</a:value>
                    <a:nameRef>record</a:nameRef>
                    <a:id>1</a:id>
                </a:ruleInputTestConfigs>
                <a:assertions xmlns:xsi="http://www.w3.org/2001/XMLSchema-instance" xsi:nil="true"/>
            </el>
        </value>
    </typedValue>
    <history>
        <historyInfo versionUuid="99c11c8c-3a4e-4ba8-92bf-d99170587bb6"/>
        <historyInfo versionUuid="_a-0000ec41-475a-8000-9caa-011c48011c48_275317"/>
    </history>
</contentHaul>
