<?xml version="1.0" encoding="UTF-8"?>
<siteHaul xmlns:a="http://www.appian.com/ae/types/2009" xmlns:xsi="http://www.w3.org/2001/XMLSchema-instance">
  <versionUuid>bc408801-1ab1-4627-9848-6e7181b17925</versionUuid>
  <site a:uuid="11a14ea4-399d-4268-b3ea-ad8f752ff94e" name="SA Sales Automation">
    <description>This site is for marketing executives </description>
    <urlStub>site</urlStub>
    <page a:uuid="a76d8602-24b7-45ce-9f2c-025fe72b4958">
      <staticName>Home</staticName>
      <description/>
      <urlStub>Reports</urlStub>
      <uiObject a:uuid="_a-0000ec26-e8e9-8000-9ca6-011c48011c48_262903" xsi:type="a:ContentFreeformRule"/>
      <iconId>f417</iconId>
      <visibilityExpr>#"urn:appian:function:v1:a:isusermemberofgroup?okey=a!isUserMemberOfGroup"(loggedInUser(),#"_a-0000ec26-e8e9-8000-9ca6-011c48011c48_270634")</visibilityExpr>
      <pageWidth>WIDE</pageWidth>
      <areUrlParamsEncrypted>true</areUrlParamsEncrypted>
      <autoContextUpdateEnabled>false</autoContextUpdateEnabled>
    </page>
    <page a:uuid="9e9b14c5-ac8f-4c9b-b29b-5455131431ad">
      <staticName>Executive Site</staticName>
      <description/>
      <urlStub>executive-site</urlStub>
      <uiObject a:uuid="_a-0000ec0c-8b27-8000-9ca2-011c48011c48_255944" xsi:type="a:ContentFreeformRule"/>
      <iconId>f007</iconId>
      <visibilityExpr>#"urn:appian:function:v1:a:isusermemberofgroup?okey=a!isUserMemberOfGroup"(loggedInUser(),#"_a-0000ebfe-97a0-8000-9ca0-011c48011c48_254357")
</visibilityExpr>
      <pageWidth>WIDE</pageWidth>
      <sitePageInput a:uuid="40c44a23-bcff-4bcb-9dba-b4c31d25bca6">
        <inputName>age</inputName>
        <allowQueryParameter>false</allowQueryParameter>
        <defaultValue/>
        <urlParamName>age</urlParamName>
      </sitePageInput>
      <areUrlParamsEncrypted>false</areUrlParamsEncrypted>
      <autoContextUpdateEnabled>false</autoContextUpdateEnabled>
    </page>
    <page a:uuid="8777ebe8-d477-4ed2-9c4d-31cc9dae012b">
      <staticName>Customer Site</staticName>
      <description/>
      <urlStub>customer-site</urlStub>
      <uiObject a:uuid="_a-0000ec26-e8e9-8000-9ca6-011c48011c48_262405" xsi:type="a:ContentFreeformRule"/>
      <iconId>f007</iconId>
      <visibilityExpr>#"urn:appian:function:v1:a:isusermemberofgroup?okey=a!isUserMemberOfGroup"(loggedInUser(),#"_a-0000ec19-b9d1-8000-9ca4-011c48011c48_258862")</visibilityExpr>
      <pageWidth>WIDE</pageWidth>
      <areUrlParamsEncrypted>true</areUrlParamsEncrypted>
      <autoContextUpdateEnabled>false</autoContextUpdateEnabled>
    </page>
    <page a:uuid="80722e71-41c5-4c93-a9e3-0b5e40686fc6">
      <staticName>Representatives Site</staticName>
      <description/>
      <urlStub>representatives-s-ite</urlStub>
      <uiObject a:uuid="_a-0000ec34-17d1-8000-9ca8-011c48011c48_271288" xsi:type="a:ContentFreeformRule"/>
      <iconId>f0c0</iconId>
      <visibilityExpr>#"urn:appian:function:v1:a:isusermemberofgroup?okey=a!isUserMemberOfGroup"(loggedInUser(),#"_a-0000ec34-17d1-8000-9ca8-011c48011c48_271350")</visibilityExpr>
      <pageWidth>WIDE</pageWidth>
      <areUrlParamsEncrypted>true</areUrlParamsEncrypted>
      <autoContextUpdateEnabled>false</autoContextUpdateEnabled>
    </page>
    <page a:uuid="9d1889ea-287c-4c04-b5ab-dfe68024a79c">
      <staticName>My Tasks</staticName>
      <description/>
      <urlStub>my-tasks</urlStub>
      <uiObject a:uuid="_a-0000ec34-17d1-8000-9ca8-011c48011c48_271338" xsi:type="a:ContentFreeformRule"/>
      <iconId>f501</iconId>
      <visibilityExpr>#"urn:appian:function:v1:a:isusermemberofgroup?okey=a!isUserMemberOfGroup"(loggedInUser(),#"_a-0000ec34-17d1-8000-9ca8-011c48011c48_271369")</visibilityExpr>
      <pageWidth>WIDE</pageWidth>
      <areUrlParamsEncrypted>true</areUrlParamsEncrypted>
      <autoContextUpdateEnabled>false</autoContextUpdateEnabled>
    </page>
    <visibility>268435456</visibility>
    <headerBackgroundColor>#1a1e21</headerBackgroundColor>
    <selectedTabBackgroundColor>#242a2d</selectedTabBackgroundColor>
    <faviconRef a:uuid="_a-0000ec26-e8e9-8000-9ca6-011c48011c48_264637" xsi:type="a:CollaborationDocument"/>
    <logoRef a:uuid="_a-0000ec26-e8e9-8000-9ca6-011c48011c48_264625" xsi:type="a:CollaborationDocument"/>
    <accentColor>#69afdc</accentColor>
    <showName>false</showName>
    <tempoLinkVisibility>HIDDEN</tempoLinkVisibility>
    <showRecordNews>false</showRecordNews>
    <tasksInSitesVisibility>HIDDEN</tasksInSitesVisibility>
    <buttonShape>ROUNDED</buttonShape>
    <navigationBarStyle>STYLE1</navigationBarStyle>
    <inputShape>SQUARED</inputShape>
    <isSystem>false</isSystem>
    <displayName>Sales Automation</displayName>
    <isStaticDisplayName>true</isStaticDisplayName>
    <nameExprIsEvaluable>true</nameExprIsEvaluable>
    <primaryNavLayoutType>TOPBAR</primaryNavLayoutType>
  </site>
  <roleMap>
    <role name="site_administrator">
      <users/>
      <groups>
        <groupUuid>45cbc61c-0474-4c75-8505-796d36d8e26e</groupUuid>
      </groups>
    </role>
    <role name="site_viewer">
      <users/>
      <groups>
        <groupUuid>a1a3e2a1-e856-4284-a601-8360e1515230</groupUuid>
      </groups>
    </role>
  </roleMap>
  <history>
    <historyInfo versionUuid="bc408801-1ab1-4627-9848-6e7181b17925"/>
  </history>
</siteHaul>
