<?xml version="1.0" encoding="UTF-8" standalone="yes"?>
<groupHaul xmlns:a="http://www.appian.com/ae/types/2009">
    <versionUuid>45cbc61c-0474-4c75-8505-796d36d8e26e</versionUuid>
    <group>
        <name>SA Administrators</name>
        <securityMap>SECURITYMAP_TEAM</securityMap>
        <uuid>45cbc61c-0474-4c75-8505-796d36d8e26e</uuid>
        <groupTypeUuid>SYSTEM_GROUP_TYPE_CUSTOM</groupTypeUuid>
        <description>Assigns Administrator permissions to users for objects in the application</description>
        <delegatedCreation>false</delegatedCreation>
        <memberPolicy>MEMBERPOLICY_CLOSED</memberPolicy>
        <viewingPolicy>VIEWINGPOLICY_LOW</viewingPolicy>
        <attributes/>
    </group>
    <members>
        <users/>
        <groups/>
    </members>
    <admins>
        <users/>
        <groups>
            <groupUuid>45cbc61c-0474-4c75-8505-796d36d8e26e</groupUuid>
        </groups>
    </admins>
    <ruleSet/>
    <history>
        <historyInfo versionUuid="45cbc61c-0474-4c75-8505-796d36d8e26e"/>
    </history>
</groupHaul>
