<?xml version="1.0" encoding="UTF-8" standalone="yes"?>
<groupHaul xmlns:a="http://www.appian.com/ae/types/2009">
    <versionUuid>_e-0000ebfe-9746-8000-9bec-01075c01075c_1064</versionUuid>
    <group>
        <name>SA_Leads</name>
        <securityMap>SECURITYMAP_TEAM</securityMap>
        <uuid>_e-0000ebfe-9746-8000-9bec-01075c01075c_1063</uuid>
        <groupTypeUuid>SYSTEM_GROUP_TYPE_CUSTOM</groupTypeUuid>
        <description>This group is specifically for all the leads. </description>
        <delegatedCreation>false</delegatedCreation>
        <memberPolicy>MEMBERPOLICY_CLOSED</memberPolicy>
        <viewingPolicy>VIEWINGPOLICY_HIGH</viewingPolicy>
        <attributes/>
    </group>
    <members>
        <users/>
        <groups/>
    </members>
    <admins>
        <users/>
        <groups>
            <groupUuid>45cbc61c-0474-4c75-8505-796d36d8e26e</groupUuid>
        </groups>
    </admins>
    <ruleSet/>
    <history>
        <historyInfo versionUuid="_e-0000ebfe-9746-8000-9bec-01075c01075c_1064"/>
    </history>
</groupHaul>
