<?xml version="1.0" encoding="UTF-8" standalone="yes"?>
<groupHaul xmlns:a="http://www.appian.com/ae/types/2009">
    <versionUuid>_e-0000ebfe-9746-8000-9bec-01075c01075c_1052</versionUuid>
    <group>
        <name>SA Sales Representative</name>
        <securityMap>SECURITYMAP_TEAM</securityMap>
        <uuid>_e-0000ebfe-9746-8000-9bec-01075c01075c_1051</uuid>
        <groupTypeUuid>SYSTEM_GROUP_TYPE_CUSTOM</groupTypeUuid>
        <parentUuid>a1a3e2a1-e856-4284-a601-8360e1515230</parentUuid>
        <description>This group contains all Sales Representatives</description>
        <delegatedCreation>false</delegatedCreation>
        <memberPolicy>MEMBERPOLICY_CLOSED</memberPolicy>
        <viewingPolicy>VIEWINGPOLICY_LOW</viewingPolicy>
        <attributes/>
    </group>
    <members>
        <users/>
        <groups>
            <groupUuid>_e-0000ebfe-9746-8000-9bec-01075c01075c_1057</groupUuid>
            <groupUuid>_e-0000ebfe-9746-8000-9bec-01075c01075c_1059</groupUuid>
            <groupUuid>_e-0000ebfe-9746-8000-9bec-01075c01075c_1061</groupUuid>
        </groups>
    </members>
    <admins>
        <users/>
        <groups/>
    </admins>
    <ruleSet/>
    <history>
        <historyInfo versionUuid="_e-0000ebfe-9746-8000-9bec-01075c01075c_1052"/>
    </history>
</groupHaul>
