<?xml version="1.0" encoding="UTF-8" standalone="yes"?>
<groupHaul xmlns:a="http://www.appian.com/ae/types/2009">
    <versionUuid>_e-0000ebfe-9746-8000-9bec-01075c01075c_1060</versionUuid>
    <group>
        <name>SA Portal Sales Representatives</name>
        <securityMap>SECURITYMAP_TEAM</securityMap>
        <uuid>_e-0000ebfe-9746-8000-9bec-01075c01075c_1059</uuid>
        <groupTypeUuid>SYSTEM_GROUP_TYPE_CUSTOM</groupTypeUuid>
        <parentUuid>_e-0000ebfe-9746-8000-9bec-01075c01075c_1051</parentUuid>
        <description>This group contains all of the Email Sales Representatives who will handles all the leads sourced portal. </description>
        <delegatedCreation>false</delegatedCreation>
        <memberPolicy>MEMBERPOLICY_CLOSED</memberPolicy>
        <viewingPolicy>VIEWINGPOLICY_LOW</viewingPolicy>
        <attributes/>
    </group>
    <members>
        <users/>
        <groups/>
    </members>
    <admins>
        <users/>
        <groups/>
    </admins>
    <ruleSet/>
    <history>
        <historyInfo versionUuid="_e-0000ebfe-9746-8000-9bec-01075c01075c_1060"/>
    </history>
</groupHaul>
