<?xml version="1.0" encoding="UTF-8" standalone="yes"?>
<groupHaul xmlns:a="http://www.appian.com/ae/types/2009">
    <versionUuid>_e-0000ec19-b972-8000-9bf0-01075c01075c_1068</versionUuid>
    <group>
        <name>SA Marketing Executive</name>
        <securityMap>SECURITYMAP_TEAM</securityMap>
        <uuid>_e-0000ebfe-9746-8000-9bec-01075c01075c_1048</uuid>
        <groupTypeUuid>SYSTEM_GROUP_TYPE_CUSTOM</groupTypeUuid>
        <parentUuid>a1a3e2a1-e856-4284-a601-8360e1515230</parentUuid>
        <description>This group contains all marketing executives.</description>
        <delegatedCreation>false</delegatedCreation>
        <memberPolicy>MEMBERPOLICY_CLOSED</memberPolicy>
        <viewingPolicy>VIEWINGPOLICY_LOW</viewingPolicy>
        <attributes/>
    </group>
    <members>
        <users/>
        <groups/>
    </members>
    <admins>
        <users/>
        <groups>
            <groupUuid>45cbc61c-0474-4c75-8505-796d36d8e26e</groupUuid>
        </groups>
    </admins>
    <ruleSet/>
    <history>
        <historyInfo versionUuid="_e-0000ec19-b972-8000-9bf0-01075c01075c_1068"/>
    </history>
</groupHaul>
