<?xml version="1.0" encoding="UTF-8" standalone="yes"?>
<groupHaul xmlns:a="http://www.appian.com/ae/types/2009">
    <versionUuid>a1a3e2a1-e856-4284-a601-8360e1515230</versionUuid>
    <group>
        <name>SA Users</name>
        <securityMap>SECURITYMAP_TEAM</securityMap>
        <uuid>a1a3e2a1-e856-4284-a601-8360e1515230</uuid>
        <groupTypeUuid>SYSTEM_GROUP_TYPE_CUSTOM</groupTypeUuid>
        <description>Assigns Viewer permissions to users for objects in the application</description>
        <delegatedCreation>false</delegatedCreation>
        <memberPolicy>MEMBERPOLICY_CLOSED</memberPolicy>
        <viewingPolicy>VIEWINGPOLICY_LOW</viewingPolicy>
        <attributes/>
    </group>
    <members>
        <users/>
        <groups>
            <groupUuid>45cbc61c-0474-4c75-8505-796d36d8e26e</groupUuid>
            <groupUuid>_e-0000ebfe-9746-8000-9bec-01075c01075c_1059</groupUuid>
            <groupUuid>_e-0000ec0c-8ad6-8000-9bee-01075c01075c_1065</groupUuid>
            <groupUuid>_e-0000ebfe-9746-8000-9bec-01075c01075c_1048</groupUuid>
            <groupUuid>_e-0000ebfe-9746-8000-9bec-01075c01075c_1053</groupUuid>
            <groupUuid>_e-0000ebfe-9746-8000-9bec-01075c01075c_1055</groupUuid>
            <groupUuid>_e-0000ebfe-9746-8000-9bec-01075c01075c_1051</groupUuid>
        </groups>
    </members>
    <admins>
        <users/>
        <groups>
            <groupUuid>45cbc61c-0474-4c75-8505-796d36d8e26e</groupUuid>
        </groups>
    </admins>
    <ruleSet/>
    <history>
        <historyInfo versionUuid="a1a3e2a1-e856-4284-a601-8360e1515230"/>
    </history>
</groupHaul>
