<?xml version="1.0" encoding="UTF-8" standalone="yes"?>
<taskReportHaul xmlns:a="http://www.appian.com/ae/types/2009">
    <versionUuid>76f0c8e1-a35a-4179-8f63-71f13dab94a5</versionUuid>
    <taskReport a:uuid="d1f13c6e-336c-411c-93b3-fcee25a588fb" name="interface">
        <a:description></a:description>
        <a:uiExpr>#"_a-0000ec26-e8e9-8000-9ca6-011c48011c48_262405"()</a:uiExpr>
        <a:urlStub>nhv7zw</a:urlStub>
    </taskReport>
    <roleMap/>
    <history>
        <historyInfo versionUuid="76f0c8e1-a35a-4179-8f63-71f13dab94a5"/>
    </history>
</taskReportHaul>
