<?xml version="1.0" encoding="UTF-8" standalone="yes"?>
<webApiHaul xmlns:a="http://www.appian.com/ae/types/2009">
    <versionUuid>a60f5c29-6c26-4f76-a9d4-07b07d72dc6d</versionUuid>
    <webApi a:uuid="a60f5c29-6c26-4f76-a9d4-07b07d72dc6d" name="SA Sync Changed Requests">
        <a:description>A web API used when syncing changes to the SA Request record type</a:description>
        <a:expression>#"SYSTEM_SYSRULES_syncRecords"(
  recordType: #"urn:appian:record-type:v1:e29ff48d-88a7-4b94-b317-2a3d3f8f9e4a",
  identifiers: #"SYSTEM_SYSRULES_fromJson_v1"(http!request.body).identifiers,
  /*
  * Construct an HTTP response to return to the caller
  */
  onSuccess: #"SYSTEM_SYSRULES_httpResponse_v1"(
    statusCode: 200,
    /*
    * Set an HTTP header that tells the client that the body of the response will be in JSON format
    */
    headers: {
      #"SYSTEM_SYSRULES_httpHeader"(name: "Content-Type", value: "application/json")
    },
    /*
    * In the response body, return the number of records synced
    */
    body: #"SYSTEM_SYSRULES_toJson_v1"({value: concat("Records synced from the source: ", count(fv!recordsUpdated))})
  ),
  onError: #"SYSTEM_SYSRULES_httpResponse_v1"(
    statusCode: 500,
    headers: {
      #"SYSTEM_SYSRULES_httpHeader"(name: "Content-Type", value: "application/json")
    },
    body: #"SYSTEM_SYSRULES_toJson_v1"(
      {
        error: "Update request has failed"
      }
    )
  )
)

    </a:expression>
        <a:urlAlias>lyjLfQ</a:urlAlias>
        <a:httpMethod>POST</a:httpMethod>
        <a:system>false</a:system>
        <a:requestBodyType>NONE</a:requestBodyType>
        <a:loggingEnabled>false</a:loggingEnabled>
    </webApi>
    <roleMap>
        <role name="web_api_administrator">
            <users/>
            <groups>
                <groupUuid>45cbc61c-0474-4c75-8505-796d36d8e26e</groupUuid>
            </groups>
        </role>
        <role name="web_api_viewer">
            <users/>
            <groups>
                <groupUuid>a1a3e2a1-e856-4284-a601-8360e1515230</groupUuid>
            </groups>
        </role>
    </roleMap>
    <typedValue>
        <type>
            <name>WebApiRequest?list</name>
            <namespace>http://www.appian.com/ae/types/2009</namespace>
        </type>
        <value>
            <el>
                <a:path/>
                <a:headers>
                    <a:name>Content-Type</a:name>
                    <a:value>application/json</a:value>
                </a:headers>
                <a:body>{"identifiers": []}</a:body>
            </el>
        </value>
    </typedValue>
    <history>
        <historyInfo versionUuid="a60f5c29-6c26-4f76-a9d4-07b07d72dc6d"/>
    </history>
</webApiHaul>
