<?xml version="1.0" encoding="UTF-8" standalone="yes"?>
<webApiHaul xmlns:a="http://www.appian.com/ae/types/2009">
    <versionUuid>f0180870-d1a0-4e45-a66a-91ab16bd01c8</versionUuid>
    <webApi a:uuid="fca2fc01-1f2d-4c02-bf1c-ed6ea592ee92" name="SA_webapi">
        <a:description></a:description>
        <a:expression>#"SYSTEM_SYSRULES_startProcess"(
  processModel: #"_a-0000ec26-e8e9-8000-9ca6-011c48011c48_267847",
  processParameters: #"SYSTEM_SYSRULES_fromJson_v1"(
    http!request.body
  ),
  onSuccess: #"SYSTEM_SYSRULES_httpResponse_v1"(
    statusCode: 200,
    headers: {
      #"SYSTEM_SYSRULES_httpHeader"(name: "Content-Type", value: "application/json")
    },
    body: #"SYSTEM_SYSRULES_toJson_v1"(
      fv!processInfo
    )
  ),
  onError: #"SYSTEM_SYSRULES_httpResponse_v1"(
    statusCode: 500,
    headers: {
      #"SYSTEM_SYSRULES_httpHeader"(name: "Content-Type", value: "application/json")
    },
    body: #"SYSTEM_SYSRULES_toJson_v1"(
      {
        error: "There was an error starting the process"
      }
    )
  )
)</a:expression>
        <a:urlAlias>a9Ajsg</a:urlAlias>
        <a:httpMethod>POST</a:httpMethod>
        <a:system>false</a:system>
        <a:requestBodyType>NONE</a:requestBodyType>
        <a:loggingEnabled>false</a:loggingEnabled>
    </webApi>
    <roleMap>
        <role name="web_api_administrator">
            <users/>
            <groups>
                <groupUuid>45cbc61c-0474-4c75-8505-796d36d8e26e</groupUuid>
            </groups>
        </role>
        <role name="web_api_viewer">
            <users/>
            <groups>
                <groupUuid>a1a3e2a1-e856-4284-a601-8360e1515230</groupUuid>
            </groups>
        </role>
    </roleMap>
    <typedValue>
        <type>
            <name>WebApiRequest?list</name>
            <namespace>http://www.appian.com/ae/types/2009</namespace>
        </type>
        <value>
            <el>
                <a:path/>
                <a:headers>
                    <a:name>Content-Type</a:name>
                    <a:value>application/json</a:value>
                </a:headers>
                <a:body>{}</a:body>
            </el>
        </value>
    </typedValue>
    <history>
        <historyInfo versionUuid="f0180870-d1a0-4e45-a66a-91ab16bd01c8"/>
    </history>
</webApiHaul>
